-- MariaDB dump 10.19  Distrib 10.4.32-MariaDB, for Win64 (AMD64)
--
-- Host: localhost    Database: fms_db
-- ------------------------------------------------------
-- Server version	10.4.32-MariaDB

/*!40101 SET @OLD_CHARACTER_SET_CLIENT=@@CHARACTER_SET_CLIENT */;
/*!40101 SET @OLD_CHARACTER_SET_RESULTS=@@CHARACTER_SET_RESULTS */;
/*!40101 SET @OLD_COLLATION_CONNECTION=@@COLLATION_CONNECTION */;
/*!40101 SET NAMES utf8mb4 */;
/*!40103 SET @OLD_TIME_ZONE=@@TIME_ZONE */;
/*!40103 SET TIME_ZONE='+00:00' */;
/*!40014 SET @OLD_UNIQUE_CHECKS=@@UNIQUE_CHECKS, UNIQUE_CHECKS=0 */;
/*!40014 SET @OLD_FOREIGN_KEY_CHECKS=@@FOREIGN_KEY_CHECKS, FOREIGN_KEY_CHECKS=0 */;
/*!40101 SET @OLD_SQL_MODE=@@SQL_MODE, SQL_MODE='NO_AUTO_VALUE_ON_ZERO' */;
/*!40111 SET @OLD_SQL_NOTES=@@SQL_NOTES, SQL_NOTES=0 */;

--
-- Table structure for table `achievements`
--

DROP TABLE IF EXISTS `achievements`;
/*!40101 SET @saved_cs_client     = @@character_set_client */;
/*!40101 SET character_set_client = utf8 */;
CREATE TABLE `achievements` (
  `id` int(11) NOT NULL AUTO_INCREMENT,
  `title` text DEFAULT NULL,
  `achieve_date` date DEFAULT NULL,
  `level` text DEFAULT NULL,
  `students` text DEFAULT NULL,
  `description` text DEFAULT NULL,
  `course_id` int(11) DEFAULT NULL,
  `image_url` text DEFAULT NULL,
  `attachments` text DEFAULT NULL,
  `facebook_url` text DEFAULT NULL,
  `created_at` datetime DEFAULT current_timestamp(),
  `updated_at` datetime DEFAULT current_timestamp() ON UPDATE current_timestamp(),
  PRIMARY KEY (`id`),
  KEY `fk_ach_course` (`course_id`),
  CONSTRAINT `fk_ach_course` FOREIGN KEY (`course_id`) REFERENCES `courses` (`id`) ON DELETE SET NULL
) ENGINE=InnoDB AUTO_INCREMENT=6 DEFAULT CHARSET=utf8mb4 COLLATE=utf8mb4_general_ci;
/*!40101 SET character_set_client = @saved_cs_client */;

--
-- Dumping data for table `achievements`
--

LOCK TABLES `achievements` WRITE;
/*!40000 ALTER TABLE `achievements` DISABLE KEYS */;
INSERT INTO `achievements` VALUES (1,'นักศึกษาดีเด่น ประจำปีการศึกษา 2568','2026-03-05','university','นักศึกษา',NULL,NULL,'https://res.cloudinary.com/dm2kfq5en/image/upload/v1774021610/fms-uploads/hv37swypcjczwvraapfe.jpg','https://res.cloudinary.com/dm2kfq5en/image/upload/v1774021610/fms-uploads/hv37swypcjczwvraapfe.jpg','https://www.facebook.com/share/p/1jMudZpRWg/','2026-03-15 15:46:51','2026-03-20 22:46:55'),(2,'การแข่งขัน Thailand Macro Business Simulation 2026','2026-03-07','national','นักศึกษา',NULL,NULL,'https://res.cloudinary.com/dm2kfq5en/image/upload/v1774265492/fms-uploads/duj6ekz7pxkev8pap2re.jpg','https://res.cloudinary.com/dm2kfq5en/image/upload/v1774265492/fms-uploads/duj6ekz7pxkev8pap2re.jpg','https://www.facebook.com/share/p/1BDCmRwbM7/','2026-03-23 18:32:26','2026-03-23 18:32:26'),(3,'รางวัลอาจารย์พี่เลี้ยงอาจารย์ใหม่','2026-03-11','faculty','อาจารย์',NULL,NULL,'https://res.cloudinary.com/dm2kfq5en/image/upload/v1774265663/fms-uploads/swo2sc51e3bh1ow2h3rc.jpg','https://res.cloudinary.com/dm2kfq5en/image/upload/v1774265663/fms-uploads/swo2sc51e3bh1ow2h3rc.jpg','https://www.facebook.com/share/p/1TSga1e6kk/','2026-03-23 18:34:42','2026-03-23 18:34:42');
/*!40000 ALTER TABLE `achievements` ENABLE KEYS */;
UNLOCK TABLES;

--
-- Table structure for table `alignment_mlo_checks`
--

DROP TABLE IF EXISTS `alignment_mlo_checks`;
/*!40101 SET @saved_cs_client     = @@character_set_client */;
/*!40101 SET character_set_client = utf8 */;
CREATE TABLE `alignment_mlo_checks` (
  `alignment_row_id` char(36) NOT NULL,
  `mlo_id` char(36) NOT NULL,
  `checked` tinyint(1) NOT NULL DEFAULT 0,
  PRIMARY KEY (`alignment_row_id`,`mlo_id`),
  KEY `fk_amc_mlo` (`mlo_id`),
  CONSTRAINT `fk_amc_mlo` FOREIGN KEY (`mlo_id`) REFERENCES `mlos` (`id`) ON DELETE CASCADE,
  CONSTRAINT `fk_amc_row` FOREIGN KEY (`alignment_row_id`) REFERENCES `alignment_rows` (`id`) ON DELETE CASCADE
) ENGINE=InnoDB DEFAULT CHARSET=utf8mb4 COLLATE=utf8mb4_general_ci;
/*!40101 SET character_set_client = @saved_cs_client */;

--
-- Dumping data for table `alignment_mlo_checks`
--

LOCK TABLES `alignment_mlo_checks` WRITE;
/*!40000 ALTER TABLE `alignment_mlo_checks` DISABLE KEYS */;
INSERT INTO `alignment_mlo_checks` VALUES ('677d5bf1-273d-11f1-9355-00090ffe0001','4ce1aab0-273d-11f1-9355-00090ffe0001',1),('677d5bf1-273d-11f1-9355-00090ffe0001','4ce20c0d-273d-11f1-9355-00090ffe0001',1),('677d5bf1-273d-11f1-9355-00090ffe0001','4ce28ba3-273d-11f1-9355-00090ffe0001',1),('677d5bf1-273d-11f1-9355-00090ffe0001','4ce3560f-273d-11f1-9355-00090ffe0001',1),('677d5bf1-273d-11f1-9355-00090ffe0001','4ce3dcbb-273d-11f1-9355-00090ffe0001',1),('677d5bf1-273d-11f1-9355-00090ffe0001','4ce41e68-273d-11f1-9355-00090ffe0001',1),('677d5bf1-273d-11f1-9355-00090ffe0001','4ce4ce27-273d-11f1-9355-00090ffe0001',1),('677d5bf1-273d-11f1-9355-00090ffe0001','4ce53e10-273d-11f1-9355-00090ffe0001',1),('677d7f13-273d-11f1-9355-00090ffe0001','4ce1aab0-273d-11f1-9355-00090ffe0001',1),('677d7f13-273d-11f1-9355-00090ffe0001','4ce20c0d-273d-11f1-9355-00090ffe0001',1),('677d7f13-273d-11f1-9355-00090ffe0001','4ce28ba3-273d-11f1-9355-00090ffe0001',1),('677d7f13-273d-11f1-9355-00090ffe0001','4ce3560f-273d-11f1-9355-00090ffe0001',1),('677d7f13-273d-11f1-9355-00090ffe0001','4ce4ce27-273d-11f1-9355-00090ffe0001',1),('677d7f13-273d-11f1-9355-00090ffe0001','4ce53e10-273d-11f1-9355-00090ffe0001',1),('677d7f13-273d-11f1-9355-00090ffe0001','4ce58af3-273d-11f1-9355-00090ffe0001',1),('677da172-273d-11f1-9355-00090ffe0001','4ce20c0d-273d-11f1-9355-00090ffe0001',1),('677da172-273d-11f1-9355-00090ffe0001','4ce28ba3-273d-11f1-9355-00090ffe0001',1),('677da172-273d-11f1-9355-00090ffe0001','4ce3560f-273d-11f1-9355-00090ffe0001',1),('677da172-273d-11f1-9355-00090ffe0001','4ce3dcbb-273d-11f1-9355-00090ffe0001',1),('677da172-273d-11f1-9355-00090ffe0001','4ce53e10-273d-11f1-9355-00090ffe0001',1),('677dbd9a-273d-11f1-9355-00090ffe0001','4cdfb715-273d-11f1-9355-00090ffe0001',1),('677dbd9a-273d-11f1-9355-00090ffe0001','4ce1537c-273d-11f1-9355-00090ffe0001',1),('677dbd9a-273d-11f1-9355-00090ffe0001','4ce1aab0-273d-11f1-9355-00090ffe0001',1),('677dbd9a-273d-11f1-9355-00090ffe0001','4ce20c0d-273d-11f1-9355-00090ffe0001',1),('677dbd9a-273d-11f1-9355-00090ffe0001','4ce28ba3-273d-11f1-9355-00090ffe0001',1),('677dbd9a-273d-11f1-9355-00090ffe0001','4ce3966f-273d-11f1-9355-00090ffe0001',1),('677dbd9a-273d-11f1-9355-00090ffe0001','4ce3dcbb-273d-11f1-9355-00090ffe0001',1),('677dbd9a-273d-11f1-9355-00090ffe0001','4ce41e68-273d-11f1-9355-00090ffe0001',1),('677dbd9a-273d-11f1-9355-00090ffe0001','4ce4ce27-273d-11f1-9355-00090ffe0001',1),('677dbd9a-273d-11f1-9355-00090ffe0001','4ce53e10-273d-11f1-9355-00090ffe0001',1),('677dbd9a-273d-11f1-9355-00090ffe0001','4ce58af3-273d-11f1-9355-00090ffe0001',1),('677ddd86-273d-11f1-9355-00090ffe0001','4ce20c0d-273d-11f1-9355-00090ffe0001',1),('677ddd86-273d-11f1-9355-00090ffe0001','4ce28ba3-273d-11f1-9355-00090ffe0001',1),('677ddd86-273d-11f1-9355-00090ffe0001','4ce3966f-273d-11f1-9355-00090ffe0001',1),('677ddd86-273d-11f1-9355-00090ffe0001','4ce41e68-273d-11f1-9355-00090ffe0001',1),('677ddd86-273d-11f1-9355-00090ffe0001','4ce4ce27-273d-11f1-9355-00090ffe0001',1),('677dfc3c-273d-11f1-9355-00090ffe0001','4cdfb715-273d-11f1-9355-00090ffe0001',1),('677dfc3c-273d-11f1-9355-00090ffe0001','4ce09706-273d-11f1-9355-00090ffe0001',1),('677dfc3c-273d-11f1-9355-00090ffe0001','4ce1537c-273d-11f1-9355-00090ffe0001',1),('677dfc3c-273d-11f1-9355-00090ffe0001','4ce1aab0-273d-11f1-9355-00090ffe0001',1),('677dfc3c-273d-11f1-9355-00090ffe0001','4ce20c0d-273d-11f1-9355-00090ffe0001',1),('677dfc3c-273d-11f1-9355-00090ffe0001','4ce28ba3-273d-11f1-9355-00090ffe0001',1),('677dfc3c-273d-11f1-9355-00090ffe0001','4ce2ec1d-273d-11f1-9355-00090ffe0001',1),('677dfc3c-273d-11f1-9355-00090ffe0001','4ce3560f-273d-11f1-9355-00090ffe0001',1),('677dfc3c-273d-11f1-9355-00090ffe0001','4ce3966f-273d-11f1-9355-00090ffe0001',1),('677dfc3c-273d-11f1-9355-00090ffe0001','4ce3dcbb-273d-11f1-9355-00090ffe0001',1),('677dfc3c-273d-11f1-9355-00090ffe0001','4ce41e68-273d-11f1-9355-00090ffe0001',1),('677dfc3c-273d-11f1-9355-00090ffe0001','4ce4ce27-273d-11f1-9355-00090ffe0001',1),('677dfc3c-273d-11f1-9355-00090ffe0001','4ce53e10-273d-11f1-9355-00090ffe0001',1),('677dfc3c-273d-11f1-9355-00090ffe0001','4ce58af3-273d-11f1-9355-00090ffe0001',1),('677e1ada-273d-11f1-9355-00090ffe0001','4cdfb715-273d-11f1-9355-00090ffe0001',1),('677e1ada-273d-11f1-9355-00090ffe0001','4ce09706-273d-11f1-9355-00090ffe0001',1),('677e1ada-273d-11f1-9355-00090ffe0001','4ce1537c-273d-11f1-9355-00090ffe0001',1),('677e1ada-273d-11f1-9355-00090ffe0001','4ce1aab0-273d-11f1-9355-00090ffe0001',1),('677e1ada-273d-11f1-9355-00090ffe0001','4ce20c0d-273d-11f1-9355-00090ffe0001',1),('677e1ada-273d-11f1-9355-00090ffe0001','4ce28ba3-273d-11f1-9355-00090ffe0001',1),('677e1ada-273d-11f1-9355-00090ffe0001','4ce2ec1d-273d-11f1-9355-00090ffe0001',1),('677e1ada-273d-11f1-9355-00090ffe0001','4ce3560f-273d-11f1-9355-00090ffe0001',1),('677e1ada-273d-11f1-9355-00090ffe0001','4ce3966f-273d-11f1-9355-00090ffe0001',1),('677e1ada-273d-11f1-9355-00090ffe0001','4ce3dcbb-273d-11f1-9355-00090ffe0001',1),('677e1ada-273d-11f1-9355-00090ffe0001','4ce41e68-273d-11f1-9355-00090ffe0001',1),('677e1ada-273d-11f1-9355-00090ffe0001','4ce4ce27-273d-11f1-9355-00090ffe0001',1),('677e1ada-273d-11f1-9355-00090ffe0001','4ce53e10-273d-11f1-9355-00090ffe0001',1),('677e1ada-273d-11f1-9355-00090ffe0001','4ce58af3-273d-11f1-9355-00090ffe0001',1),('677e342a-273d-11f1-9355-00090ffe0001','4cdfb715-273d-11f1-9355-00090ffe0001',1),('677e342a-273d-11f1-9355-00090ffe0001','4ce09706-273d-11f1-9355-00090ffe0001',1),('677e342a-273d-11f1-9355-00090ffe0001','4ce1537c-273d-11f1-9355-00090ffe0001',1),('677e342a-273d-11f1-9355-00090ffe0001','4ce1aab0-273d-11f1-9355-00090ffe0001',1),('677e342a-273d-11f1-9355-00090ffe0001','4ce20c0d-273d-11f1-9355-00090ffe0001',1),('677e342a-273d-11f1-9355-00090ffe0001','4ce28ba3-273d-11f1-9355-00090ffe0001',1),('677e342a-273d-11f1-9355-00090ffe0001','4ce2ec1d-273d-11f1-9355-00090ffe0001',1),('677e342a-273d-11f1-9355-00090ffe0001','4ce3560f-273d-11f1-9355-00090ffe0001',1),('677e342a-273d-11f1-9355-00090ffe0001','4ce3966f-273d-11f1-9355-00090ffe0001',1),('677e342a-273d-11f1-9355-00090ffe0001','4ce3dcbb-273d-11f1-9355-00090ffe0001',1),('677e342a-273d-11f1-9355-00090ffe0001','4ce41e68-273d-11f1-9355-00090ffe0001',1),('677e342a-273d-11f1-9355-00090ffe0001','4ce4ce27-273d-11f1-9355-00090ffe0001',1),('677e342a-273d-11f1-9355-00090ffe0001','4ce53e10-273d-11f1-9355-00090ffe0001',1),('677e342a-273d-11f1-9355-00090ffe0001','4ce58af3-273d-11f1-9355-00090ffe0001',1),('677e4c42-273d-11f1-9355-00090ffe0001','4cdfb715-273d-11f1-9355-00090ffe0001',1),('677e4c42-273d-11f1-9355-00090ffe0001','4ce09706-273d-11f1-9355-00090ffe0001',1),('677e4c42-273d-11f1-9355-00090ffe0001','4ce1537c-273d-11f1-9355-00090ffe0001',1),('677e4c42-273d-11f1-9355-00090ffe0001','4ce1aab0-273d-11f1-9355-00090ffe0001',1),('677e4c42-273d-11f1-9355-00090ffe0001','4ce20c0d-273d-11f1-9355-00090ffe0001',1),('677e4c42-273d-11f1-9355-00090ffe0001','4ce28ba3-273d-11f1-9355-00090ffe0001',1),('677e4c42-273d-11f1-9355-00090ffe0001','4ce2ec1d-273d-11f1-9355-00090ffe0001',1),('677e4c42-273d-11f1-9355-00090ffe0001','4ce3560f-273d-11f1-9355-00090ffe0001',1),('677e4c42-273d-11f1-9355-00090ffe0001','4ce3966f-273d-11f1-9355-00090ffe0001',1),('677e4c42-273d-11f1-9355-00090ffe0001','4ce3dcbb-273d-11f1-9355-00090ffe0001',1),('677e4c42-273d-11f1-9355-00090ffe0001','4ce41e68-273d-11f1-9355-00090ffe0001',1),('677e4c42-273d-11f1-9355-00090ffe0001','4ce4ce27-273d-11f1-9355-00090ffe0001',1),('677e4c42-273d-11f1-9355-00090ffe0001','4ce53e10-273d-11f1-9355-00090ffe0001',1),('677e4c42-273d-11f1-9355-00090ffe0001','4ce58af3-273d-11f1-9355-00090ffe0001',1),('677e66c6-273d-11f1-9355-00090ffe0001','4cdfb715-273d-11f1-9355-00090ffe0001',1),('677e66c6-273d-11f1-9355-00090ffe0001','4ce09706-273d-11f1-9355-00090ffe0001',1),('677e66c6-273d-11f1-9355-00090ffe0001','4ce1537c-273d-11f1-9355-00090ffe0001',1),('677e66c6-273d-11f1-9355-00090ffe0001','4ce1aab0-273d-11f1-9355-00090ffe0001',1),('677e66c6-273d-11f1-9355-00090ffe0001','4ce20c0d-273d-11f1-9355-00090ffe0001',1),('677e66c6-273d-11f1-9355-00090ffe0001','4ce28ba3-273d-11f1-9355-00090ffe0001',1),('677e66c6-273d-11f1-9355-00090ffe0001','4ce2ec1d-273d-11f1-9355-00090ffe0001',1),('677e66c6-273d-11f1-9355-00090ffe0001','4ce3560f-273d-11f1-9355-00090ffe0001',1),('677e66c6-273d-11f1-9355-00090ffe0001','4ce3966f-273d-11f1-9355-00090ffe0001',1),('677e66c6-273d-11f1-9355-00090ffe0001','4ce3dcbb-273d-11f1-9355-00090ffe0001',1),('677e66c6-273d-11f1-9355-00090ffe0001','4ce41e68-273d-11f1-9355-00090ffe0001',1),('677e66c6-273d-11f1-9355-00090ffe0001','4ce4ce27-273d-11f1-9355-00090ffe0001',1),('677e66c6-273d-11f1-9355-00090ffe0001','4ce53e10-273d-11f1-9355-00090ffe0001',1),('677e66c6-273d-11f1-9355-00090ffe0001','4ce58af3-273d-11f1-9355-00090ffe0001',1),('677e8087-273d-11f1-9355-00090ffe0001','4cdfb715-273d-11f1-9355-00090ffe0001',1),('677e8087-273d-11f1-9355-00090ffe0001','4ce09706-273d-11f1-9355-00090ffe0001',1),('677e8087-273d-11f1-9355-00090ffe0001','4ce1537c-273d-11f1-9355-00090ffe0001',1),('677e8087-273d-11f1-9355-00090ffe0001','4ce1aab0-273d-11f1-9355-00090ffe0001',1),('677e8087-273d-11f1-9355-00090ffe0001','4ce20c0d-273d-11f1-9355-00090ffe0001',1),('677e8087-273d-11f1-9355-00090ffe0001','4ce28ba3-273d-11f1-9355-00090ffe0001',1),('677e8087-273d-11f1-9355-00090ffe0001','4ce2ec1d-273d-11f1-9355-00090ffe0001',1),('677e8087-273d-11f1-9355-00090ffe0001','4ce3560f-273d-11f1-9355-00090ffe0001',1),('677e8087-273d-11f1-9355-00090ffe0001','4ce3966f-273d-11f1-9355-00090ffe0001',1),('677e8087-273d-11f1-9355-00090ffe0001','4ce3dcbb-273d-11f1-9355-00090ffe0001',1),('677e8087-273d-11f1-9355-00090ffe0001','4ce41e68-273d-11f1-9355-00090ffe0001',1),('677e8087-273d-11f1-9355-00090ffe0001','4ce4ce27-273d-11f1-9355-00090ffe0001',1),('677e8087-273d-11f1-9355-00090ffe0001','4ce53e10-273d-11f1-9355-00090ffe0001',1),('677e8087-273d-11f1-9355-00090ffe0001','4ce58af3-273d-11f1-9355-00090ffe0001',1),('677e9895-273d-11f1-9355-00090ffe0001','4cdfb715-273d-11f1-9355-00090ffe0001',1),('677e9895-273d-11f1-9355-00090ffe0001','4ce09706-273d-11f1-9355-00090ffe0001',1),('677e9895-273d-11f1-9355-00090ffe0001','4ce1537c-273d-11f1-9355-00090ffe0001',1),('677e9895-273d-11f1-9355-00090ffe0001','4ce1aab0-273d-11f1-9355-00090ffe0001',1),('677e9895-273d-11f1-9355-00090ffe0001','4ce20c0d-273d-11f1-9355-00090ffe0001',1),('677e9895-273d-11f1-9355-00090ffe0001','4ce28ba3-273d-11f1-9355-00090ffe0001',1),('677e9895-273d-11f1-9355-00090ffe0001','4ce2ec1d-273d-11f1-9355-00090ffe0001',1),('677e9895-273d-11f1-9355-00090ffe0001','4ce3560f-273d-11f1-9355-00090ffe0001',1),('677e9895-273d-11f1-9355-00090ffe0001','4ce3966f-273d-11f1-9355-00090ffe0001',1),('677e9895-273d-11f1-9355-00090ffe0001','4ce3dcbb-273d-11f1-9355-00090ffe0001',1),('677e9895-273d-11f1-9355-00090ffe0001','4ce41e68-273d-11f1-9355-00090ffe0001',1),('677e9895-273d-11f1-9355-00090ffe0001','4ce4ce27-273d-11f1-9355-00090ffe0001',1),('677e9895-273d-11f1-9355-00090ffe0001','4ce53e10-273d-11f1-9355-00090ffe0001',1),('677e9895-273d-11f1-9355-00090ffe0001','4ce58af3-273d-11f1-9355-00090ffe0001',1),('677eb0e8-273d-11f1-9355-00090ffe0001','4cdfb715-273d-11f1-9355-00090ffe0001',1),('677eb0e8-273d-11f1-9355-00090ffe0001','4ce09706-273d-11f1-9355-00090ffe0001',1),('677eb0e8-273d-11f1-9355-00090ffe0001','4ce1537c-273d-11f1-9355-00090ffe0001',1),('677eb0e8-273d-11f1-9355-00090ffe0001','4ce1aab0-273d-11f1-9355-00090ffe0001',1),('677eb0e8-273d-11f1-9355-00090ffe0001','4ce20c0d-273d-11f1-9355-00090ffe0001',1),('677eb0e8-273d-11f1-9355-00090ffe0001','4ce28ba3-273d-11f1-9355-00090ffe0001',1),('677eb0e8-273d-11f1-9355-00090ffe0001','4ce2ec1d-273d-11f1-9355-00090ffe0001',1),('677eb0e8-273d-11f1-9355-00090ffe0001','4ce3560f-273d-11f1-9355-00090ffe0001',1),('677eb0e8-273d-11f1-9355-00090ffe0001','4ce3966f-273d-11f1-9355-00090ffe0001',1),('677eb0e8-273d-11f1-9355-00090ffe0001','4ce3dcbb-273d-11f1-9355-00090ffe0001',1),('677eb0e8-273d-11f1-9355-00090ffe0001','4ce41e68-273d-11f1-9355-00090ffe0001',1),('677eb0e8-273d-11f1-9355-00090ffe0001','4ce4ce27-273d-11f1-9355-00090ffe0001',1),('677eb0e8-273d-11f1-9355-00090ffe0001','4ce53e10-273d-11f1-9355-00090ffe0001',1),('677eb0e8-273d-11f1-9355-00090ffe0001','4ce58af3-273d-11f1-9355-00090ffe0001',1),('677ec95e-273d-11f1-9355-00090ffe0001','4cdfb715-273d-11f1-9355-00090ffe0001',1),('677ec95e-273d-11f1-9355-00090ffe0001','4ce09706-273d-11f1-9355-00090ffe0001',1),('677ec95e-273d-11f1-9355-00090ffe0001','4ce1537c-273d-11f1-9355-00090ffe0001',1),('677ec95e-273d-11f1-9355-00090ffe0001','4ce1aab0-273d-11f1-9355-00090ffe0001',1),('677ec95e-273d-11f1-9355-00090ffe0001','4ce20c0d-273d-11f1-9355-00090ffe0001',1),('677ec95e-273d-11f1-9355-00090ffe0001','4ce28ba3-273d-11f1-9355-00090ffe0001',1),('677ec95e-273d-11f1-9355-00090ffe0001','4ce2ec1d-273d-11f1-9355-00090ffe0001',1),('677ec95e-273d-11f1-9355-00090ffe0001','4ce3560f-273d-11f1-9355-00090ffe0001',1),('677ec95e-273d-11f1-9355-00090ffe0001','4ce3966f-273d-11f1-9355-00090ffe0001',1),('677ec95e-273d-11f1-9355-00090ffe0001','4ce3dcbb-273d-11f1-9355-00090ffe0001',1),('677ec95e-273d-11f1-9355-00090ffe0001','4ce41e68-273d-11f1-9355-00090ffe0001',1),('677ec95e-273d-11f1-9355-00090ffe0001','4ce4ce27-273d-11f1-9355-00090ffe0001',1),('677ec95e-273d-11f1-9355-00090ffe0001','4ce53e10-273d-11f1-9355-00090ffe0001',1),('677ec95e-273d-11f1-9355-00090ffe0001','4ce58af3-273d-11f1-9355-00090ffe0001',1),('677edff7-273d-11f1-9355-00090ffe0001','4cdfb715-273d-11f1-9355-00090ffe0001',1),('677edff7-273d-11f1-9355-00090ffe0001','4ce09706-273d-11f1-9355-00090ffe0001',1),('677edff7-273d-11f1-9355-00090ffe0001','4ce1537c-273d-11f1-9355-00090ffe0001',1),('677edff7-273d-11f1-9355-00090ffe0001','4ce1aab0-273d-11f1-9355-00090ffe0001',1),('677edff7-273d-11f1-9355-00090ffe0001','4ce20c0d-273d-11f1-9355-00090ffe0001',1),('677edff7-273d-11f1-9355-00090ffe0001','4ce28ba3-273d-11f1-9355-00090ffe0001',1),('677edff7-273d-11f1-9355-00090ffe0001','4ce2ec1d-273d-11f1-9355-00090ffe0001',1),('677edff7-273d-11f1-9355-00090ffe0001','4ce3560f-273d-11f1-9355-00090ffe0001',1),('677edff7-273d-11f1-9355-00090ffe0001','4ce3966f-273d-11f1-9355-00090ffe0001',1),('677edff7-273d-11f1-9355-00090ffe0001','4ce3dcbb-273d-11f1-9355-00090ffe0001',1),('677edff7-273d-11f1-9355-00090ffe0001','4ce41e68-273d-11f1-9355-00090ffe0001',1),('677edff7-273d-11f1-9355-00090ffe0001','4ce4ce27-273d-11f1-9355-00090ffe0001',1),('677edff7-273d-11f1-9355-00090ffe0001','4ce53e10-273d-11f1-9355-00090ffe0001',1),('677edff7-273d-11f1-9355-00090ffe0001','4ce58af3-273d-11f1-9355-00090ffe0001',1),('677ef7cc-273d-11f1-9355-00090ffe0001','4cdfb715-273d-11f1-9355-00090ffe0001',1),('677ef7cc-273d-11f1-9355-00090ffe0001','4ce09706-273d-11f1-9355-00090ffe0001',1),('677ef7cc-273d-11f1-9355-00090ffe0001','4ce1537c-273d-11f1-9355-00090ffe0001',1),('677ef7cc-273d-11f1-9355-00090ffe0001','4ce1aab0-273d-11f1-9355-00090ffe0001',1),('677ef7cc-273d-11f1-9355-00090ffe0001','4ce20c0d-273d-11f1-9355-00090ffe0001',1),('677ef7cc-273d-11f1-9355-00090ffe0001','4ce28ba3-273d-11f1-9355-00090ffe0001',1),('677ef7cc-273d-11f1-9355-00090ffe0001','4ce2ec1d-273d-11f1-9355-00090ffe0001',1),('677ef7cc-273d-11f1-9355-00090ffe0001','4ce3560f-273d-11f1-9355-00090ffe0001',1),('677ef7cc-273d-11f1-9355-00090ffe0001','4ce3966f-273d-11f1-9355-00090ffe0001',1),('677ef7cc-273d-11f1-9355-00090ffe0001','4ce3dcbb-273d-11f1-9355-00090ffe0001',1),('677ef7cc-273d-11f1-9355-00090ffe0001','4ce41e68-273d-11f1-9355-00090ffe0001',1),('677ef7cc-273d-11f1-9355-00090ffe0001','4ce4ce27-273d-11f1-9355-00090ffe0001',1),('677ef7cc-273d-11f1-9355-00090ffe0001','4ce53e10-273d-11f1-9355-00090ffe0001',1),('677ef7cc-273d-11f1-9355-00090ffe0001','4ce58af3-273d-11f1-9355-00090ffe0001',1),('677f0f93-273d-11f1-9355-00090ffe0001','4cdfb715-273d-11f1-9355-00090ffe0001',1),('677f0f93-273d-11f1-9355-00090ffe0001','4ce09706-273d-11f1-9355-00090ffe0001',1),('677f0f93-273d-11f1-9355-00090ffe0001','4ce1537c-273d-11f1-9355-00090ffe0001',1),('677f0f93-273d-11f1-9355-00090ffe0001','4ce1aab0-273d-11f1-9355-00090ffe0001',1),('677f0f93-273d-11f1-9355-00090ffe0001','4ce20c0d-273d-11f1-9355-00090ffe0001',1),('677f0f93-273d-11f1-9355-00090ffe0001','4ce28ba3-273d-11f1-9355-00090ffe0001',1),('677f0f93-273d-11f1-9355-00090ffe0001','4ce2ec1d-273d-11f1-9355-00090ffe0001',1),('677f0f93-273d-11f1-9355-00090ffe0001','4ce3560f-273d-11f1-9355-00090ffe0001',1),('677f0f93-273d-11f1-9355-00090ffe0001','4ce3966f-273d-11f1-9355-00090ffe0001',1),('677f0f93-273d-11f1-9355-00090ffe0001','4ce3dcbb-273d-11f1-9355-00090ffe0001',1),('677f0f93-273d-11f1-9355-00090ffe0001','4ce41e68-273d-11f1-9355-00090ffe0001',1),('677f0f93-273d-11f1-9355-00090ffe0001','4ce4ce27-273d-11f1-9355-00090ffe0001',1),('677f0f93-273d-11f1-9355-00090ffe0001','4ce53e10-273d-11f1-9355-00090ffe0001',1),('677f0f93-273d-11f1-9355-00090ffe0001','4ce58af3-273d-11f1-9355-00090ffe0001',1),('677f2c7d-273d-11f1-9355-00090ffe0001','4cdfb715-273d-11f1-9355-00090ffe0001',1),('677f2c7d-273d-11f1-9355-00090ffe0001','4ce09706-273d-11f1-9355-00090ffe0001',1),('677f2c7d-273d-11f1-9355-00090ffe0001','4ce1537c-273d-11f1-9355-00090ffe0001',1),('677f2c7d-273d-11f1-9355-00090ffe0001','4ce1aab0-273d-11f1-9355-00090ffe0001',1),('677f2c7d-273d-11f1-9355-00090ffe0001','4ce20c0d-273d-11f1-9355-00090ffe0001',1),('677f2c7d-273d-11f1-9355-00090ffe0001','4ce28ba3-273d-11f1-9355-00090ffe0001',1),('677f2c7d-273d-11f1-9355-00090ffe0001','4ce2ec1d-273d-11f1-9355-00090ffe0001',1),('677f2c7d-273d-11f1-9355-00090ffe0001','4ce3560f-273d-11f1-9355-00090ffe0001',1),('677f2c7d-273d-11f1-9355-00090ffe0001','4ce3966f-273d-11f1-9355-00090ffe0001',1),('677f2c7d-273d-11f1-9355-00090ffe0001','4ce3dcbb-273d-11f1-9355-00090ffe0001',1),('677f2c7d-273d-11f1-9355-00090ffe0001','4ce41e68-273d-11f1-9355-00090ffe0001',1),('677f2c7d-273d-11f1-9355-00090ffe0001','4ce4ce27-273d-11f1-9355-00090ffe0001',1),('677f2c7d-273d-11f1-9355-00090ffe0001','4ce53e10-273d-11f1-9355-00090ffe0001',1),('677f2c7d-273d-11f1-9355-00090ffe0001','4ce58af3-273d-11f1-9355-00090ffe0001',1),('6780021f-273d-11f1-9355-00090ffe0001','4cdfb715-273d-11f1-9355-00090ffe0001',1),('6780021f-273d-11f1-9355-00090ffe0001','4ce09706-273d-11f1-9355-00090ffe0001',1),('6780021f-273d-11f1-9355-00090ffe0001','4ce1537c-273d-11f1-9355-00090ffe0001',1),('6780021f-273d-11f1-9355-00090ffe0001','4ce1aab0-273d-11f1-9355-00090ffe0001',1),('6780021f-273d-11f1-9355-00090ffe0001','4ce20c0d-273d-11f1-9355-00090ffe0001',1),('6780021f-273d-11f1-9355-00090ffe0001','4ce28ba3-273d-11f1-9355-00090ffe0001',1),('6780021f-273d-11f1-9355-00090ffe0001','4ce2ec1d-273d-11f1-9355-00090ffe0001',1),('6780021f-273d-11f1-9355-00090ffe0001','4ce3560f-273d-11f1-9355-00090ffe0001',1),('6780021f-273d-11f1-9355-00090ffe0001','4ce3966f-273d-11f1-9355-00090ffe0001',1),('6780021f-273d-11f1-9355-00090ffe0001','4ce3dcbb-273d-11f1-9355-00090ffe0001',1),('6780021f-273d-11f1-9355-00090ffe0001','4ce41e68-273d-11f1-9355-00090ffe0001',1),('6780021f-273d-11f1-9355-00090ffe0001','4ce4ce27-273d-11f1-9355-00090ffe0001',1),('6780021f-273d-11f1-9355-00090ffe0001','4ce53e10-273d-11f1-9355-00090ffe0001',1),('6780021f-273d-11f1-9355-00090ffe0001','4ce58af3-273d-11f1-9355-00090ffe0001',1),('67801aee-273d-11f1-9355-00090ffe0001','4cdfb715-273d-11f1-9355-00090ffe0001',1),('67801aee-273d-11f1-9355-00090ffe0001','4ce09706-273d-11f1-9355-00090ffe0001',1),('67801aee-273d-11f1-9355-00090ffe0001','4ce1537c-273d-11f1-9355-00090ffe0001',1),('67801aee-273d-11f1-9355-00090ffe0001','4ce1aab0-273d-11f1-9355-00090ffe0001',1),('67801aee-273d-11f1-9355-00090ffe0001','4ce20c0d-273d-11f1-9355-00090ffe0001',1),('67801aee-273d-11f1-9355-00090ffe0001','4ce28ba3-273d-11f1-9355-00090ffe0001',1),('67801aee-273d-11f1-9355-00090ffe0001','4ce2ec1d-273d-11f1-9355-00090ffe0001',1),('67801aee-273d-11f1-9355-00090ffe0001','4ce3560f-273d-11f1-9355-00090ffe0001',1),('67801aee-273d-11f1-9355-00090ffe0001','4ce3966f-273d-11f1-9355-00090ffe0001',1),('67801aee-273d-11f1-9355-00090ffe0001','4ce3dcbb-273d-11f1-9355-00090ffe0001',1),('67801aee-273d-11f1-9355-00090ffe0001','4ce41e68-273d-11f1-9355-00090ffe0001',1),('67801aee-273d-11f1-9355-00090ffe0001','4ce4ce27-273d-11f1-9355-00090ffe0001',1),('67801aee-273d-11f1-9355-00090ffe0001','4ce53e10-273d-11f1-9355-00090ffe0001',1),('67801aee-273d-11f1-9355-00090ffe0001','4ce58af3-273d-11f1-9355-00090ffe0001',1),('678032af-273d-11f1-9355-00090ffe0001','4cdfb715-273d-11f1-9355-00090ffe0001',1),('678032af-273d-11f1-9355-00090ffe0001','4ce09706-273d-11f1-9355-00090ffe0001',1),('678032af-273d-11f1-9355-00090ffe0001','4ce1537c-273d-11f1-9355-00090ffe0001',1),('678032af-273d-11f1-9355-00090ffe0001','4ce1aab0-273d-11f1-9355-00090ffe0001',1),('678032af-273d-11f1-9355-00090ffe0001','4ce20c0d-273d-11f1-9355-00090ffe0001',1),('678032af-273d-11f1-9355-00090ffe0001','4ce28ba3-273d-11f1-9355-00090ffe0001',1),('678032af-273d-11f1-9355-00090ffe0001','4ce2ec1d-273d-11f1-9355-00090ffe0001',1),('678032af-273d-11f1-9355-00090ffe0001','4ce3560f-273d-11f1-9355-00090ffe0001',1),('678032af-273d-11f1-9355-00090ffe0001','4ce3966f-273d-11f1-9355-00090ffe0001',1),('678032af-273d-11f1-9355-00090ffe0001','4ce3dcbb-273d-11f1-9355-00090ffe0001',1),('678032af-273d-11f1-9355-00090ffe0001','4ce41e68-273d-11f1-9355-00090ffe0001',1),('678032af-273d-11f1-9355-00090ffe0001','4ce4ce27-273d-11f1-9355-00090ffe0001',1),('678032af-273d-11f1-9355-00090ffe0001','4ce53e10-273d-11f1-9355-00090ffe0001',1),('678032af-273d-11f1-9355-00090ffe0001','4ce58af3-273d-11f1-9355-00090ffe0001',1),('67804a3f-273d-11f1-9355-00090ffe0001','4cdfb715-273d-11f1-9355-00090ffe0001',1),('67804a3f-273d-11f1-9355-00090ffe0001','4ce09706-273d-11f1-9355-00090ffe0001',1),('67804a3f-273d-11f1-9355-00090ffe0001','4ce1537c-273d-11f1-9355-00090ffe0001',1),('67804a3f-273d-11f1-9355-00090ffe0001','4ce1aab0-273d-11f1-9355-00090ffe0001',1),('67804a3f-273d-11f1-9355-00090ffe0001','4ce20c0d-273d-11f1-9355-00090ffe0001',1),('67804a3f-273d-11f1-9355-00090ffe0001','4ce28ba3-273d-11f1-9355-00090ffe0001',1),('67804a3f-273d-11f1-9355-00090ffe0001','4ce2ec1d-273d-11f1-9355-00090ffe0001',1),('67804a3f-273d-11f1-9355-00090ffe0001','4ce3560f-273d-11f1-9355-00090ffe0001',1),('67804a3f-273d-11f1-9355-00090ffe0001','4ce3966f-273d-11f1-9355-00090ffe0001',1),('67804a3f-273d-11f1-9355-00090ffe0001','4ce3dcbb-273d-11f1-9355-00090ffe0001',1),('67804a3f-273d-11f1-9355-00090ffe0001','4ce41e68-273d-11f1-9355-00090ffe0001',1),('67804a3f-273d-11f1-9355-00090ffe0001','4ce4ce27-273d-11f1-9355-00090ffe0001',1),('67804a3f-273d-11f1-9355-00090ffe0001','4ce53e10-273d-11f1-9355-00090ffe0001',1),('67804a3f-273d-11f1-9355-00090ffe0001','4ce58af3-273d-11f1-9355-00090ffe0001',1),('6780620a-273d-11f1-9355-00090ffe0001','4cdfb715-273d-11f1-9355-00090ffe0001',1),('6780620a-273d-11f1-9355-00090ffe0001','4ce09706-273d-11f1-9355-00090ffe0001',1),('6780620a-273d-11f1-9355-00090ffe0001','4ce1537c-273d-11f1-9355-00090ffe0001',1),('6780620a-273d-11f1-9355-00090ffe0001','4ce1aab0-273d-11f1-9355-00090ffe0001',1),('6780620a-273d-11f1-9355-00090ffe0001','4ce20c0d-273d-11f1-9355-00090ffe0001',1),('6780620a-273d-11f1-9355-00090ffe0001','4ce28ba3-273d-11f1-9355-00090ffe0001',1),('6780620a-273d-11f1-9355-00090ffe0001','4ce2ec1d-273d-11f1-9355-00090ffe0001',1),('6780620a-273d-11f1-9355-00090ffe0001','4ce3560f-273d-11f1-9355-00090ffe0001',1),('6780620a-273d-11f1-9355-00090ffe0001','4ce3966f-273d-11f1-9355-00090ffe0001',1),('6780620a-273d-11f1-9355-00090ffe0001','4ce3dcbb-273d-11f1-9355-00090ffe0001',1),('6780620a-273d-11f1-9355-00090ffe0001','4ce41e68-273d-11f1-9355-00090ffe0001',1),('6780620a-273d-11f1-9355-00090ffe0001','4ce4ce27-273d-11f1-9355-00090ffe0001',1),('6780620a-273d-11f1-9355-00090ffe0001','4ce53e10-273d-11f1-9355-00090ffe0001',1),('6780620a-273d-11f1-9355-00090ffe0001','4ce58af3-273d-11f1-9355-00090ffe0001',1),('6780798f-273d-11f1-9355-00090ffe0001','4cdfb715-273d-11f1-9355-00090ffe0001',1),('6780798f-273d-11f1-9355-00090ffe0001','4ce09706-273d-11f1-9355-00090ffe0001',1),('6780798f-273d-11f1-9355-00090ffe0001','4ce1537c-273d-11f1-9355-00090ffe0001',1),('6780798f-273d-11f1-9355-00090ffe0001','4ce1aab0-273d-11f1-9355-00090ffe0001',1),('6780798f-273d-11f1-9355-00090ffe0001','4ce20c0d-273d-11f1-9355-00090ffe0001',1),('6780798f-273d-11f1-9355-00090ffe0001','4ce28ba3-273d-11f1-9355-00090ffe0001',1),('6780798f-273d-11f1-9355-00090ffe0001','4ce2ec1d-273d-11f1-9355-00090ffe0001',1),('6780798f-273d-11f1-9355-00090ffe0001','4ce3560f-273d-11f1-9355-00090ffe0001',1),('6780798f-273d-11f1-9355-00090ffe0001','4ce3966f-273d-11f1-9355-00090ffe0001',1),('6780798f-273d-11f1-9355-00090ffe0001','4ce3dcbb-273d-11f1-9355-00090ffe0001',1),('6780798f-273d-11f1-9355-00090ffe0001','4ce41e68-273d-11f1-9355-00090ffe0001',1),('6780798f-273d-11f1-9355-00090ffe0001','4ce4ce27-273d-11f1-9355-00090ffe0001',1),('6780798f-273d-11f1-9355-00090ffe0001','4ce53e10-273d-11f1-9355-00090ffe0001',1),('6780798f-273d-11f1-9355-00090ffe0001','4ce58af3-273d-11f1-9355-00090ffe0001',1),('678090d8-273d-11f1-9355-00090ffe0001','4cdfb715-273d-11f1-9355-00090ffe0001',1),('678090d8-273d-11f1-9355-00090ffe0001','4ce09706-273d-11f1-9355-00090ffe0001',1),('678090d8-273d-11f1-9355-00090ffe0001','4ce1537c-273d-11f1-9355-00090ffe0001',1),('678090d8-273d-11f1-9355-00090ffe0001','4ce1aab0-273d-11f1-9355-00090ffe0001',1),('678090d8-273d-11f1-9355-00090ffe0001','4ce20c0d-273d-11f1-9355-00090ffe0001',1),('678090d8-273d-11f1-9355-00090ffe0001','4ce28ba3-273d-11f1-9355-00090ffe0001',1),('678090d8-273d-11f1-9355-00090ffe0001','4ce2ec1d-273d-11f1-9355-00090ffe0001',1),('678090d8-273d-11f1-9355-00090ffe0001','4ce3560f-273d-11f1-9355-00090ffe0001',1),('678090d8-273d-11f1-9355-00090ffe0001','4ce3966f-273d-11f1-9355-00090ffe0001',1),('678090d8-273d-11f1-9355-00090ffe0001','4ce3dcbb-273d-11f1-9355-00090ffe0001',1),('678090d8-273d-11f1-9355-00090ffe0001','4ce41e68-273d-11f1-9355-00090ffe0001',1),('678090d8-273d-11f1-9355-00090ffe0001','4ce4ce27-273d-11f1-9355-00090ffe0001',1),('678090d8-273d-11f1-9355-00090ffe0001','4ce53e10-273d-11f1-9355-00090ffe0001',1),('678090d8-273d-11f1-9355-00090ffe0001','4ce58af3-273d-11f1-9355-00090ffe0001',1),('6780a891-273d-11f1-9355-00090ffe0001','4cdfb715-273d-11f1-9355-00090ffe0001',1),('6780a891-273d-11f1-9355-00090ffe0001','4ce09706-273d-11f1-9355-00090ffe0001',1),('6780a891-273d-11f1-9355-00090ffe0001','4ce1537c-273d-11f1-9355-00090ffe0001',1),('6780a891-273d-11f1-9355-00090ffe0001','4ce1aab0-273d-11f1-9355-00090ffe0001',1),('6780a891-273d-11f1-9355-00090ffe0001','4ce20c0d-273d-11f1-9355-00090ffe0001',1),('6780a891-273d-11f1-9355-00090ffe0001','4ce28ba3-273d-11f1-9355-00090ffe0001',1),('6780a891-273d-11f1-9355-00090ffe0001','4ce2ec1d-273d-11f1-9355-00090ffe0001',1),('6780a891-273d-11f1-9355-00090ffe0001','4ce3560f-273d-11f1-9355-00090ffe0001',1),('6780a891-273d-11f1-9355-00090ffe0001','4ce3966f-273d-11f1-9355-00090ffe0001',1),('6780a891-273d-11f1-9355-00090ffe0001','4ce3dcbb-273d-11f1-9355-00090ffe0001',1),('6780a891-273d-11f1-9355-00090ffe0001','4ce41e68-273d-11f1-9355-00090ffe0001',1),('6780a891-273d-11f1-9355-00090ffe0001','4ce4ce27-273d-11f1-9355-00090ffe0001',1),('6780a891-273d-11f1-9355-00090ffe0001','4ce53e10-273d-11f1-9355-00090ffe0001',1),('6780a891-273d-11f1-9355-00090ffe0001','4ce58af3-273d-11f1-9355-00090ffe0001',1),('6780bf9f-273d-11f1-9355-00090ffe0001','4cdfb715-273d-11f1-9355-00090ffe0001',1),('6780bf9f-273d-11f1-9355-00090ffe0001','4ce09706-273d-11f1-9355-00090ffe0001',1),('6780bf9f-273d-11f1-9355-00090ffe0001','4ce1537c-273d-11f1-9355-00090ffe0001',1),('6780bf9f-273d-11f1-9355-00090ffe0001','4ce1aab0-273d-11f1-9355-00090ffe0001',1),('6780bf9f-273d-11f1-9355-00090ffe0001','4ce20c0d-273d-11f1-9355-00090ffe0001',1),('6780bf9f-273d-11f1-9355-00090ffe0001','4ce28ba3-273d-11f1-9355-00090ffe0001',1),('6780bf9f-273d-11f1-9355-00090ffe0001','4ce2ec1d-273d-11f1-9355-00090ffe0001',1),('6780bf9f-273d-11f1-9355-00090ffe0001','4ce3560f-273d-11f1-9355-00090ffe0001',1),('6780bf9f-273d-11f1-9355-00090ffe0001','4ce3966f-273d-11f1-9355-00090ffe0001',1),('6780bf9f-273d-11f1-9355-00090ffe0001','4ce3dcbb-273d-11f1-9355-00090ffe0001',1),('6780bf9f-273d-11f1-9355-00090ffe0001','4ce41e68-273d-11f1-9355-00090ffe0001',1),('6780bf9f-273d-11f1-9355-00090ffe0001','4ce4ce27-273d-11f1-9355-00090ffe0001',1),('6780bf9f-273d-11f1-9355-00090ffe0001','4ce53e10-273d-11f1-9355-00090ffe0001',1),('6780bf9f-273d-11f1-9355-00090ffe0001','4ce58af3-273d-11f1-9355-00090ffe0001',1),('6780d6c8-273d-11f1-9355-00090ffe0001','4cdfb715-273d-11f1-9355-00090ffe0001',1),('6780d6c8-273d-11f1-9355-00090ffe0001','4ce09706-273d-11f1-9355-00090ffe0001',1),('6780d6c8-273d-11f1-9355-00090ffe0001','4ce1537c-273d-11f1-9355-00090ffe0001',1),('6780d6c8-273d-11f1-9355-00090ffe0001','4ce1aab0-273d-11f1-9355-00090ffe0001',1),('6780d6c8-273d-11f1-9355-00090ffe0001','4ce20c0d-273d-11f1-9355-00090ffe0001',1),('6780d6c8-273d-11f1-9355-00090ffe0001','4ce28ba3-273d-11f1-9355-00090ffe0001',1),('6780d6c8-273d-11f1-9355-00090ffe0001','4ce2ec1d-273d-11f1-9355-00090ffe0001',1),('6780d6c8-273d-11f1-9355-00090ffe0001','4ce3560f-273d-11f1-9355-00090ffe0001',1),('6780d6c8-273d-11f1-9355-00090ffe0001','4ce3966f-273d-11f1-9355-00090ffe0001',1),('6780d6c8-273d-11f1-9355-00090ffe0001','4ce3dcbb-273d-11f1-9355-00090ffe0001',1),('6780d6c8-273d-11f1-9355-00090ffe0001','4ce41e68-273d-11f1-9355-00090ffe0001',1),('6780d6c8-273d-11f1-9355-00090ffe0001','4ce4ce27-273d-11f1-9355-00090ffe0001',1),('6780d6c8-273d-11f1-9355-00090ffe0001','4ce53e10-273d-11f1-9355-00090ffe0001',1),('6780d6c8-273d-11f1-9355-00090ffe0001','4ce58af3-273d-11f1-9355-00090ffe0001',1),('6780ee10-273d-11f1-9355-00090ffe0001','4cdfb715-273d-11f1-9355-00090ffe0001',1),('6780ee10-273d-11f1-9355-00090ffe0001','4ce09706-273d-11f1-9355-00090ffe0001',1),('6780ee10-273d-11f1-9355-00090ffe0001','4ce1537c-273d-11f1-9355-00090ffe0001',1),('6780ee10-273d-11f1-9355-00090ffe0001','4ce1aab0-273d-11f1-9355-00090ffe0001',1),('6780ee10-273d-11f1-9355-00090ffe0001','4ce20c0d-273d-11f1-9355-00090ffe0001',1),('6780ee10-273d-11f1-9355-00090ffe0001','4ce28ba3-273d-11f1-9355-00090ffe0001',1),('6780ee10-273d-11f1-9355-00090ffe0001','4ce2ec1d-273d-11f1-9355-00090ffe0001',1),('6780ee10-273d-11f1-9355-00090ffe0001','4ce3560f-273d-11f1-9355-00090ffe0001',1),('6780ee10-273d-11f1-9355-00090ffe0001','4ce3966f-273d-11f1-9355-00090ffe0001',1),('6780ee10-273d-11f1-9355-00090ffe0001','4ce3dcbb-273d-11f1-9355-00090ffe0001',1),('6780ee10-273d-11f1-9355-00090ffe0001','4ce41e68-273d-11f1-9355-00090ffe0001',1),('6780ee10-273d-11f1-9355-00090ffe0001','4ce4ce27-273d-11f1-9355-00090ffe0001',1),('6780ee10-273d-11f1-9355-00090ffe0001','4ce53e10-273d-11f1-9355-00090ffe0001',1),('6780ee10-273d-11f1-9355-00090ffe0001','4ce58af3-273d-11f1-9355-00090ffe0001',1),('6781050b-273d-11f1-9355-00090ffe0001','4cdfb715-273d-11f1-9355-00090ffe0001',1),('6781050b-273d-11f1-9355-00090ffe0001','4ce09706-273d-11f1-9355-00090ffe0001',1),('6781050b-273d-11f1-9355-00090ffe0001','4ce1537c-273d-11f1-9355-00090ffe0001',1),('6781050b-273d-11f1-9355-00090ffe0001','4ce1aab0-273d-11f1-9355-00090ffe0001',1),('6781050b-273d-11f1-9355-00090ffe0001','4ce20c0d-273d-11f1-9355-00090ffe0001',1),('6781050b-273d-11f1-9355-00090ffe0001','4ce28ba3-273d-11f1-9355-00090ffe0001',1),('6781050b-273d-11f1-9355-00090ffe0001','4ce2ec1d-273d-11f1-9355-00090ffe0001',1),('6781050b-273d-11f1-9355-00090ffe0001','4ce3560f-273d-11f1-9355-00090ffe0001',1),('6781050b-273d-11f1-9355-00090ffe0001','4ce3966f-273d-11f1-9355-00090ffe0001',1),('6781050b-273d-11f1-9355-00090ffe0001','4ce3dcbb-273d-11f1-9355-00090ffe0001',1),('6781050b-273d-11f1-9355-00090ffe0001','4ce41e68-273d-11f1-9355-00090ffe0001',1),('6781050b-273d-11f1-9355-00090ffe0001','4ce4ce27-273d-11f1-9355-00090ffe0001',1),('6781050b-273d-11f1-9355-00090ffe0001','4ce53e10-273d-11f1-9355-00090ffe0001',1),('6781050b-273d-11f1-9355-00090ffe0001','4ce58af3-273d-11f1-9355-00090ffe0001',1),('67811d4c-273d-11f1-9355-00090ffe0001','4cdfb715-273d-11f1-9355-00090ffe0001',1),('67811d4c-273d-11f1-9355-00090ffe0001','4ce09706-273d-11f1-9355-00090ffe0001',1),('67811d4c-273d-11f1-9355-00090ffe0001','4ce1537c-273d-11f1-9355-00090ffe0001',1),('67811d4c-273d-11f1-9355-00090ffe0001','4ce1aab0-273d-11f1-9355-00090ffe0001',1),('67811d4c-273d-11f1-9355-00090ffe0001','4ce20c0d-273d-11f1-9355-00090ffe0001',1),('67811d4c-273d-11f1-9355-00090ffe0001','4ce28ba3-273d-11f1-9355-00090ffe0001',1),('67811d4c-273d-11f1-9355-00090ffe0001','4ce2ec1d-273d-11f1-9355-00090ffe0001',1),('67811d4c-273d-11f1-9355-00090ffe0001','4ce3560f-273d-11f1-9355-00090ffe0001',1),('67811d4c-273d-11f1-9355-00090ffe0001','4ce3966f-273d-11f1-9355-00090ffe0001',1),('67811d4c-273d-11f1-9355-00090ffe0001','4ce3dcbb-273d-11f1-9355-00090ffe0001',1),('67811d4c-273d-11f1-9355-00090ffe0001','4ce41e68-273d-11f1-9355-00090ffe0001',1),('67811d4c-273d-11f1-9355-00090ffe0001','4ce4ce27-273d-11f1-9355-00090ffe0001',1),('67811d4c-273d-11f1-9355-00090ffe0001','4ce53e10-273d-11f1-9355-00090ffe0001',1),('67811d4c-273d-11f1-9355-00090ffe0001','4ce58af3-273d-11f1-9355-00090ffe0001',1),('67813481-273d-11f1-9355-00090ffe0001','4cdfb715-273d-11f1-9355-00090ffe0001',1),('67813481-273d-11f1-9355-00090ffe0001','4ce09706-273d-11f1-9355-00090ffe0001',1),('67813481-273d-11f1-9355-00090ffe0001','4ce1537c-273d-11f1-9355-00090ffe0001',1),('67813481-273d-11f1-9355-00090ffe0001','4ce1aab0-273d-11f1-9355-00090ffe0001',1),('67813481-273d-11f1-9355-00090ffe0001','4ce20c0d-273d-11f1-9355-00090ffe0001',1),('67813481-273d-11f1-9355-00090ffe0001','4ce28ba3-273d-11f1-9355-00090ffe0001',1),('67813481-273d-11f1-9355-00090ffe0001','4ce2ec1d-273d-11f1-9355-00090ffe0001',1),('67813481-273d-11f1-9355-00090ffe0001','4ce3560f-273d-11f1-9355-00090ffe0001',1),('67813481-273d-11f1-9355-00090ffe0001','4ce3966f-273d-11f1-9355-00090ffe0001',1),('67813481-273d-11f1-9355-00090ffe0001','4ce3dcbb-273d-11f1-9355-00090ffe0001',1),('67813481-273d-11f1-9355-00090ffe0001','4ce41e68-273d-11f1-9355-00090ffe0001',1),('67813481-273d-11f1-9355-00090ffe0001','4ce4ce27-273d-11f1-9355-00090ffe0001',1),('67813481-273d-11f1-9355-00090ffe0001','4ce53e10-273d-11f1-9355-00090ffe0001',1),('67813481-273d-11f1-9355-00090ffe0001','4ce58af3-273d-11f1-9355-00090ffe0001',1),('67814bec-273d-11f1-9355-00090ffe0001','4cdfb715-273d-11f1-9355-00090ffe0001',1),('67814bec-273d-11f1-9355-00090ffe0001','4ce09706-273d-11f1-9355-00090ffe0001',1),('67814bec-273d-11f1-9355-00090ffe0001','4ce1537c-273d-11f1-9355-00090ffe0001',1),('67814bec-273d-11f1-9355-00090ffe0001','4ce1aab0-273d-11f1-9355-00090ffe0001',1),('67814bec-273d-11f1-9355-00090ffe0001','4ce20c0d-273d-11f1-9355-00090ffe0001',1),('67814bec-273d-11f1-9355-00090ffe0001','4ce28ba3-273d-11f1-9355-00090ffe0001',1),('67814bec-273d-11f1-9355-00090ffe0001','4ce2ec1d-273d-11f1-9355-00090ffe0001',1),('67814bec-273d-11f1-9355-00090ffe0001','4ce3560f-273d-11f1-9355-00090ffe0001',1),('67814bec-273d-11f1-9355-00090ffe0001','4ce3966f-273d-11f1-9355-00090ffe0001',1),('67814bec-273d-11f1-9355-00090ffe0001','4ce3dcbb-273d-11f1-9355-00090ffe0001',1),('67814bec-273d-11f1-9355-00090ffe0001','4ce41e68-273d-11f1-9355-00090ffe0001',1),('67814bec-273d-11f1-9355-00090ffe0001','4ce4ce27-273d-11f1-9355-00090ffe0001',1),('67814bec-273d-11f1-9355-00090ffe0001','4ce53e10-273d-11f1-9355-00090ffe0001',1),('67814bec-273d-11f1-9355-00090ffe0001','4ce58af3-273d-11f1-9355-00090ffe0001',1),('678168cf-273d-11f1-9355-00090ffe0001','4cdfb715-273d-11f1-9355-00090ffe0001',1),('678168cf-273d-11f1-9355-00090ffe0001','4ce09706-273d-11f1-9355-00090ffe0001',1),('678168cf-273d-11f1-9355-00090ffe0001','4ce1537c-273d-11f1-9355-00090ffe0001',1),('678168cf-273d-11f1-9355-00090ffe0001','4ce1aab0-273d-11f1-9355-00090ffe0001',1),('678168cf-273d-11f1-9355-00090ffe0001','4ce20c0d-273d-11f1-9355-00090ffe0001',1),('678168cf-273d-11f1-9355-00090ffe0001','4ce28ba3-273d-11f1-9355-00090ffe0001',1),('678168cf-273d-11f1-9355-00090ffe0001','4ce2ec1d-273d-11f1-9355-00090ffe0001',1),('678168cf-273d-11f1-9355-00090ffe0001','4ce3560f-273d-11f1-9355-00090ffe0001',1),('678168cf-273d-11f1-9355-00090ffe0001','4ce3966f-273d-11f1-9355-00090ffe0001',1),('678168cf-273d-11f1-9355-00090ffe0001','4ce3dcbb-273d-11f1-9355-00090ffe0001',1),('678168cf-273d-11f1-9355-00090ffe0001','4ce41e68-273d-11f1-9355-00090ffe0001',1),('678168cf-273d-11f1-9355-00090ffe0001','4ce4ce27-273d-11f1-9355-00090ffe0001',1),('678168cf-273d-11f1-9355-00090ffe0001','4ce53e10-273d-11f1-9355-00090ffe0001',1),('678168cf-273d-11f1-9355-00090ffe0001','4ce58af3-273d-11f1-9355-00090ffe0001',1),('678180b9-273d-11f1-9355-00090ffe0001','4cdfb715-273d-11f1-9355-00090ffe0001',1),('678180b9-273d-11f1-9355-00090ffe0001','4ce09706-273d-11f1-9355-00090ffe0001',1),('678180b9-273d-11f1-9355-00090ffe0001','4ce1537c-273d-11f1-9355-00090ffe0001',1),('678180b9-273d-11f1-9355-00090ffe0001','4ce1aab0-273d-11f1-9355-00090ffe0001',1),('678180b9-273d-11f1-9355-00090ffe0001','4ce20c0d-273d-11f1-9355-00090ffe0001',1),('678180b9-273d-11f1-9355-00090ffe0001','4ce28ba3-273d-11f1-9355-00090ffe0001',1),('678180b9-273d-11f1-9355-00090ffe0001','4ce2ec1d-273d-11f1-9355-00090ffe0001',1),('678180b9-273d-11f1-9355-00090ffe0001','4ce3560f-273d-11f1-9355-00090ffe0001',1),('678180b9-273d-11f1-9355-00090ffe0001','4ce3966f-273d-11f1-9355-00090ffe0001',1),('678180b9-273d-11f1-9355-00090ffe0001','4ce3dcbb-273d-11f1-9355-00090ffe0001',1),('678180b9-273d-11f1-9355-00090ffe0001','4ce41e68-273d-11f1-9355-00090ffe0001',1),('678180b9-273d-11f1-9355-00090ffe0001','4ce4ce27-273d-11f1-9355-00090ffe0001',1),('678180b9-273d-11f1-9355-00090ffe0001','4ce53e10-273d-11f1-9355-00090ffe0001',1),('678180b9-273d-11f1-9355-00090ffe0001','4ce58af3-273d-11f1-9355-00090ffe0001',1);
/*!40000 ALTER TABLE `alignment_mlo_checks` ENABLE KEYS */;
UNLOCK TABLES;

--
-- Table structure for table `alignment_plo_checks`
--

DROP TABLE IF EXISTS `alignment_plo_checks`;
/*!40101 SET @saved_cs_client     = @@character_set_client */;
/*!40101 SET character_set_client = utf8 */;
CREATE TABLE `alignment_plo_checks` (
  `alignment_row_id` char(36) NOT NULL,
  `plo_id` char(36) NOT NULL,
  `checked` tinyint(1) NOT NULL DEFAULT 0,
  PRIMARY KEY (`alignment_row_id`,`plo_id`),
  KEY `fk_apc_plo` (`plo_id`),
  CONSTRAINT `fk_apc_plo` FOREIGN KEY (`plo_id`) REFERENCES `plos` (`id`) ON DELETE CASCADE,
  CONSTRAINT `fk_apc_row` FOREIGN KEY (`alignment_row_id`) REFERENCES `alignment_rows` (`id`) ON DELETE CASCADE
) ENGINE=InnoDB DEFAULT CHARSET=utf8mb4 COLLATE=utf8mb4_general_ci;
/*!40101 SET character_set_client = @saved_cs_client */;

--
-- Dumping data for table `alignment_plo_checks`
--

LOCK TABLES `alignment_plo_checks` WRITE;
/*!40000 ALTER TABLE `alignment_plo_checks` DISABLE KEYS */;
INSERT INTO `alignment_plo_checks` VALUES ('677d5bf1-273d-11f1-9355-00090ffe0001','4cdd99cb-273d-11f1-9355-00090ffe0001',1),('677d5bf1-273d-11f1-9355-00090ffe0001','4cddc0ec-273d-11f1-9355-00090ffe0001',1),('677d5bf1-273d-11f1-9355-00090ffe0001','4cdde1d9-273d-11f1-9355-00090ffe0001',1),('677d5bf1-273d-11f1-9355-00090ffe0001','4cddf15f-273d-11f1-9355-00090ffe0001',1),('677d5bf1-273d-11f1-9355-00090ffe0001','4cde00ba-273d-11f1-9355-00090ffe0001',1),('677d5bf1-273d-11f1-9355-00090ffe0001','4cde10b2-273d-11f1-9355-00090ffe0001',1),('677d5bf1-273d-11f1-9355-00090ffe0001','4cde2bc8-273d-11f1-9355-00090ffe0001',1),('677d7f13-273d-11f1-9355-00090ffe0001','4cdd99cb-273d-11f1-9355-00090ffe0001',1),('677d7f13-273d-11f1-9355-00090ffe0001','4cddae92-273d-11f1-9355-00090ffe0001',1),('677d7f13-273d-11f1-9355-00090ffe0001','4cddc0ec-273d-11f1-9355-00090ffe0001',1),('677d7f13-273d-11f1-9355-00090ffe0001','4cddd1ee-273d-11f1-9355-00090ffe0001',1),('677d7f13-273d-11f1-9355-00090ffe0001','4cdde1d9-273d-11f1-9355-00090ffe0001',1),('677d7f13-273d-11f1-9355-00090ffe0001','4cddf15f-273d-11f1-9355-00090ffe0001',1),('677d7f13-273d-11f1-9355-00090ffe0001','4cde00ba-273d-11f1-9355-00090ffe0001',1),('677d7f13-273d-11f1-9355-00090ffe0001','4cde10b2-273d-11f1-9355-00090ffe0001',1),('677d7f13-273d-11f1-9355-00090ffe0001','4cde2bc8-273d-11f1-9355-00090ffe0001',1),('677da172-273d-11f1-9355-00090ffe0001','4cddc0ec-273d-11f1-9355-00090ffe0001',1),('677da172-273d-11f1-9355-00090ffe0001','4cdde1d9-273d-11f1-9355-00090ffe0001',1),('677da172-273d-11f1-9355-00090ffe0001','4cddf15f-273d-11f1-9355-00090ffe0001',1),('677da172-273d-11f1-9355-00090ffe0001','4cde2bc8-273d-11f1-9355-00090ffe0001',1),('677dbd9a-273d-11f1-9355-00090ffe0001','4cdd99cb-273d-11f1-9355-00090ffe0001',1),('677dbd9a-273d-11f1-9355-00090ffe0001','4cddae92-273d-11f1-9355-00090ffe0001',1),('677dbd9a-273d-11f1-9355-00090ffe0001','4cddc0ec-273d-11f1-9355-00090ffe0001',1),('677dbd9a-273d-11f1-9355-00090ffe0001','4cddd1ee-273d-11f1-9355-00090ffe0001',1),('677dbd9a-273d-11f1-9355-00090ffe0001','4cdde1d9-273d-11f1-9355-00090ffe0001',1),('677dbd9a-273d-11f1-9355-00090ffe0001','4cddf15f-273d-11f1-9355-00090ffe0001',1),('677dbd9a-273d-11f1-9355-00090ffe0001','4cde00ba-273d-11f1-9355-00090ffe0001',1),('677dbd9a-273d-11f1-9355-00090ffe0001','4cde10b2-273d-11f1-9355-00090ffe0001',1),('677dbd9a-273d-11f1-9355-00090ffe0001','4cde2bc8-273d-11f1-9355-00090ffe0001',1),('677ddd86-273d-11f1-9355-00090ffe0001','4cddf15f-273d-11f1-9355-00090ffe0001',1),('677ddd86-273d-11f1-9355-00090ffe0001','4cde00ba-273d-11f1-9355-00090ffe0001',1),('677ddd86-273d-11f1-9355-00090ffe0001','4cde2bc8-273d-11f1-9355-00090ffe0001',1),('677dfc3c-273d-11f1-9355-00090ffe0001','4cdd99cb-273d-11f1-9355-00090ffe0001',1),('677dfc3c-273d-11f1-9355-00090ffe0001','4cddae92-273d-11f1-9355-00090ffe0001',1),('677dfc3c-273d-11f1-9355-00090ffe0001','4cddc0ec-273d-11f1-9355-00090ffe0001',1),('677dfc3c-273d-11f1-9355-00090ffe0001','4cddd1ee-273d-11f1-9355-00090ffe0001',1),('677dfc3c-273d-11f1-9355-00090ffe0001','4cdde1d9-273d-11f1-9355-00090ffe0001',1),('677dfc3c-273d-11f1-9355-00090ffe0001','4cddf15f-273d-11f1-9355-00090ffe0001',1),('677dfc3c-273d-11f1-9355-00090ffe0001','4cde00ba-273d-11f1-9355-00090ffe0001',1),('677dfc3c-273d-11f1-9355-00090ffe0001','4cde10b2-273d-11f1-9355-00090ffe0001',1),('677dfc3c-273d-11f1-9355-00090ffe0001','4cde2bc8-273d-11f1-9355-00090ffe0001',1),('677e1ada-273d-11f1-9355-00090ffe0001','4cdd99cb-273d-11f1-9355-00090ffe0001',1),('677e1ada-273d-11f1-9355-00090ffe0001','4cddae92-273d-11f1-9355-00090ffe0001',1),('677e1ada-273d-11f1-9355-00090ffe0001','4cddc0ec-273d-11f1-9355-00090ffe0001',1),('677e1ada-273d-11f1-9355-00090ffe0001','4cddd1ee-273d-11f1-9355-00090ffe0001',1),('677e1ada-273d-11f1-9355-00090ffe0001','4cdde1d9-273d-11f1-9355-00090ffe0001',1),('677e1ada-273d-11f1-9355-00090ffe0001','4cddf15f-273d-11f1-9355-00090ffe0001',1),('677e1ada-273d-11f1-9355-00090ffe0001','4cde00ba-273d-11f1-9355-00090ffe0001',1),('677e1ada-273d-11f1-9355-00090ffe0001','4cde10b2-273d-11f1-9355-00090ffe0001',1),('677e1ada-273d-11f1-9355-00090ffe0001','4cde2bc8-273d-11f1-9355-00090ffe0001',1),('677e342a-273d-11f1-9355-00090ffe0001','4cddae92-273d-11f1-9355-00090ffe0001',1),('677e342a-273d-11f1-9355-00090ffe0001','4cddc0ec-273d-11f1-9355-00090ffe0001',1),('677e4c42-273d-11f1-9355-00090ffe0001','4cddae92-273d-11f1-9355-00090ffe0001',1),('677e4c42-273d-11f1-9355-00090ffe0001','4cddc0ec-273d-11f1-9355-00090ffe0001',1),('677e66c6-273d-11f1-9355-00090ffe0001','4cddae92-273d-11f1-9355-00090ffe0001',1),('677e8087-273d-11f1-9355-00090ffe0001','4cdd99cb-273d-11f1-9355-00090ffe0001',1),('677e9895-273d-11f1-9355-00090ffe0001','4cddd1ee-273d-11f1-9355-00090ffe0001',1),('677eb0e8-273d-11f1-9355-00090ffe0001','4cdde1d9-273d-11f1-9355-00090ffe0001',1),('677ec95e-273d-11f1-9355-00090ffe0001','4cde2bc8-273d-11f1-9355-00090ffe0001',1),('677edff7-273d-11f1-9355-00090ffe0001','4cddf15f-273d-11f1-9355-00090ffe0001',1),('677ef7cc-273d-11f1-9355-00090ffe0001','4cde10b2-273d-11f1-9355-00090ffe0001',1),('677f0f93-273d-11f1-9355-00090ffe0001','4cde00ba-273d-11f1-9355-00090ffe0001',1),('677f2c7d-273d-11f1-9355-00090ffe0001','4cddae92-273d-11f1-9355-00090ffe0001',1),('6780021f-273d-11f1-9355-00090ffe0001','4cde2bc8-273d-11f1-9355-00090ffe0001',1),('67801aee-273d-11f1-9355-00090ffe0001','4cddf15f-273d-11f1-9355-00090ffe0001',1),('678032af-273d-11f1-9355-00090ffe0001','4cde00ba-273d-11f1-9355-00090ffe0001',1),('67804a3f-273d-11f1-9355-00090ffe0001','4cde10b2-273d-11f1-9355-00090ffe0001',1),('6780620a-273d-11f1-9355-00090ffe0001','4cddae92-273d-11f1-9355-00090ffe0001',1),('6780798f-273d-11f1-9355-00090ffe0001','4cdde1d9-273d-11f1-9355-00090ffe0001',1),('678090d8-273d-11f1-9355-00090ffe0001','4cddae92-273d-11f1-9355-00090ffe0001',1),('678090d8-273d-11f1-9355-00090ffe0001','4cddc0ec-273d-11f1-9355-00090ffe0001',1),('6780a891-273d-11f1-9355-00090ffe0001','4cddf15f-273d-11f1-9355-00090ffe0001',1),('6780bf9f-273d-11f1-9355-00090ffe0001','4cde10b2-273d-11f1-9355-00090ffe0001',1),('6780d6c8-273d-11f1-9355-00090ffe0001','4cddae92-273d-11f1-9355-00090ffe0001',1),('6780ee10-273d-11f1-9355-00090ffe0001','4cdde1d9-273d-11f1-9355-00090ffe0001',1),('6781050b-273d-11f1-9355-00090ffe0001','4cddae92-273d-11f1-9355-00090ffe0001',1),('67811d4c-273d-11f1-9355-00090ffe0001','4cde10b2-273d-11f1-9355-00090ffe0001',1),('67813481-273d-11f1-9355-00090ffe0001','4cdd99cb-273d-11f1-9355-00090ffe0001',1),('67814bec-273d-11f1-9355-00090ffe0001','4cdde1d9-273d-11f1-9355-00090ffe0001',1),('678168cf-273d-11f1-9355-00090ffe0001','4cde10b2-273d-11f1-9355-00090ffe0001',1),('678180b9-273d-11f1-9355-00090ffe0001','4cddae92-273d-11f1-9355-00090ffe0001',1),('678180b9-273d-11f1-9355-00090ffe0001','4cddc0ec-273d-11f1-9355-00090ffe0001',1);
/*!40000 ALTER TABLE `alignment_plo_checks` ENABLE KEYS */;
UNLOCK TABLES;

--
-- Table structure for table `alignment_rows`
--

DROP TABLE IF EXISTS `alignment_rows`;
/*!40101 SET @saved_cs_client     = @@character_set_client */;
/*!40101 SET character_set_client = utf8 */;
CREATE TABLE `alignment_rows` (
  `id` char(36) NOT NULL DEFAULT uuid(),
  `program_id` char(36) NOT NULL,
  `group_label` text NOT NULL,
  `title` text NOT NULL,
  `description` text DEFAULT NULL,
  `sort_order` int(11) NOT NULL DEFAULT 0,
  `created_at` datetime NOT NULL DEFAULT current_timestamp(),
  PRIMARY KEY (`id`),
  KEY `idx_alignment_rows_prog` (`program_id`,`sort_order`),
  CONSTRAINT `fk_ar_prog` FOREIGN KEY (`program_id`) REFERENCES `programs` (`id`) ON DELETE CASCADE
) ENGINE=InnoDB DEFAULT CHARSET=utf8mb4 COLLATE=utf8mb4_general_ci;
/*!40101 SET character_set_client = @saved_cs_client */;

--
-- Dumping data for table `alignment_rows`
--

LOCK TABLES `alignment_rows` WRITE;
/*!40000 ALTER TABLE `alignment_rows` DISABLE KEYS */;
INSERT INTO `alignment_rows` VALUES ('677d5bf1-273d-11f1-9355-00090ffe0001','00000000-0000-0000-0000-000000000001','Vision','Vision (ระดับมหาวิทยาลัย)','มหาวิทยาลัยแห่งคุณค่าเพื่อขับเคลื่อนการพัฒนาที่ยั่งยืนระดับแนวหน้าของโลก',35,'2026-03-24 11:53:30'),('677d7f13-273d-11f1-9355-00090ffe0001','00000000-0000-0000-0000-000000000001','Vision','Vision (ระดับคณะ)','สถาบันการศึกษาชั้นนำระดับประเทศด้านการจัดการ',36,'2026-03-24 11:53:30'),('677da172-273d-11f1-9355-00090ffe0001','00000000-0000-0000-0000-000000000001','Mission','Mission 1 (ระดับมหาวิทยาลัย)','สร้างความเป็นผู้นำทางวิชาการและนวัตกรรม โดยมีการวิจัยเป็นฐาน เพื่อการพัฒนาภาคใต้และประเทศ เชื่อมโยงสู่สังคมและเครือข่ายสากล',37,'2026-03-24 11:53:30'),('677dbd9a-273d-11f1-9355-00090ffe0001','00000000-0000-0000-0000-000000000001','Mission','Mission 2 (ระดับมหาวิทยาลัย)','สร้างทรัพยากรมนุษย์ที่มีสมรรถนะทางวิชาการและวิชาชีพ ซื่อสัตย์ มีวินัย ใฝ่ปัญญา และมีทักษะในศตวรรษที่ 21 สามารถประยุกต์ความรู้บนพื้นฐานประสบการณ์จากการปฏิบัติ',38,'2026-03-24 11:53:30'),('677ddd86-273d-11f1-9355-00090ffe0001','00000000-0000-0000-0000-000000000001','Mission','Mission 3 (ระดับมหาวิทยาลัย)','พัฒนามหาวิทยาลัยให้เป็นสังคมฐานความรู้บนพื้นฐานพหุวัฒนธรรมและหลักปรัชญาของเศรษฐกิจพอเพียง เพื่อการพัฒนาสู่ความยั่งยืนและร่วมสร้างสังคมแห่ง โอกาสและความเป็นธรรม',39,'2026-03-24 11:53:30'),('677dfc3c-273d-11f1-9355-00090ffe0001','00000000-0000-0000-0000-000000000001','Mission','Mission 1 (ระดับคณะ)','สร้างบัณฑิต นักบริหาร และผู้ประกอบการที่มีภาวะผู้นำ มีสมรรถนะดิจิทัล มีความคิดสร้างสรรค์ เพื่อประโยชน์ของเพื่อนมนุษย์ ด้วยหลักสูตรที่ได้รับรองมาตรฐานสากล',40,'2026-03-24 11:53:30'),('677e1ada-273d-11f1-9355-00090ffe0001','00000000-0000-0000-0000-000000000001','Identity','อัตลักษณ์ของมหาวิทยาลัย (GE)','ผลการเรียนรู้ของหมวดวิชาศึกษาทั่วไป',41,'2026-03-24 11:53:30'),('677e342a-273d-11f1-9355-00090ffe0001','00000000-0000-0000-0000-000000000001','Stakeholder Need 1 : ผู้ใช้บัณฑิต','คิดวิเคราะห์','',42,'2026-03-24 11:53:30'),('677e4c42-273d-11f1-9355-00090ffe0001','00000000-0000-0000-0000-000000000001','Stakeholder Need 1 : ผู้ใช้บัณฑิต','คิดอย่างเป็นระบบ','',43,'2026-03-24 11:53:30'),('677e66c6-273d-11f1-9355-00090ffe0001','00000000-0000-0000-0000-000000000001','Stakeholder Need 1 : ผู้ใช้บัณฑิต','การวิเคราะห์ข้อมูล (Data Analysis)','',44,'2026-03-24 11:53:30'),('677e8087-273d-11f1-9355-00090ffe0001','00000000-0000-0000-0000-000000000001','Stakeholder Need 1 : ผู้ใช้บัณฑิต','การคิดเชิงบวก (Growth Mindset)','',45,'2026-03-24 11:53:30'),('677e9895-273d-11f1-9355-00090ffe0001','00000000-0000-0000-0000-000000000001','Stakeholder Need 1 : ผู้ใช้บัณฑิต','การเป็นผู้ประกอบการ','',46,'2026-03-24 11:53:30'),('677eb0e8-273d-11f1-9355-00090ffe0001','00000000-0000-0000-0000-000000000001','Stakeholder Need 1 : ผู้ใช้บัณฑิต','การแก้ปัญหา','',47,'2026-03-24 11:53:30'),('677ec95e-273d-11f1-9355-00090ffe0001','00000000-0000-0000-0000-000000000001','Stakeholder Need 1 : ผู้ใช้บัณฑิต','ความรับผิดชอบต่อสังคม','',48,'2026-03-24 11:53:30'),('677edff7-273d-11f1-9355-00090ffe0001','00000000-0000-0000-0000-000000000001','Stakeholder Need 2 : ศิษย์เก่า','การสื่อสาร/ภาษาที่ 3','',49,'2026-03-24 11:53:30'),('677ef7cc-273d-11f1-9355-00090ffe0001','00000000-0000-0000-0000-000000000001','Stakeholder Need 2 : ศิษย์เก่า','ก้าวทันเทคโนโลยี','',50,'2026-03-24 11:53:30'),('677f0f93-273d-11f1-9355-00090ffe0001','00000000-0000-0000-0000-000000000001','Stakeholder Need 2 : ศิษย์เก่า','ภาวะผู้นำ','',51,'2026-03-24 11:53:30'),('677f2c7d-273d-11f1-9355-00090ffe0001','00000000-0000-0000-0000-000000000001','Stakeholder Need 2 : ศิษย์เก่า','การวิเคราะห์ข้อมูล (Data Analysis)','',52,'2026-03-24 11:53:30'),('6780021f-273d-11f1-9355-00090ffe0001','00000000-0000-0000-0000-000000000001','Stakeholder Need 2 : ศิษย์เก่า','ความรับผิดชอบต่อสังคม','',53,'2026-03-24 11:53:30'),('67801aee-273d-11f1-9355-00090ffe0001','00000000-0000-0000-0000-000000000001','Stakeholder Need 3 : ศิษย์ปัจจุบัน','การสื่อสาร/ภาษาที่ 3','',54,'2026-03-24 11:53:30'),('678032af-273d-11f1-9355-00090ffe0001','00000000-0000-0000-0000-000000000001','Stakeholder Need 3 : ศิษย์ปัจจุบัน','การทำงานเป็นทีม','',55,'2026-03-24 11:53:30'),('67804a3f-273d-11f1-9355-00090ffe0001','00000000-0000-0000-0000-000000000001','Stakeholder Need 3 : ศิษย์ปัจจุบัน','ก้าวทันเทคโนโลยี','',56,'2026-03-24 11:53:30'),('6780620a-273d-11f1-9355-00090ffe0001','00000000-0000-0000-0000-000000000001','Stakeholder Need 3 : ศิษย์ปัจจุบัน','การวิเคราะห์ข้อมูล (Data Analysis)','',57,'2026-03-24 11:53:30'),('6780798f-273d-11f1-9355-00090ffe0001','00000000-0000-0000-0000-000000000001','Stakeholder Need 3 : ศิษย์ปัจจุบัน','การแก้ปัญหา','',58,'2026-03-24 11:53:30'),('678090d8-273d-11f1-9355-00090ffe0001','00000000-0000-0000-0000-000000000001','Stakeholder Need 4 : ผู้สอน','คิดวิเคราะห์','',59,'2026-03-24 11:53:30'),('6780a891-273d-11f1-9355-00090ffe0001','00000000-0000-0000-0000-000000000001','Stakeholder Need 4 : ผู้สอน','การสื่อสาร/ภาษาที่ 3','',60,'2026-03-24 11:53:30'),('6780bf9f-273d-11f1-9355-00090ffe0001','00000000-0000-0000-0000-000000000001','Stakeholder Need 4 : ผู้สอน','ก้าวทันเทคโนโลยี','',61,'2026-03-24 11:53:30'),('6780d6c8-273d-11f1-9355-00090ffe0001','00000000-0000-0000-0000-000000000001','Stakeholder Need 4 : ผู้สอน','การวิเคราะห์ข้อมูล (Data Analysis)','',62,'2026-03-24 11:53:30'),('6780ee10-273d-11f1-9355-00090ffe0001','00000000-0000-0000-0000-000000000001','Stakeholder Need 4 : ผู้สอน','การแก้ปัญหา','',63,'2026-03-24 11:53:30'),('6781050b-273d-11f1-9355-00090ffe0001','00000000-0000-0000-0000-000000000001','Stakeholder Need 5 : สมาคมที่เกี่ยวข้องกับวิชาชีพบริหารธุรกิจ','การวิเคราะห์ข้อมูล (Data Analysis)','',64,'2026-03-24 11:53:30'),('67811d4c-273d-11f1-9355-00090ffe0001','00000000-0000-0000-0000-000000000001','Stakeholder Need 5 : สมาคมที่เกี่ยวข้องกับวิชาชีพบริหารธุรกิจ','ก้าวทันเทคโนโลยี','',65,'2026-03-24 11:53:30'),('67813481-273d-11f1-9355-00090ffe0001','00000000-0000-0000-0000-000000000001','Stakeholder Need 5 : สมาคมที่เกี่ยวข้องกับวิชาชีพบริหารธุรกิจ','การคิดเชิงบวก (Growth Mindset)','',66,'2026-03-24 11:53:30'),('67814bec-273d-11f1-9355-00090ffe0001','00000000-0000-0000-0000-000000000001','Stakeholder Need 5 : สมาคมที่เกี่ยวข้องกับวิชาชีพบริหารธุรกิจ','การแก้ปัญหา','',67,'2026-03-24 11:53:30'),('678168cf-273d-11f1-9355-00090ffe0001','00000000-0000-0000-0000-000000000001','Stakeholder Need 5 : สมาคมที่เกี่ยวข้องกับวิชาชีพบริหารธุรกิจ','การสื่อสาร/ภาษาที่ 3','',68,'2026-03-24 11:53:30'),('678180b9-273d-11f1-9355-00090ffe0001','00000000-0000-0000-0000-000000000001','Stakeholder Need 5 : สมาคมที่เกี่ยวข้องกับวิชาชีพบริหารธุรกิจ','คิดวิเคราะห์','',69,'2026-03-24 11:53:30');
/*!40000 ALTER TABLE `alignment_rows` ENABLE KEYS */;
UNLOCK TABLES;

--
-- Table structure for table `audit_log`
--

DROP TABLE IF EXISTS `audit_log`;
/*!40101 SET @saved_cs_client     = @@character_set_client */;
/*!40101 SET character_set_client = utf8 */;
CREATE TABLE `audit_log` (
  `id` bigint(20) NOT NULL AUTO_INCREMENT,
  `user_id` int(11) DEFAULT NULL,
  `action` text NOT NULL,
  `table_name` text NOT NULL,
  `record_id` text DEFAULT NULL,
  `payload` longtext CHARACTER SET utf8mb4 COLLATE utf8mb4_bin DEFAULT NULL CHECK (json_valid(`payload`)),
  `created_at` datetime NOT NULL DEFAULT current_timestamp(),
  PRIMARY KEY (`id`),
  KEY `fk_al_user` (`user_id`),
  KEY `idx_audit_log_table` (`table_name`(50),`created_at`),
  CONSTRAINT `fk_al_user` FOREIGN KEY (`user_id`) REFERENCES `users` (`id`) ON DELETE SET NULL
) ENGINE=InnoDB DEFAULT CHARSET=utf8mb4 COLLATE=utf8mb4_general_ci;
/*!40101 SET character_set_client = @saved_cs_client */;

--
-- Dumping data for table `audit_log`
--

LOCK TABLES `audit_log` WRITE;
/*!40000 ALTER TABLE `audit_log` DISABLE KEYS */;
/*!40000 ALTER TABLE `audit_log` ENABLE KEYS */;
UNLOCK TABLES;

--
-- Table structure for table `bba_coop`
--

DROP TABLE IF EXISTS `bba_coop`;
/*!40101 SET @saved_cs_client     = @@character_set_client */;
/*!40101 SET character_set_client = utf8 */;
CREATE TABLE `bba_coop` (
  `id` int(11) NOT NULL AUTO_INCREMENT,
  `type` enum('coop','intern') NOT NULL,
  `year` int(11) NOT NULL,
  `major_id` varchar(20) NOT NULL,
  `count` int(11) DEFAULT 0,
  `updated_at` datetime DEFAULT current_timestamp() ON UPDATE current_timestamp(),
  PRIMARY KEY (`id`),
  UNIQUE KEY `uq_coop` (`type`,`year`,`major_id`)
) ENGINE=InnoDB AUTO_INCREMENT=1147 DEFAULT CHARSET=utf8mb4 COLLATE=utf8mb4_general_ci;
/*!40101 SET character_set_client = @saved_cs_client */;

--
-- Dumping data for table `bba_coop`
--

LOCK TABLES `bba_coop` WRITE;
/*!40000 ALTER TABLE `bba_coop` DISABLE KEYS */;
INSERT INTO `bba_coop` VALUES (1,'coop',2562,'fin',9,'2026-03-20 14:45:56'),(2,'coop',2563,'fin',5,'2026-03-20 14:45:56'),(3,'coop',2564,'fin',7,'2026-03-20 14:45:56'),(4,'coop',2565,'fin',7,'2026-03-20 14:45:56'),(5,'coop',2566,'fin',23,'2026-03-20 14:45:56'),(6,'coop',2567,'fin',12,'2026-03-20 14:45:56'),(7,'coop',2568,'fin',22,'2026-03-20 14:45:56'),(8,'coop',2562,'mkt',38,'2026-03-20 14:45:56'),(9,'coop',2563,'mkt',34,'2026-03-20 14:45:56'),(10,'coop',2564,'mkt',11,'2026-03-20 14:45:56'),(11,'coop',2565,'mkt',25,'2026-03-20 14:45:56'),(12,'coop',2566,'mkt',22,'2026-03-20 14:45:56'),(13,'coop',2567,'mkt',37,'2026-03-20 14:45:56'),(14,'coop',2568,'mkt',30,'2026-03-20 14:45:56'),(15,'coop',2562,'hrm',13,'2026-03-20 14:45:56'),(16,'coop',2563,'hrm',5,'2026-03-20 14:45:56'),(17,'coop',2564,'hrm',2,'2026-03-20 14:45:56'),(18,'coop',2565,'hrm',6,'2026-03-20 14:45:56'),(19,'coop',2566,'hrm',6,'2026-03-20 14:45:56'),(20,'coop',2567,'hrm',10,'2026-03-20 14:45:56'),(21,'coop',2568,'hrm',32,'2026-03-20 14:45:56'),(22,'coop',2562,'lsm',16,'2026-03-21 16:25:22'),(23,'coop',2563,'lsm',25,'2026-03-21 16:25:22'),(24,'coop',2564,'lsm',21,'2026-03-21 16:25:22'),(25,'coop',2565,'lsm',38,'2026-03-21 16:25:22'),(26,'coop',2566,'lsm',60,'2026-03-21 16:25:22'),(27,'coop',2567,'lsm',57,'2026-03-21 16:25:22'),(28,'coop',2568,'lsm',49,'2026-03-21 16:25:22'),(29,'coop',2562,'mice',12,'2026-03-20 14:45:56'),(30,'coop',2563,'mice',17,'2026-03-20 14:45:56'),(31,'coop',2564,'mice',30,'2026-03-20 14:45:56'),(32,'coop',2565,'mice',10,'2026-03-20 14:45:56'),(33,'coop',2566,'mice',18,'2026-03-20 14:45:56'),(34,'coop',2567,'mice',15,'2026-03-20 14:45:56'),(35,'coop',2568,'mice',7,'2026-03-20 14:45:56'),(36,'coop',2562,'bis',8,'2026-03-20 14:45:56'),(37,'coop',2563,'bis',22,'2026-03-20 14:45:56'),(38,'coop',2564,'bis',17,'2026-03-20 14:45:56'),(39,'coop',2565,'bis',26,'2026-03-20 14:45:56'),(40,'coop',2566,'bis',33,'2026-03-20 14:45:56'),(41,'coop',2567,'bis',48,'2026-03-20 14:45:56'),(42,'coop',2568,'bis',34,'2026-03-20 14:45:56'),(43,'intern',2563,'fin',55,'2026-03-21 15:15:35'),(44,'intern',2564,'fin',39,'2026-03-21 15:15:35'),(45,'intern',2565,'fin',52,'2026-03-21 15:15:35'),(46,'intern',2566,'fin',53,'2026-03-21 15:15:35'),(47,'intern',2567,'fin',46,'2026-03-21 15:15:35'),(48,'intern',2563,'mkt',61,'2026-03-21 15:15:35'),(49,'intern',2564,'mkt',65,'2026-03-21 15:15:35'),(50,'intern',2565,'mkt',52,'2026-03-21 15:15:35'),(51,'intern',2566,'mkt',53,'2026-03-21 15:15:35'),(52,'intern',2567,'mkt',54,'2026-03-21 15:15:35'),(53,'intern',2563,'hrm',69,'2026-03-21 15:15:35'),(54,'intern',2564,'hrm',59,'2026-03-21 15:15:35'),(55,'intern',2565,'hrm',73,'2026-03-21 15:15:35'),(56,'intern',2566,'hrm',56,'2026-03-21 15:15:35'),(57,'intern',2567,'hrm',60,'2026-03-21 15:15:35'),(58,'intern',2563,'lsm',51,'2026-03-21 16:25:22'),(59,'intern',2564,'lsm',52,'2026-03-21 16:25:22'),(60,'intern',2565,'lsm',60,'2026-03-21 16:25:22'),(61,'intern',2566,'lsm',66,'2026-03-21 16:25:22'),(62,'intern',2567,'lsm',70,'2026-03-21 16:25:22'),(63,'intern',2563,'mice',53,'2026-03-21 15:15:35'),(64,'intern',2564,'mice',61,'2026-03-21 15:15:35'),(65,'intern',2565,'mice',58,'2026-03-21 15:15:35'),(66,'intern',2566,'mice',50,'2026-03-21 15:15:35'),(67,'intern',2567,'mice',43,'2026-03-21 15:15:35'),(68,'intern',2563,'bis',40,'2026-03-21 15:15:35'),(69,'intern',2564,'bis',61,'2026-03-21 15:15:35'),(70,'intern',2565,'bis',64,'2026-03-21 15:15:35'),(71,'intern',2566,'bis',64,'2026-03-21 15:15:35'),(72,'intern',2567,'bis',61,'2026-03-21 15:15:35'),(982,'coop',2564,'log',0,'2026-03-21 16:43:15'),(983,'coop',2565,'log',0,'2026-03-21 16:43:15'),(984,'coop',2566,'log',16,'2026-03-21 16:43:15'),(985,'coop',2567,'log',25,'2026-03-21 16:43:15'),(986,'coop',2568,'log',21,'2026-03-21 16:43:15'),(1012,'intern',2563,'log',51,'2026-03-21 16:30:14'),(1013,'intern',2564,'log',52,'2026-03-21 16:30:14'),(1014,'intern',2565,'log',60,'2026-03-21 16:30:14'),(1015,'intern',2566,'log',66,'2026-03-21 16:30:14'),(1016,'intern',2567,'log',70,'2026-03-21 16:30:14');
/*!40000 ALTER TABLE `bba_coop` ENABLE KEYS */;
UNLOCK TABLES;

--
-- Table structure for table `bba_intake`
--

DROP TABLE IF EXISTS `bba_intake`;
/*!40101 SET @saved_cs_client     = @@character_set_client */;
/*!40101 SET character_set_client = utf8 */;
CREATE TABLE `bba_intake` (
  `id` int(11) NOT NULL AUTO_INCREMENT,
  `year` int(11) NOT NULL,
  `major_id` varchar(20) NOT NULL,
  `plan` int(11) DEFAULT 0,
  `interviewed` int(11) DEFAULT 0,
  `confirmed` int(11) DEFAULT 0,
  `reported` int(11) DEFAULT 0,
  `no_show` int(11) DEFAULT 0,
  `created_at` datetime DEFAULT current_timestamp(),
  `updated_at` datetime DEFAULT current_timestamp() ON UPDATE current_timestamp(),
  PRIMARY KEY (`id`),
  UNIQUE KEY `uq_intake` (`year`,`major_id`)
) ENGINE=InnoDB AUTO_INCREMENT=497 DEFAULT CHARSET=utf8mb4 COLLATE=utf8mb4_general_ci;
/*!40101 SET character_set_client = @saved_cs_client */;

--
-- Dumping data for table `bba_intake`
--

LOCK TABLES `bba_intake` WRITE;
/*!40000 ALTER TABLE `bba_intake` DISABLE KEYS */;
INSERT INTO `bba_intake` VALUES (1,2562,'fin',60,88,52,50,2,'2026-03-20 14:45:56','2026-03-20 14:45:56'),(2,2563,'fin',60,118,71,70,1,'2026-03-20 14:45:56','2026-03-20 14:45:56'),(3,2564,'fin',60,118,71,72,1,'2026-03-20 14:45:56','2026-03-20 14:45:56'),(4,2565,'fin',70,139,57,56,1,'2026-03-20 14:45:56','2026-03-20 14:45:56'),(5,2566,'fin',70,199,80,79,1,'2026-03-20 14:45:56','2026-03-20 14:45:56'),(6,2567,'fin',70,122,80,76,4,'2026-03-20 14:45:56','2026-03-20 14:45:56'),(7,2563,'mkt',60,104,71,69,2,'2026-03-20 14:45:56','2026-03-20 14:45:56'),(8,2564,'mkt',60,96,74,71,3,'2026-03-20 14:45:56','2026-03-20 14:45:56'),(9,2565,'mkt',70,134,71,67,4,'2026-03-20 14:45:56','2026-03-20 14:45:56'),(10,2566,'mkt',70,143,78,76,2,'2026-03-20 14:45:56','2026-03-20 14:45:56'),(11,2567,'mkt',70,139,93,90,3,'2026-03-20 14:45:56','2026-03-20 14:45:56'),(12,2563,'hrm',60,106,73,71,2,'2026-03-20 14:45:56','2026-03-20 14:45:56'),(13,2564,'hrm',60,131,73,72,1,'2026-03-20 14:45:56','2026-03-20 14:45:56'),(14,2565,'hrm',70,104,56,54,2,'2026-03-20 14:45:56','2026-03-20 14:45:56'),(15,2566,'hrm',70,102,96,94,2,'2026-03-20 14:45:56','2026-03-20 14:45:56'),(16,2567,'hrm',70,132,97,94,3,'2026-03-20 14:45:56','2026-03-20 14:45:56'),(17,2563,'lsm',60,113,79,77,2,'2026-03-20 14:45:56','2026-03-21 16:25:22'),(18,2564,'lsm',60,107,85,81,4,'2026-03-20 14:45:56','2026-03-21 16:25:22'),(19,2565,'lsm',70,139,75,74,1,'2026-03-20 14:45:56','2026-03-21 16:25:22'),(20,2566,'lsm',70,145,100,99,1,'2026-03-20 14:45:56','2026-03-21 16:25:22'),(21,2567,'lsm',70,120,90,90,0,'2026-03-20 14:45:56','2026-03-21 16:25:22'),(22,2563,'mice',60,114,77,76,1,'2026-03-20 14:45:56','2026-03-20 14:45:56'),(23,2564,'mice',60,105,73,72,1,'2026-03-20 14:45:56','2026-03-20 14:45:56'),(24,2565,'mice',70,116,76,75,1,'2026-03-20 14:45:56','2026-03-20 14:45:56'),(25,2566,'mice',70,108,78,77,1,'2026-03-20 14:45:56','2026-03-20 14:45:56'),(26,2567,'mice',70,118,80,80,0,'2026-03-20 14:45:56','2026-03-20 14:45:56'),(27,2563,'bis',60,102,70,67,3,'2026-03-20 14:45:56','2026-03-20 14:45:56'),(28,2564,'bis',60,101,89,88,1,'2026-03-20 14:45:56','2026-03-20 14:45:56'),(29,2565,'bis',70,121,76,73,3,'2026-03-20 14:45:56','2026-03-20 14:45:56'),(30,2566,'bis',70,142,99,98,1,'2026-03-20 14:45:56','2026-03-20 14:45:56'),(31,2567,'bis',70,123,91,87,4,'2026-03-20 14:45:56','2026-03-20 14:45:56'),(420,2563,'log',60,113,79,77,2,'2026-03-21 16:30:14','2026-03-21 16:30:14'),(421,2564,'log',60,107,85,81,4,'2026-03-21 16:30:14','2026-03-21 16:30:14'),(422,2565,'log',70,139,75,74,1,'2026-03-21 16:30:14','2026-03-21 16:30:14'),(423,2566,'log',70,145,100,99,1,'2026-03-21 16:30:14','2026-03-21 16:30:14'),(424,2567,'log',70,120,90,90,0,'2026-03-21 16:30:14','2026-03-21 16:30:14');
/*!40000 ALTER TABLE `bba_intake` ENABLE KEYS */;
UNLOCK TABLES;

--
-- Table structure for table `bba_partners`
--

DROP TABLE IF EXISTS `bba_partners`;
/*!40101 SET @saved_cs_client     = @@character_set_client */;
/*!40101 SET character_set_client = utf8 */;
CREATE TABLE `bba_partners` (
  `id` int(11) NOT NULL AUTO_INCREMENT,
  `type` enum('coop','intern') NOT NULL,
  `name` varchar(255) DEFAULT NULL,
  PRIMARY KEY (`id`)
) ENGINE=InnoDB AUTO_INCREMENT=129 DEFAULT CHARSET=utf8mb4 COLLATE=utf8mb4_general_ci;
/*!40101 SET character_set_client = @saved_cs_client */;

--
-- Dumping data for table `bba_partners`
--

LOCK TABLES `bba_partners` WRITE;
/*!40000 ALTER TABLE `bba_partners` DISABLE KEYS */;
INSERT INTO `bba_partners` VALUES (121,'coop','UOB'),(122,'coop','Tops'),(123,'coop','JobsDB'),(124,'coop','2S'),(125,'intern','TBH'),(126,'intern','AKIRA+'),(127,'intern','SCB'),(128,'intern','PTT');
/*!40000 ALTER TABLE `bba_partners` ENABLE KEYS */;
UNLOCK TABLES;

--
-- Table structure for table `bba_publish_state`
--

DROP TABLE IF EXISTS `bba_publish_state`;
/*!40101 SET @saved_cs_client     = @@character_set_client */;
/*!40101 SET character_set_client = utf8 */;
CREATE TABLE `bba_publish_state` (
  `section` varchar(50) NOT NULL,
  `published` tinyint(1) NOT NULL DEFAULT 0,
  `published_at` datetime DEFAULT NULL,
  `updated_at` datetime DEFAULT current_timestamp() ON UPDATE current_timestamp(),
  PRIMARY KEY (`section`)
) ENGINE=InnoDB DEFAULT CHARSET=utf8mb4 COLLATE=utf8mb4_general_ci;
/*!40101 SET character_set_client = @saved_cs_client */;

--
-- Dumping data for table `bba_publish_state`
--

LOCK TABLES `bba_publish_state` WRITE;
/*!40000 ALTER TABLE `bba_publish_state` DISABLE KEYS */;
INSERT INTO `bba_publish_state` VALUES ('students',1,'2026-03-21 16:55:09','2026-03-21 16:55:09');
/*!40000 ALTER TABLE `bba_publish_state` ENABLE KEYS */;
UNLOCK TABLES;

--
-- Table structure for table `bba_status`
--

DROP TABLE IF EXISTS `bba_status`;
/*!40101 SET @saved_cs_client     = @@character_set_client */;
/*!40101 SET character_set_client = utf8 */;
CREATE TABLE `bba_status` (
  `id` int(11) NOT NULL AUTO_INCREMENT,
  `year` int(11) NOT NULL,
  `label` varchar(100) NOT NULL,
  `val` int(11) DEFAULT 0,
  `color` varchar(20) DEFAULT '',
  `updated_at` datetime DEFAULT current_timestamp() ON UPDATE current_timestamp(),
  PRIMARY KEY (`id`),
  UNIQUE KEY `uq_status` (`year`,`label`)
) ENGINE=InnoDB AUTO_INCREMENT=193 DEFAULT CHARSET=utf8mb4 COLLATE=utf8mb4_general_ci;
/*!40101 SET character_set_client = @saved_cs_client */;

--
-- Dumping data for table `bba_status`
--

LOCK TABLES `bba_status` WRITE;
/*!40000 ALTER TABLE `bba_status` DISABLE KEYS */;
INSERT INTO `bba_status` VALUES (1,2566,'ยังเป็นนักศึกษา',495,'#7c3aed','2026-03-20 14:45:56'),(2,2566,'สำเร็จการศึกษา',480,'#2563eb','2026-03-20 14:45:56'),(3,2566,'ไม่รายงานตัว',12,'#ea580c','2026-03-20 14:45:56'),(4,2566,'โอนย้าย',6,'#059669','2026-03-20 14:45:56'),(5,2566,'ออกกลางคัน',18,'#eab308','2026-03-20 14:45:56'),(6,2566,'พัก/ลา',2,'#ef4444','2026-03-20 14:45:56'),(7,2567,'ยังเป็นนักศึกษา',532,'#7c3aed','2026-03-20 14:45:56'),(8,2567,'สำเร็จการศึกษา',518,'#2563eb','2026-03-20 14:45:56'),(9,2567,'ไม่รายงานตัว',14,'#ea580c','2026-03-20 14:45:56'),(10,2567,'โอนย้าย',8,'#059669','2026-03-20 14:45:56'),(11,2567,'ออกกลางคัน',21,'#eab308','2026-03-20 14:45:56'),(12,2567,'พัก/ลา',3,'#ef4444','2026-03-20 14:45:56');
/*!40000 ALTER TABLE `bba_status` ENABLE KEYS */;
UNLOCK TABLES;

--
-- Table structure for table `bba_top5`
--

DROP TABLE IF EXISTS `bba_top5`;
/*!40101 SET @saved_cs_client     = @@character_set_client */;
/*!40101 SET character_set_client = utf8 */;
CREATE TABLE `bba_top5` (
  `id` int(11) NOT NULL AUTO_INCREMENT,
  `type` enum('coop','intern') NOT NULL,
  `rank_no` int(11) NOT NULL,
  `company` varchar(255) DEFAULT NULL,
  PRIMARY KEY (`id`),
  UNIQUE KEY `uq_top5` (`type`,`rank_no`)
) ENGINE=InnoDB AUTO_INCREMENT=101 DEFAULT CHARSET=utf8mb4 COLLATE=utf8mb4_general_ci;
/*!40101 SET character_set_client = @saved_cs_client */;

--
-- Dumping data for table `bba_top5`
--

LOCK TABLES `bba_top5` WRITE;
/*!40000 ALTER TABLE `bba_top5` DISABLE KEYS */;
INSERT INTO `bba_top5` VALUES (97,'coop',1,'กรุงเทพมหานคร'),(98,'coop',2,'สมุทรปราการ'),(99,'intern',1,'Tops'),(100,'intern',2,'SCB');
/*!40000 ALTER TABLE `bba_top5` ENABLE KEYS */;
UNLOCK TABLES;

--
-- Table structure for table `bba_trend`
--

DROP TABLE IF EXISTS `bba_trend`;
/*!40101 SET @saved_cs_client     = @@character_set_client */;
/*!40101 SET character_set_client = utf8 */;
CREATE TABLE `bba_trend` (
  `year` int(11) NOT NULL,
  `enrolled` int(11) DEFAULT 0,
  `graduated` int(11) DEFAULT 0,
  `updated_at` datetime DEFAULT current_timestamp() ON UPDATE current_timestamp(),
  PRIMARY KEY (`year`)
) ENGINE=InnoDB DEFAULT CHARSET=utf8mb4 COLLATE=utf8mb4_general_ci;
/*!40101 SET character_set_client = @saved_cs_client */;

--
-- Dumping data for table `bba_trend`
--

LOCK TABLES `bba_trend` WRITE;
/*!40000 ALTER TABLE `bba_trend` DISABLE KEYS */;
INSERT INTO `bba_trend` VALUES (2563,434,397,'2026-03-20 14:45:56'),(2564,458,380,'2026-03-20 14:45:56'),(2565,399,0,'2026-03-20 14:45:56'),(2566,526,0,'2026-03-20 14:45:56'),(2567,518,0,'2026-03-20 14:45:56');
/*!40000 ALTER TABLE `bba_trend` ENABLE KEYS */;
UNLOCK TABLES;

--
-- Table structure for table `clo_kas`
--

DROP TABLE IF EXISTS `clo_kas`;
/*!40101 SET @saved_cs_client     = @@character_set_client */;
/*!40101 SET character_set_client = utf8 */;
CREATE TABLE `clo_kas` (
  `clo_id` char(36) NOT NULL,
  `kas_id` char(36) NOT NULL,
  PRIMARY KEY (`clo_id`,`kas_id`),
  KEY `fk_clkas_kas` (`kas_id`),
  CONSTRAINT `fk_clkas_clo` FOREIGN KEY (`clo_id`) REFERENCES `clos` (`id`) ON DELETE CASCADE,
  CONSTRAINT `fk_clkas_kas` FOREIGN KEY (`kas_id`) REFERENCES `kas_items` (`id`) ON DELETE CASCADE
) ENGINE=InnoDB DEFAULT CHARSET=utf8mb4 COLLATE=utf8mb4_general_ci;
/*!40101 SET character_set_client = @saved_cs_client */;

--
-- Dumping data for table `clo_kas`
--

LOCK TABLES `clo_kas` WRITE;
/*!40000 ALTER TABLE `clo_kas` DISABLE KEYS */;
/*!40000 ALTER TABLE `clo_kas` ENABLE KEYS */;
UNLOCK TABLES;

--
-- Table structure for table `clo_mlo`
--

DROP TABLE IF EXISTS `clo_mlo`;
/*!40101 SET @saved_cs_client     = @@character_set_client */;
/*!40101 SET character_set_client = utf8 */;
CREATE TABLE `clo_mlo` (
  `clo_id` char(36) NOT NULL,
  `mlo_id` char(36) NOT NULL,
  PRIMARY KEY (`clo_id`,`mlo_id`),
  KEY `fk_clmlo_mlo` (`mlo_id`),
  CONSTRAINT `fk_clmlo_clo` FOREIGN KEY (`clo_id`) REFERENCES `clos` (`id`) ON DELETE CASCADE,
  CONSTRAINT `fk_clmlo_mlo` FOREIGN KEY (`mlo_id`) REFERENCES `mlos` (`id`) ON DELETE CASCADE
) ENGINE=InnoDB DEFAULT CHARSET=utf8mb4 COLLATE=utf8mb4_general_ci;
/*!40101 SET character_set_client = @saved_cs_client */;

--
-- Dumping data for table `clo_mlo`
--

LOCK TABLES `clo_mlo` WRITE;
/*!40000 ALTER TABLE `clo_mlo` DISABLE KEYS */;
/*!40000 ALTER TABLE `clo_mlo` ENABLE KEYS */;
UNLOCK TABLES;

--
-- Table structure for table `clo_plo`
--

DROP TABLE IF EXISTS `clo_plo`;
/*!40101 SET @saved_cs_client     = @@character_set_client */;
/*!40101 SET character_set_client = utf8 */;
CREATE TABLE `clo_plo` (
  `clo_id` char(36) NOT NULL,
  `plo_id` char(36) NOT NULL,
  PRIMARY KEY (`clo_id`,`plo_id`),
  KEY `fk_clplo_plo` (`plo_id`),
  CONSTRAINT `fk_clplo_clo` FOREIGN KEY (`clo_id`) REFERENCES `clos` (`id`) ON DELETE CASCADE,
  CONSTRAINT `fk_clplo_plo` FOREIGN KEY (`plo_id`) REFERENCES `plos` (`id`) ON DELETE CASCADE
) ENGINE=InnoDB DEFAULT CHARSET=utf8mb4 COLLATE=utf8mb4_general_ci;
/*!40101 SET character_set_client = @saved_cs_client */;

--
-- Dumping data for table `clo_plo`
--

LOCK TABLES `clo_plo` WRITE;
/*!40000 ALTER TABLE `clo_plo` DISABLE KEYS */;
/*!40000 ALTER TABLE `clo_plo` ENABLE KEYS */;
UNLOCK TABLES;

--
-- Table structure for table `clos`
--

DROP TABLE IF EXISTS `clos`;
/*!40101 SET @saved_cs_client     = @@character_set_client */;
/*!40101 SET character_set_client = utf8 */;
CREATE TABLE `clos` (
  `id` char(36) NOT NULL DEFAULT uuid(),
  `subject_id` int(11) NOT NULL,
  `seq` int(11) NOT NULL,
  `description_th` text NOT NULL,
  `description_en` text DEFAULT NULL,
  `created_at` datetime NOT NULL DEFAULT current_timestamp(),
  `updated_at` datetime NOT NULL DEFAULT current_timestamp() ON UPDATE current_timestamp(),
  PRIMARY KEY (`id`),
  UNIQUE KEY `uq_clo` (`subject_id`,`seq`),
  KEY `idx_clos_subject` (`subject_id`),
  CONSTRAINT `fk_clo_subj` FOREIGN KEY (`subject_id`) REFERENCES `subjects` (`id`) ON DELETE CASCADE
) ENGINE=InnoDB DEFAULT CHARSET=utf8mb4 COLLATE=utf8mb4_general_ci;
/*!40101 SET character_set_client = @saved_cs_client */;

--
-- Dumping data for table `clos`
--

LOCK TABLES `clos` WRITE;
/*!40000 ALTER TABLE `clos` DISABLE KEYS */;
INSERT INTO `clos` VALUES ('e83cbf4f-1ec5-11f1-88b4-00090ffe0001',3,1,'อธิบายหลักการของการเขียนโปรแกรม','Explain the principles of programming','2026-03-13 17:17:57','2026-03-13 17:17:57'),('e83cd42c-1ec5-11f1-88b4-00090ffe0001',3,2,'อธิบายความสัมพันธ์ระหว่างการเขียนโปรแกรมกับแนวคิดความเป็นผู้ประกอบการ','Explain the relationship between programming and entrepreneurial mindset','2026-03-13 17:17:57','2026-03-13 17:17:57'),('e83cd5e8-1ec5-11f1-88b4-00090ffe0001',3,3,'ทำงานร่วมกับผู้อื่นเพื่อบรรลุเป้าหมาย','Collaborate with others to achieve goals','2026-03-13 17:17:57','2026-03-13 17:17:57');
/*!40000 ALTER TABLE `clos` ENABLE KEYS */;
UNLOCK TABLES;

--
-- Table structure for table `coop_intern_stats`
--

DROP TABLE IF EXISTS `coop_intern_stats`;
/*!40101 SET @saved_cs_client     = @@character_set_client */;
/*!40101 SET character_set_client = utf8 */;
CREATE TABLE `coop_intern_stats` (
  `id` char(36) NOT NULL DEFAULT uuid(),
  `program_id` char(36) NOT NULL,
  `academic_year` int(11) NOT NULL,
  `major_id` int(11) DEFAULT NULL,
  `coop_count` int(11) NOT NULL DEFAULT 0,
  `intern_count` int(11) NOT NULL DEFAULT 0,
  `created_at` datetime NOT NULL DEFAULT current_timestamp(),
  `updated_at` datetime NOT NULL DEFAULT current_timestamp() ON UPDATE current_timestamp(),
  PRIMARY KEY (`id`),
  UNIQUE KEY `uq_coop` (`program_id`,`academic_year`,`major_id`),
  KEY `fk_coop_major` (`major_id`),
  KEY `idx_coop_prog_year` (`program_id`,`academic_year`),
  KEY `idx_coop_major` (`program_id`,`major_id`,`academic_year`),
  CONSTRAINT `fk_coop_major` FOREIGN KEY (`major_id`) REFERENCES `majors` (`id`) ON DELETE SET NULL,
  CONSTRAINT `fk_coop_prog` FOREIGN KEY (`program_id`) REFERENCES `programs` (`id`) ON DELETE CASCADE
) ENGINE=InnoDB DEFAULT CHARSET=utf8mb4 COLLATE=utf8mb4_general_ci;
/*!40101 SET character_set_client = @saved_cs_client */;

--
-- Dumping data for table `coop_intern_stats`
--

LOCK TABLES `coop_intern_stats` WRITE;
/*!40000 ALTER TABLE `coop_intern_stats` DISABLE KEYS */;
INSERT INTO `coop_intern_stats` VALUES ('e848c030-1ec5-11f1-88b4-00090ffe0001','00000000-0000-0000-0000-000000000001',2567,1,12,41,'2026-03-13 17:17:57','2026-03-13 17:17:57'),('e8490da4-1ec5-11f1-88b4-00090ffe0001','00000000-0000-0000-0000-000000000001',2567,2,30,65,'2026-03-13 17:17:57','2026-03-13 17:17:57'),('e84957b9-1ec5-11f1-88b4-00090ffe0001','00000000-0000-0000-0000-000000000001',2567,3,10,40,'2026-03-13 17:17:57','2026-03-13 17:17:57'),('e84958fd-1ec5-11f1-88b4-00090ffe0001','00000000-0000-0000-0000-000000000001',2567,4,49,70,'2026-03-13 17:17:57','2026-03-13 17:17:57'),('e8495a07-1ec5-11f1-88b4-00090ffe0001','00000000-0000-0000-0000-000000000001',2567,5,34,50,'2026-03-13 17:17:57','2026-03-13 17:17:57'),('e8495b20-1ec5-11f1-88b4-00090ffe0001','00000000-0000-0000-0000-000000000001',2567,6,7,60,'2026-03-13 17:17:57','2026-03-13 17:17:57');
/*!40000 ALTER TABLE `coop_intern_stats` ENABLE KEYS */;
UNLOCK TABLES;

--
-- Table structure for table `course_mlos`
--

DROP TABLE IF EXISTS `course_mlos`;
/*!40101 SET @saved_cs_client     = @@character_set_client */;
/*!40101 SET character_set_client = utf8 */;
CREATE TABLE `course_mlos` (
  `id` int(11) NOT NULL AUTO_INCREMENT,
  `major_id` int(11) DEFAULT NULL,
  `course_id` int(11) DEFAULT NULL,
  `code` varchar(20) DEFAULT NULL,
  `name_th` text DEFAULT NULL,
  `name_en` text DEFAULT NULL,
  `kas_knowledge` longtext CHARACTER SET utf8mb4 COLLATE utf8mb4_bin DEFAULT json_object() CHECK (json_valid(`kas_knowledge`)),
  `kas_attitude` longtext CHARACTER SET utf8mb4 COLLATE utf8mb4_bin DEFAULT json_object() CHECK (json_valid(`kas_attitude`)),
  `kas_skill` longtext CHARACTER SET utf8mb4 COLLATE utf8mb4_bin DEFAULT json_object() CHECK (json_valid(`kas_skill`)),
  `created_at` datetime DEFAULT current_timestamp(),
  PRIMARY KEY (`id`),
  UNIQUE KEY `uq_cmlo` (`major_id`,`code`),
  KEY `fk_cmlo_course` (`course_id`),
  CONSTRAINT `fk_cmlo_course` FOREIGN KEY (`course_id`) REFERENCES `courses` (`id`) ON DELETE CASCADE
) ENGINE=InnoDB DEFAULT CHARSET=utf8mb4 COLLATE=utf8mb4_general_ci;
/*!40101 SET character_set_client = @saved_cs_client */;

--
-- Dumping data for table `course_mlos`
--

LOCK TABLES `course_mlos` WRITE;
/*!40000 ALTER TABLE `course_mlos` DISABLE KEYS */;
/*!40000 ALTER TABLE `course_mlos` ENABLE KEYS */;
UNLOCK TABLES;

--
-- Table structure for table `course_plo_kas`
--

DROP TABLE IF EXISTS `course_plo_kas`;
/*!40101 SET @saved_cs_client     = @@character_set_client */;
/*!40101 SET character_set_client = utf8 */;
CREATE TABLE `course_plo_kas` (
  `id` int(11) NOT NULL AUTO_INCREMENT,
  `course_id` int(11) DEFAULT NULL,
  `plo_code` varchar(20) DEFAULT NULL,
  `kas_knowledge` longtext CHARACTER SET utf8mb4 COLLATE utf8mb4_bin DEFAULT json_object() CHECK (json_valid(`kas_knowledge`)),
  `kas_attitude` longtext CHARACTER SET utf8mb4 COLLATE utf8mb4_bin DEFAULT json_object() CHECK (json_valid(`kas_attitude`)),
  `kas_skill` longtext CHARACTER SET utf8mb4 COLLATE utf8mb4_bin DEFAULT json_object() CHECK (json_valid(`kas_skill`)),
  `created_at` datetime DEFAULT current_timestamp(),
  `updated_at` datetime DEFAULT current_timestamp() ON UPDATE current_timestamp(),
  PRIMARY KEY (`id`),
  UNIQUE KEY `uq_cploka` (`course_id`,`plo_code`),
  CONSTRAINT `fk_cploka_course` FOREIGN KEY (`course_id`) REFERENCES `courses` (`id`) ON DELETE CASCADE
) ENGINE=InnoDB DEFAULT CHARSET=utf8mb4 COLLATE=utf8mb4_general_ci;
/*!40101 SET character_set_client = @saved_cs_client */;

--
-- Dumping data for table `course_plo_kas`
--

LOCK TABLES `course_plo_kas` WRITE;
/*!40000 ALTER TABLE `course_plo_kas` DISABLE KEYS */;
/*!40000 ALTER TABLE `course_plo_kas` ENABLE KEYS */;
UNLOCK TABLES;

--
-- Table structure for table `course_plo_scores`
--

DROP TABLE IF EXISTS `course_plo_scores`;
/*!40101 SET @saved_cs_client     = @@character_set_client */;
/*!40101 SET character_set_client = utf8 */;
CREATE TABLE `course_plo_scores` (
  `id` int(11) NOT NULL AUTO_INCREMENT,
  `course_id` int(11) DEFAULT NULL,
  `plo_code` varchar(20) DEFAULT NULL,
  `academic_year` int(11) DEFAULT NULL,
  `semester_1` decimal(5,2) DEFAULT NULL,
  `semester_2` decimal(5,2) DEFAULT NULL,
  `grand_total` decimal(5,2) DEFAULT NULL,
  `created_at` datetime DEFAULT current_timestamp(),
  `updated_at` datetime DEFAULT current_timestamp() ON UPDATE current_timestamp(),
  PRIMARY KEY (`id`),
  UNIQUE KEY `uq_cpscore` (`course_id`,`plo_code`,`academic_year`),
  CONSTRAINT `fk_cpscore_course` FOREIGN KEY (`course_id`) REFERENCES `courses` (`id`) ON DELETE CASCADE
) ENGINE=InnoDB DEFAULT CHARSET=utf8mb4 COLLATE=utf8mb4_general_ci;
/*!40101 SET character_set_client = @saved_cs_client */;

--
-- Dumping data for table `course_plo_scores`
--

LOCK TABLES `course_plo_scores` WRITE;
/*!40000 ALTER TABLE `course_plo_scores` DISABLE KEYS */;
/*!40000 ALTER TABLE `course_plo_scores` ENABLE KEYS */;
UNLOCK TABLES;

--
-- Table structure for table `course_plos`
--

DROP TABLE IF EXISTS `course_plos`;
/*!40101 SET @saved_cs_client     = @@character_set_client */;
/*!40101 SET character_set_client = utf8 */;
CREATE TABLE `course_plos` (
  `id` int(11) NOT NULL AUTO_INCREMENT,
  `course_id` int(11) DEFAULT NULL,
  `code` varchar(20) DEFAULT NULL,
  `order` int(11) DEFAULT 0,
  `name_th` text DEFAULT NULL,
  `name_en` text DEFAULT NULL,
  `description` text DEFAULT NULL,
  `created_at` datetime DEFAULT current_timestamp(),
  `updated_at` datetime DEFAULT current_timestamp() ON UPDATE current_timestamp(),
  PRIMARY KEY (`id`),
  UNIQUE KEY `uq_cplo` (`course_id`,`code`),
  CONSTRAINT `fk_cplo_course` FOREIGN KEY (`course_id`) REFERENCES `courses` (`id`) ON DELETE CASCADE
) ENGINE=InnoDB DEFAULT CHARSET=utf8mb4 COLLATE=utf8mb4_general_ci;
/*!40101 SET character_set_client = @saved_cs_client */;

--
-- Dumping data for table `course_plos`
--

LOCK TABLES `course_plos` WRITE;
/*!40000 ALTER TABLE `course_plos` DISABLE KEYS */;
/*!40000 ALTER TABLE `course_plos` ENABLE KEYS */;
UNLOCK TABLES;

--
-- Table structure for table `course_stakeholder_needs`
--

DROP TABLE IF EXISTS `course_stakeholder_needs`;
/*!40101 SET @saved_cs_client     = @@character_set_client */;
/*!40101 SET character_set_client = utf8 */;
CREATE TABLE `course_stakeholder_needs` (
  `id` int(11) NOT NULL AUTO_INCREMENT,
  `course_id` int(11) DEFAULT NULL,
  `group` text DEFAULT NULL,
  `need` text DEFAULT NULL,
  `plo_mapping` longtext CHARACTER SET utf8mb4 COLLATE utf8mb4_bin DEFAULT json_array() CHECK (json_valid(`plo_mapping`)),
  `mlo_mapping` longtext CHARACTER SET utf8mb4 COLLATE utf8mb4_bin DEFAULT json_array() CHECK (json_valid(`mlo_mapping`)),
  `created_at` datetime DEFAULT current_timestamp(),
  PRIMARY KEY (`id`),
  KEY `fk_csn_course` (`course_id`),
  CONSTRAINT `fk_csn_course` FOREIGN KEY (`course_id`) REFERENCES `courses` (`id`) ON DELETE CASCADE
) ENGINE=InnoDB DEFAULT CHARSET=utf8mb4 COLLATE=utf8mb4_general_ci;
/*!40101 SET character_set_client = @saved_cs_client */;

--
-- Dumping data for table `course_stakeholder_needs`
--

LOCK TABLES `course_stakeholder_needs` WRITE;
/*!40000 ALTER TABLE `course_stakeholder_needs` DISABLE KEYS */;
/*!40000 ALTER TABLE `course_stakeholder_needs` ENABLE KEYS */;
UNLOCK TABLES;

--
-- Table structure for table `course_vision_mission`
--

DROP TABLE IF EXISTS `course_vision_mission`;
/*!40101 SET @saved_cs_client     = @@character_set_client */;
/*!40101 SET character_set_client = utf8 */;
CREATE TABLE `course_vision_mission` (
  `id` int(11) NOT NULL AUTO_INCREMENT,
  `course_id` int(11) DEFAULT NULL,
  `type` varchar(50) DEFAULT NULL,
  `text` text DEFAULT NULL,
  `created_at` datetime DEFAULT current_timestamp(),
  PRIMARY KEY (`id`),
  UNIQUE KEY `uq_cvm` (`course_id`,`type`),
  CONSTRAINT `fk_cvm_course` FOREIGN KEY (`course_id`) REFERENCES `courses` (`id`) ON DELETE CASCADE
) ENGINE=InnoDB DEFAULT CHARSET=utf8mb4 COLLATE=utf8mb4_general_ci;
/*!40101 SET character_set_client = @saved_cs_client */;

--
-- Dumping data for table `course_vision_mission`
--

LOCK TABLES `course_vision_mission` WRITE;
/*!40000 ALTER TABLE `course_vision_mission` DISABLE KEYS */;
/*!40000 ALTER TABLE `course_vision_mission` ENABLE KEYS */;
UNLOCK TABLES;

--
-- Table structure for table `courses`
--

DROP TABLE IF EXISTS `courses`;
/*!40101 SET @saved_cs_client     = @@character_set_client */;
/*!40101 SET character_set_client = utf8 */;
CREATE TABLE `courses` (
  `id` int(11) NOT NULL AUTO_INCREMENT,
  `name_th` varchar(255) NOT NULL,
  `name_en` varchar(255) DEFAULT NULL,
  `degree_level` varchar(100) DEFAULT NULL,
  `short_detail` text DEFAULT NULL,
  `status` varchar(50) NOT NULL DEFAULT 'active',
  `program_type` varchar(100) DEFAULT NULL,
  `study_system` varchar(100) DEFAULT NULL,
  `award_title` varchar(255) DEFAULT NULL,
  `total_credits` int(11) DEFAULT NULL,
  `hero_image` text DEFAULT NULL,
  `info_image` text DEFAULT NULL,
  `bg_image` text DEFAULT NULL,
  `student_range` text DEFAULT NULL,
  `created_at` datetime NOT NULL DEFAULT current_timestamp(),
  PRIMARY KEY (`id`)
) ENGINE=InnoDB AUTO_INCREMENT=12 DEFAULT CHARSET=utf8mb4 COLLATE=utf8mb4_general_ci;
/*!40101 SET character_set_client = @saved_cs_client */;

--
-- Dumping data for table `courses`
--

LOCK TABLES `courses` WRITE;
/*!40000 ALTER TABLE `courses` DISABLE KEYS */;
INSERT INTO `courses` VALUES (3,'หลักสูตรบริหารธุรกิจบัณฑิต ปีหลักสูตร 2563','Bachelor of Business Administration (Revised 2024)','ปริญญาตรี',NULL,'active','ปกติ','ปกติ','บริหารธุรกิจบัณฑิต (บธ.บ.)',129,'https://res.cloudinary.com/dm2kfq5en/image/upload/v1774000124/fms-uploads/jiymn3ipazahpdrjqotw.jpg',NULL,NULL,'รหัส 63-66','2026-03-14 13:24:37'),(5,'หลักสูตรบริหารธุรกิจบัณฑิต ปีหลักสูตร 2567','Bachelor of Business Administration','ปริญญาตรี','หลักสูตรบริหารธุรกิจบัณฑิต ปีหลักสูตร 2567','active','หลักสูตร 4 ปี','ภาคปกติ','บริหารธุรกิจบัณฑิต (บธ.บ.)',129,'https://res.cloudinary.com/dm2kfq5en/image/upload/v1773567320/fms-uploads/bg4qfp70blbxzptqqzps.jpg',NULL,NULL,'รหัส 67-70','2026-03-14 13:26:13'),(6,'หลักสูตรบริหารธุรกิจบัณฑิต ปี2571','Bachelor of Business Administration 2028','ปริญญาตรี',NULL,'draft','หลักสูตร 4 ปี','ภาคปกติ','ปริญญาใบเดียว',129,NULL,NULL,NULL,'รหัส 71-74','2026-03-17 10:48:29'),(7,'หลักสูตรบัญชีบัณฑิต ปีหลักสูตร 2568',NULL,NULL,NULL,'maintenance',NULL,NULL,NULL,NULL,'https://res.cloudinary.com/dm2kfq5en/image/upload/v1774108234/fms-uploads/m6vgpxttyjzftksteuaq.jpg',NULL,NULL,NULL,'2026-03-19 11:41:38'),(8,'หลักสูตรบัญชีบัณฑิต ปีหลักสูตร 2564',NULL,NULL,NULL,'maintenance',NULL,NULL,NULL,NULL,'https://res.cloudinary.com/dm2kfq5en/image/upload/v1774108264/fms-uploads/adoozvt63xbkybagiiap.jpg',NULL,NULL,NULL,'2026-03-19 11:41:59'),(9,'หลักสูตรรัฐประศาสนศาสตรบัณฑิต ปีหลักสูตร 2564',NULL,NULL,NULL,'maintenance',NULL,NULL,NULL,NULL,'https://res.cloudinary.com/dm2kfq5en/image/upload/v1774108304/fms-uploads/akwtscmwaawba0ydwwcv.jpg',NULL,NULL,NULL,'2026-03-19 11:42:19'),(10,'การจัดการความเป็นผู้ประกอบการ ปีหลักสูตร 2565',NULL,'ปริญญาตรี',NULL,'maintenance','หลักสูตร 4 ปี','ภาคปกติ','ปริญญาใบเดียว',NULL,'https://res.cloudinary.com/dm2kfq5en/image/upload/v1774260208/fms-uploads/hthrbpxf8b4shgopnes4.jpg',NULL,NULL,NULL,'2026-03-19 11:42:41');
/*!40000 ALTER TABLE `courses` ENABLE KEYS */;
UNLOCK TABLES;

--
-- Table structure for table `graduate_employment`
--

DROP TABLE IF EXISTS `graduate_employment`;
/*!40101 SET @saved_cs_client     = @@character_set_client */;
/*!40101 SET character_set_client = utf8 */;
CREATE TABLE `graduate_employment` (
  `id` char(36) NOT NULL DEFAULT uuid(),
  `program_id` char(36) NOT NULL,
  `academic_year` smallint(6) NOT NULL,
  `major` varchar(10) NOT NULL,
  `employed` int(11) DEFAULT 0,
  `total` int(11) DEFAULT 0,
  `rate_employed` decimal(6,2) DEFAULT NULL,
  `rate_freelance` decimal(6,2) DEFAULT NULL,
  `rate_total` decimal(6,2) DEFAULT NULL,
  `rate_promoted` decimal(6,2) DEFAULT NULL,
  `rate_on_track` decimal(6,2) DEFAULT NULL,
  `rate_study` decimal(6,2) DEFAULT NULL,
  `created_at` datetime DEFAULT current_timestamp(),
  `updated_at` datetime DEFAULT current_timestamp() ON UPDATE current_timestamp(),
  PRIMARY KEY (`id`),
  UNIQUE KEY `uq_grad` (`program_id`,`academic_year`,`major`)
) ENGINE=InnoDB DEFAULT CHARSET=utf8mb4 COLLATE=utf8mb4_general_ci;
/*!40101 SET character_set_client = @saved_cs_client */;

--
-- Dumping data for table `graduate_employment`
--

LOCK TABLES `graduate_employment` WRITE;
/*!40000 ALTER TABLE `graduate_employment` DISABLE KEYS */;
INSERT INTO `graduate_employment` VALUES ('f907fe4e-2042-11f1-8471-00090ffe0001','00000000-0000-0000-0000-000000000001',2563,'FIN',0,0,38.33,1.67,40.00,NULL,58.33,0.00,'2026-03-15 14:45:43','2026-03-15 14:52:54'),('f90970c2-2042-11f1-8471-00090ffe0001','00000000-0000-0000-0000-000000000001',2563,'BIS',0,0,41.27,15.87,57.14,NULL,50.00,1.54,'2026-03-15 14:45:43','2026-03-15 14:52:54'),('f9099908-2042-11f1-8471-00090ffe0001','00000000-0000-0000-0000-000000000001',2563,'MKT',0,0,43.86,22.81,66.67,NULL,68.42,0.00,'2026-03-15 14:45:43','2026-03-15 14:52:55'),('f909bf9d-2042-11f1-8471-00090ffe0001','00000000-0000-0000-0000-000000000001',2563,'HRM',0,0,38.89,14.81,53.70,NULL,34.48,1.82,'2026-03-15 14:45:43','2026-03-15 14:52:55'),('f909e2c1-2042-11f1-8471-00090ffe0001','00000000-0000-0000-0000-000000000001',2563,'LSM',0,0,57.14,4.08,61.22,NULL,66.67,0.00,'2026-03-15 14:45:43','2026-03-15 14:52:55'),('f90a07cb-2042-11f1-8471-00090ffe0001','00000000-0000-0000-0000-000000000001',2563,'MICE',0,0,42.86,8.93,51.79,NULL,20.69,3.45,'2026-03-15 14:45:43','2026-03-15 14:52:55'),('f90a2954-2042-11f1-8471-00090ffe0001','00000000-0000-0000-0000-000000000001',2564,'FIN',0,0,68.85,11.48,80.33,NULL,53.06,0.00,'2026-03-15 14:45:43','2026-03-15 14:52:54'),('f90a4c63-2042-11f1-8471-00090ffe0001','00000000-0000-0000-0000-000000000001',2564,'BIS',0,0,40.38,25.00,65.38,NULL,41.18,3.85,'2026-03-15 14:45:43','2026-03-15 14:52:54'),('f90a6c72-2042-11f1-8471-00090ffe0001','00000000-0000-0000-0000-000000000001',2564,'MKT',0,0,40.00,23.33,63.33,NULL,68.42,0.00,'2026-03-15 14:45:43','2026-03-15 14:52:55'),('f90a872f-2042-11f1-8471-00090ffe0001','00000000-0000-0000-0000-000000000001',2564,'HRM',0,0,54.35,4.35,58.70,NULL,33.33,0.00,'2026-03-15 14:45:43','2026-03-15 14:52:55'),('f90a9f3f-2042-11f1-8471-00090ffe0001','00000000-0000-0000-0000-000000000001',2564,'LSM',0,0,58.33,13.33,71.67,NULL,81.40,0.00,'2026-03-15 14:45:43','2026-03-15 14:52:55'),('f90ab45a-2042-11f1-8471-00090ffe0001','00000000-0000-0000-0000-000000000001',2564,'MICE',0,0,54.10,19.67,73.77,NULL,28.89,0.00,'2026-03-15 14:45:43','2026-03-15 14:52:55'),('f90ace51-2042-11f1-8471-00090ffe0001','00000000-0000-0000-0000-000000000001',2565,'FIN',0,0,75.00,18.75,93.75,NULL,63.33,0.00,'2026-03-15 14:45:43','2026-03-15 14:52:54'),('f90aea90-2042-11f1-8471-00090ffe0001','00000000-0000-0000-0000-000000000001',2565,'BIS',0,0,57.14,23.81,80.95,NULL,58.82,0.00,'2026-03-15 14:45:43','2026-03-15 14:52:54'),('f90b057b-2042-11f1-8471-00090ffe0001','00000000-0000-0000-0000-000000000001',2565,'MKT',0,0,51.28,20.51,71.79,NULL,64.29,0.00,'2026-03-15 14:45:43','2026-03-15 14:52:55'),('f90b22a4-2042-11f1-8471-00090ffe0001','00000000-0000-0000-0000-000000000001',2565,'HRM',0,0,56.25,12.50,68.75,NULL,54.55,0.00,'2026-03-15 14:45:43','2026-03-15 14:52:55'),('f90b39a6-2042-11f1-8471-00090ffe0001','00000000-0000-0000-0000-000000000001',2565,'LSM',0,0,73.33,16.67,90.00,NULL,77.78,3.23,'2026-03-15 14:45:43','2026-03-15 14:52:55'),('f90b4cf4-2042-11f1-8471-00090ffe0001','00000000-0000-0000-0000-000000000001',2565,'MICE',0,0,47.37,21.05,68.42,NULL,46.15,5.00,'2026-03-15 14:45:43','2026-03-15 14:52:55'),('f90b5d6d-2042-11f1-8471-00090ffe0001','00000000-0000-0000-0000-000000000001',2566,'FIN',0,0,63.89,16.67,80.56,NULL,68.97,0.00,'2026-03-15 14:45:43','2026-03-15 14:52:54'),('f90b7872-2042-11f1-8471-00090ffe0001','00000000-0000-0000-0000-000000000001',2566,'BIS',0,0,62.22,22.22,84.44,NULL,50.00,2.17,'2026-03-15 14:45:43','2026-03-15 14:52:54'),('f90b9379-2042-11f1-8471-00090ffe0001','00000000-0000-0000-0000-000000000001',2566,'MKT',0,0,47.17,37.74,84.91,NULL,64.44,0.00,'2026-03-15 14:45:43','2026-03-15 14:52:55'),('f90ba6f5-2042-11f1-8471-00090ffe0001','00000000-0000-0000-0000-000000000001',2566,'HRM',0,0,66.67,20.83,87.50,NULL,66.67,0.00,'2026-03-15 14:45:43','2026-03-15 14:52:55'),('f90bbca7-2042-11f1-8471-00090ffe0001','00000000-0000-0000-0000-000000000001',2566,'LSM',0,0,77.55,10.20,87.76,NULL,67.44,0.00,'2026-03-15 14:45:43','2026-03-15 14:52:55'),('f90be9a6-2042-11f1-8471-00090ffe0001','00000000-0000-0000-0000-000000000001',2566,'MICE',0,0,75.56,20.00,95.56,NULL,44.19,0.00,'2026-03-15 14:45:43','2026-03-15 14:52:55'),('f90c2aa4-2042-11f1-8471-00090ffe0001','00000000-0000-0000-0000-000000000001',2567,'FIN',0,0,NULL,NULL,NULL,NULL,NULL,NULL,'2026-03-15 14:45:43','2026-03-15 14:52:54'),('f90c46fa-2042-11f1-8471-00090ffe0001','00000000-0000-0000-0000-000000000001',2567,'BIS',0,0,NULL,33.33,33.33,NULL,100.00,0.00,'2026-03-15 14:45:43','2026-03-15 14:52:54'),('f90c5a40-2042-11f1-8471-00090ffe0001','00000000-0000-0000-0000-000000000001',2567,'MKT',0,0,NULL,NULL,NULL,NULL,NULL,NULL,'2026-03-15 14:45:43','2026-03-15 14:52:55'),('f90c895a-2042-11f1-8471-00090ffe0001','00000000-0000-0000-0000-000000000001',2567,'HRM',0,0,NULL,50.00,50.00,NULL,100.00,0.00,'2026-03-15 14:45:43','2026-03-15 14:52:55'),('f90c9c73-2042-11f1-8471-00090ffe0001','00000000-0000-0000-0000-000000000001',2567,'LSM',0,0,NULL,100.00,100.00,NULL,NULL,0.00,'2026-03-15 14:45:43','2026-03-15 14:52:55'),('f90cad2d-2042-11f1-8471-00090ffe0001','00000000-0000-0000-0000-000000000001',2567,'MICE',0,0,NULL,100.00,100.00,NULL,50.00,0.00,'2026-03-15 14:45:43','2026-03-15 14:52:55');
/*!40000 ALTER TABLE `graduate_employment` ENABLE KEYS */;
UNLOCK TABLES;

--
-- Table structure for table `kas_items`
--

DROP TABLE IF EXISTS `kas_items`;
/*!40101 SET @saved_cs_client     = @@character_set_client */;
/*!40101 SET character_set_client = utf8 */;
CREATE TABLE `kas_items` (
  `id` char(36) NOT NULL DEFAULT uuid(),
  `program_id` char(36) NOT NULL,
  `type` enum('K','A','S') NOT NULL,
  `code` text NOT NULL,
  `label` text NOT NULL,
  `sort_order` int(11) NOT NULL DEFAULT 0,
  `created_at` datetime NOT NULL DEFAULT current_timestamp(),
  PRIMARY KEY (`id`),
  UNIQUE KEY `uq_kas` (`program_id`,`type`,`code`(20)),
  CONSTRAINT `fk_kas_prog` FOREIGN KEY (`program_id`) REFERENCES `programs` (`id`) ON DELETE CASCADE
) ENGINE=InnoDB DEFAULT CHARSET=utf8mb4 COLLATE=utf8mb4_general_ci;
/*!40101 SET character_set_client = @saved_cs_client */;

--
-- Dumping data for table `kas_items`
--

LOCK TABLES `kas_items` WRITE;
/*!40000 ALTER TABLE `kas_items` DISABLE KEYS */;
INSERT INTO `kas_items` VALUES ('e83a03c2-1ec5-11f1-88b4-00090ffe0001','00000000-0000-0000-0000-000000000001','K','K1','รูปแบบและคุณลักษณะการเป็นผู้นำ',1,'2026-03-13 17:17:57'),('e83a33d9-1ec5-11f1-88b4-00090ffe0001','00000000-0000-0000-0000-000000000001','K','K3','บริหารธุรกิจ',3,'2026-03-13 17:17:57'),('e83a3588-1ec5-11f1-88b4-00090ffe0001','00000000-0000-0000-0000-000000000001','K','K8','กลยุทธ์ทางธุรกิจ',8,'2026-03-13 17:17:57'),('e83a3643-1ec5-11f1-88b4-00090ffe0001','00000000-0000-0000-0000-000000000001','K','K12','การเขียนโปรแกรมคอมพิวเตอร์',12,'2026-03-13 17:17:57'),('e83a36ff-1ec5-11f1-88b4-00090ffe0001','00000000-0000-0000-0000-000000000001','A','A1','การคิดเชิงบวก',1,'2026-03-13 17:17:57'),('e83a378c-1ec5-11f1-88b4-00090ffe0001','00000000-0000-0000-0000-000000000001','A','A6','ความรับผิดชอบ',6,'2026-03-13 17:17:57'),('e83a381b-1ec5-11f1-88b4-00090ffe0001','00000000-0000-0000-0000-000000000001','A','A9','จริยธรรม',9,'2026-03-13 17:17:57'),('e83a4494-1ec5-11f1-88b4-00090ffe0001','00000000-0000-0000-0000-000000000001','S','S5','การคิดวิเคราะห์',5,'2026-03-13 17:17:57'),('e83a4553-1ec5-11f1-88b4-00090ffe0001','00000000-0000-0000-0000-000000000001','S','S8','การแก้ปัญหา',8,'2026-03-13 17:17:57'),('e83a466f-1ec5-11f1-88b4-00090ffe0001','00000000-0000-0000-0000-000000000001','S','S17','การสื่อสาร',17,'2026-03-13 17:17:57'),('e83a8d2e-1ec5-11f1-88b4-00090ffe0001','00000000-0000-0000-0000-000000000001','S','S22','การทำงานเป็นทีม',22,'2026-03-13 17:17:57');
/*!40000 ALTER TABLE `kas_items` ENABLE KEYS */;
UNLOCK TABLES;

--
-- Table structure for table `kas_references`
--

DROP TABLE IF EXISTS `kas_references`;
/*!40101 SET @saved_cs_client     = @@character_set_client */;
/*!40101 SET character_set_client = utf8 */;
CREATE TABLE `kas_references` (
  `id` char(36) NOT NULL DEFAULT uuid(),
  `type` enum('K','A','S') NOT NULL,
  `code` text NOT NULL,
  `label` varchar(255) DEFAULT NULL,
  `plo_count` int(11) DEFAULT 0,
  `mlo_count` int(11) DEFAULT 0,
  `created_at` datetime DEFAULT current_timestamp(),
  `updated_at` datetime DEFAULT current_timestamp() ON UPDATE current_timestamp(),
  PRIMARY KEY (`id`),
  UNIQUE KEY `uq_kasref` (`type`,`code`(20))
) ENGINE=InnoDB DEFAULT CHARSET=utf8mb4 COLLATE=utf8mb4_general_ci;
/*!40101 SET character_set_client = @saved_cs_client */;

--
-- Dumping data for table `kas_references`
--

LOCK TABLES `kas_references` WRITE;
/*!40000 ALTER TABLE `kas_references` DISABLE KEYS */;
INSERT INTO `kas_references` VALUES ('6355faf4-25c0-11f1-aae2-00090ffe0001','K','K1','รูปแบบและคุณลักษณะการเป็นผู้นำ',0,0,'2026-03-22 14:26:05','2026-03-22 14:26:05'),('6cd285de-25b2-11f1-aae2-00090ffe0001','K','K2','วิธีการปรับตัว',0,0,'2026-03-22 12:46:08','2026-03-22 12:46:08'),('6cd287df-25b2-11f1-aae2-00090ffe0001','K','K3','บริหารธุรกิจ',0,0,'2026-03-22 12:46:08','2026-03-22 12:46:08'),('6cd2887b-25b2-11f1-aae2-00090ffe0001','K','K4','เทคโนโลยีสารสนเทศ',0,0,'2026-03-22 12:46:08','2026-03-22 12:46:08'),('6cd2890c-25b2-11f1-aae2-00090ffe0001','K','K5','รูปแบบและเครื่องมือเทคโนโลยีการสื่อสาร',0,0,'2026-03-22 12:46:08','2026-03-22 12:46:08'),('6cd28992-25b2-11f1-aae2-00090ffe0001','K','K6','ธุรกิจอัจฉริยะ',0,0,'2026-03-22 12:46:08','2026-03-22 12:46:08'),('6cd28a35-25b2-11f1-aae2-00090ffe0001','K','K7','ระบบฐานข้อมูล',0,0,'2026-03-22 12:46:08','2026-03-22 12:46:08'),('6cd28acd-25b2-11f1-aae2-00090ffe0001','K','K8','กลยุทธ์ทางธุรกิจ',0,0,'2026-03-22 12:46:08','2026-03-22 12:46:08'),('6cd28b57-25b2-11f1-aae2-00090ffe0001','K','K9','การเป็นผู้ประกอบการ',0,0,'2026-03-22 12:46:08','2026-03-22 12:46:08'),('6cd28d90-25b2-11f1-aae2-00090ffe0001','K','K10','ระเบียบวิธีวิจัย',0,0,'2026-03-22 12:46:08','2026-03-22 12:46:08'),('6cd28e39-25b2-11f1-aae2-00090ffe0001','K','K11','การอ้างอิงข้อมูล',0,0,'2026-03-22 12:46:08','2026-03-22 12:46:08'),('6cd28ed0-25b2-11f1-aae2-00090ffe0001','K','K12','การเขียนโปรแกรมคอมพิวเตอร์',0,0,'2026-03-22 12:46:08','2026-03-22 12:46:08'),('6cd28f5f-25b2-11f1-aae2-00090ffe0001','K','K13','จิตวิทยา',0,0,'2026-03-22 12:46:08','2026-03-22 12:46:08'),('6cd28ff1-25b2-11f1-aae2-00090ffe0001','K','K14','แนวทางการทำงานเป็นทีม',0,0,'2026-03-22 12:46:08','2026-03-22 12:46:08'),('6cd290ca-25b2-11f1-aae2-00090ffe0001','K','K15','นวัตกรรม',0,0,'2026-03-22 12:46:08','2026-03-22 12:46:08'),('6cd291e4-25b2-11f1-aae2-00090ffe0001','K','K16','กฎหมายแรงงาน',0,0,'2026-03-22 12:46:08','2026-03-22 12:46:08'),('6cd2925e-25b2-11f1-aae2-00090ffe0001','K','K17','กฎหมายทางธุรกิจ',0,0,'2026-03-22 12:46:08','2026-03-22 12:46:08'),('6cd292df-25b2-11f1-aae2-00090ffe0001','K','K18','จริยธรรม',0,0,'2026-03-22 12:46:08','2026-03-22 12:46:08'),('6cd2935e-25b2-11f1-aae2-00090ffe0001','K','K19','จรรยาบรรณ',0,0,'2026-03-22 12:46:08','2026-03-22 12:46:08'),('6cd293da-25b2-11f1-aae2-00090ffe0001','K','K20','การเงิน',0,0,'2026-03-22 12:46:08','2026-03-22 12:46:08'),('6cd29468-25b2-11f1-aae2-00090ffe0001','K','K21','วิธีการสื่อสาร',0,0,'2026-03-22 12:46:08','2026-03-22 12:46:08'),('6cd294ec-25b2-11f1-aae2-00090ffe0001','K','K22','การลงทุน',0,0,'2026-03-22 12:46:08','2026-03-22 12:46:08'),('6cd2956a-25b2-11f1-aae2-00090ffe0001','K','K23','ภาษาอังกฤษ',0,0,'2026-03-22 12:46:08','2026-03-22 12:46:08'),('6cd295f5-25b2-11f1-aae2-00090ffe0001','K','K24','การกระจายการลงทุน',0,0,'2026-03-22 12:46:08','2026-03-22 12:46:08'),('6cd29685-25b2-11f1-aae2-00090ffe0001','K','K25','หน้าที่พลเมือง',0,0,'2026-03-22 12:46:08','2026-03-22 12:46:08'),('6cd29727-25b2-11f1-aae2-00090ffe0001','K','K26','การจำลองสถานการณ์',0,0,'2026-03-22 12:46:08','2026-03-22 12:46:08'),('6cd297d3-25b2-11f1-aae2-00090ffe0001','K','K27','กองทุนรวม',0,0,'2026-03-22 12:46:08','2026-03-22 12:46:08'),('6cd29852-25b2-11f1-aae2-00090ffe0001','K','K28','การกำกับดูแลการฟอกเงิน',0,0,'2026-03-22 12:46:08','2026-03-22 12:46:08'),('6cd298d2-25b2-11f1-aae2-00090ffe0001','K','K29','การเงินระหว่างประเทศ',0,0,'2026-03-22 12:46:08','2026-03-22 12:46:08'),('6cd2997a-25b2-11f1-aae2-00090ffe0001','K','K30','การบริหารความเสี่ยงทางการเงิน',0,0,'2026-03-22 12:46:08','2026-03-22 12:46:08'),('6cd29a17-25b2-11f1-aae2-00090ffe0001','K','K31','การประเมินมูลค่า',0,0,'2026-03-22 12:46:08','2026-03-22 12:46:08'),('6cd29ad4-25b2-11f1-aae2-00090ffe0001','K','K32','การวางแผนธุรกิจ',0,0,'2026-03-22 12:46:08','2026-03-22 12:46:08'),('6cd29b63-25b2-11f1-aae2-00090ffe0001','K','K33','การวิเคราะห์ทางการเงิน',0,0,'2026-03-22 12:46:08','2026-03-22 12:46:08'),('6cd29bf1-25b2-11f1-aae2-00090ffe0001','K','K34','การวิเคราะห์สภาพแวดล้อม',0,0,'2026-03-22 12:46:08','2026-03-22 12:46:08'),('6cd29c86-25b2-11f1-aae2-00090ffe0001','K','K35','งบการเงิน',0,0,'2026-03-22 12:46:08','2026-03-22 12:46:08'),('6cd29d06-25b2-11f1-aae2-00090ffe0001','K','K36','ตราสารทุน',0,0,'2026-03-22 12:46:08','2026-03-22 12:46:08'),('6cd29d8b-25b2-11f1-aae2-00090ffe0001','K','K37','ตราสารหนี้',0,0,'2026-03-22 12:46:08','2026-03-22 12:46:08'),('6cd29e00-25b2-11f1-aae2-00090ffe0001','K','K38','ตราสารอนุพันธ์',0,0,'2026-03-22 12:46:08','2026-03-22 12:46:08'),('6cd29e74-25b2-11f1-aae2-00090ffe0001','K','K39','มูลค่าของเงินตามเวลา',0,0,'2026-03-22 12:46:08','2026-03-22 12:46:08'),('6cd29ef1-25b2-11f1-aae2-00090ffe0001','K','K40','ระบบการเงินไทยและต่างประเทศ',0,0,'2026-03-22 12:46:08','2026-03-22 12:46:08'),('6cd29f7b-25b2-11f1-aae2-00090ffe0001','K','K41','วิเคราะห์แนวโน้ม',0,0,'2026-03-22 12:46:08','2026-03-22 12:46:08'),('6cd2a091-25b2-11f1-aae2-00090ffe0001','K','K42','ธุรกิจระหว่างประเทศ',0,0,'2026-03-22 12:46:08','2026-03-22 12:46:08'),('6cd2a122-25b2-11f1-aae2-00090ffe0001','K','K43','สินทรัพย์ลงทุนและสินทรัพย์ทางเลือก',0,0,'2026-03-22 12:46:08','2026-03-22 12:46:08'),('6cd2a1c7-25b2-11f1-aae2-00090ffe0001','K','K44','อัตราผลตอบแทนและความเสี่ยง',0,0,'2026-03-22 12:46:08','2026-03-22 12:46:08'),('6cd2a27f-25b2-11f1-aae2-00090ffe0001','K','K45','การบริหารความเสี่ยง',0,0,'2026-03-22 12:46:08','2026-03-22 12:46:08'),('6cd2a2f8-25b2-11f1-aae2-00090ffe0001','K','K46','การประกันภัย',0,0,'2026-03-22 12:46:08','2026-03-22 12:46:08'),('6cd2a375-25b2-11f1-aae2-00090ffe0001','K','K47','การประมาณการทางการเงิน',0,0,'2026-03-22 12:46:08','2026-03-22 12:46:08'),('6cd2a3f2-25b2-11f1-aae2-00090ffe0001','K','K48','การวางแผนการเงินส่วนบุคคล',0,0,'2026-03-22 12:46:08','2026-03-22 12:46:08'),('6cd2a46f-25b2-11f1-aae2-00090ffe0001','K','K49','การวางแผนการเงินสำหรับการเกษียณ',0,0,'2026-03-22 12:46:08','2026-03-22 12:46:08'),('6cd2a4f2-25b2-11f1-aae2-00090ffe0001','K','K50','การวางแผนการเงินองค์รวม',0,0,'2026-03-22 12:46:08','2026-03-22 12:46:08'),('6cd2a580-25b2-11f1-aae2-00090ffe0001','K','K51','การวางแผนภาษี',0,0,'2026-03-22 12:46:08','2026-03-22 12:46:08'),('6cd2a6b1-25b2-11f1-aae2-00090ffe0001','K','K52','การวางแผนมรดก',0,0,'2026-03-22 12:46:08','2026-03-22 12:46:08'),('6cd2a742-25b2-11f1-aae2-00090ffe0001','K','K53','มาตรฐานการปฏิบัติวิชาชีพทางการเงิน',0,0,'2026-03-22 12:46:08','2026-03-22 12:46:08'),('6cd2a7cc-25b2-11f1-aae2-00090ffe0001','K','K54','ตลาดเงินและตลาดทุน',0,0,'2026-03-22 12:46:08','2026-03-22 12:46:08'),('6cd2a84b-25b2-11f1-aae2-00090ffe0001','K','K55','การจัดหาเงินทุน',0,0,'2026-03-22 12:46:08','2026-03-22 12:46:08'),('6cd2a8cb-25b2-11f1-aae2-00090ffe0001','K','K56','การบริหารการเงิน',0,0,'2026-03-22 12:46:08','2026-03-22 12:46:08'),('6cd2a945-25b2-11f1-aae2-00090ffe0001','K','K57','การบริหารเงินทุนหมุนเวียน',0,0,'2026-03-22 12:46:08','2026-03-22 12:46:08'),('6cd2a9c0-25b2-11f1-aae2-00090ffe0001','K','K58','การบริหารสินเชื่อ',0,0,'2026-03-22 12:46:08','2026-03-22 12:46:08'),('6cd2aa5d-25b2-11f1-aae2-00090ffe0001','K','K59','งบลงทุน',0,0,'2026-03-22 12:46:08','2026-03-22 12:46:08'),('6cd2aadc-25b2-11f1-aae2-00090ffe0001','K','K60','นโยบายการเงินและนโยบายการคลัง',0,0,'2026-03-22 12:46:08','2026-03-22 12:46:08'),('6cd2ab68-25b2-11f1-aae2-00090ffe0001','K','K61','บริหารต้นทุน',0,0,'2026-03-22 12:46:08','2026-03-22 12:46:08'),('6cd2ac14-25b2-11f1-aae2-00090ffe0001','K','K62','บัญชีบริหาร',0,0,'2026-03-22 12:46:08','2026-03-22 12:46:08'),('6cd2ac90-25b2-11f1-aae2-00090ffe0001','K','K63','สถาบันการเงิน',0,0,'2026-03-22 12:46:08','2026-03-22 12:46:08'),('6cd2ad13-25b2-11f1-aae2-00090ffe0001','K','K64','การจัดการ',0,0,'2026-03-22 12:46:08','2026-03-22 12:46:08'),('6cd2ad9b-25b2-11f1-aae2-00090ffe0001','K','K65','การจัดการการดำเนินงาน',0,0,'2026-03-22 12:46:08','2026-03-22 12:46:08'),('6cd2ae19-25b2-11f1-aae2-00090ffe0001','K','K66','การจัดการทรัพยากรมนุษย์',0,0,'2026-03-22 12:46:08','2026-03-22 12:46:08'),('6cd2ae99-25b2-11f1-aae2-00090ffe0001','K','K67','การจัดการโลจิสติกส์และโซ่อุปทาน',0,0,'2026-03-22 12:46:08','2026-03-22 12:46:08'),('6cd2af1d-25b2-11f1-aae2-00090ffe0001','K','K68','การตลาด',0,0,'2026-03-22 12:46:08','2026-03-22 12:46:08'),('6cd2afa1-25b2-11f1-aae2-00090ffe0001','K','K69','การบัญชี',0,0,'2026-03-22 12:46:08','2026-03-22 12:46:08'),('6cd2b021-25b2-11f1-aae2-00090ffe0001','K','K70','พฤติกรรมผู้บริโภค',0,0,'2026-03-22 12:46:08','2026-03-22 12:46:08'),('6cd2b0ad-25b2-11f1-aae2-00090ffe0001','K','K71','กลยุทธ์',0,0,'2026-03-22 12:46:08','2026-03-22 12:46:08'),('6cd2b150-25b2-11f1-aae2-00090ffe0001','K','K72','แบรนด์และผลิตภัณฑ์',0,0,'2026-03-22 12:46:08','2026-03-22 12:46:08'),('6cd2b2eb-25b2-11f1-aae2-00090ffe0001','K','K73','พหุวัฒนธรรม',0,0,'2026-03-22 12:46:08','2026-03-22 12:46:08'),('6cd2b3b2-25b2-11f1-aae2-00090ffe0001','K','K74','การวิเคราะห์ราคา',0,0,'2026-03-22 12:46:08','2026-03-22 12:46:08'),('6cd2b440-25b2-11f1-aae2-00090ffe0001','K','K75','การตลาดเพื่อสังคม',0,0,'2026-03-22 12:46:08','2026-03-22 12:46:08'),('6cd2b4c6-25b2-11f1-aae2-00090ffe0001','K','K76','การจัดการช่องทางการตลาดสมัยใหม่',0,0,'2026-03-22 12:46:08','2026-03-22 12:46:08'),('6cd2b542-25b2-11f1-aae2-00090ffe0001','K','K77','การวัดและการประเมินผลทางการตลาด',0,0,'2026-03-22 12:46:08','2026-03-22 12:46:08'),('6cd2b5ea-25b2-11f1-aae2-00090ffe0001','K','K78','การสื่อสารทางการตลาดเชิงบูรณาการ',0,0,'2026-03-22 12:46:08','2026-03-22 12:46:08'),('6cd2b672-25b2-11f1-aae2-00090ffe0001','K','K79','การตลาดดิจิทัล',0,0,'2026-03-22 12:46:08','2026-03-22 12:46:08'),('6cd2b6f3-25b2-11f1-aae2-00090ffe0001','K','K80','การตลาดบริการ',0,0,'2026-03-22 12:46:08','2026-03-22 12:46:08'),('6cd2b795-25b2-11f1-aae2-00090ffe0001','K','K81','โครงสร้างข้อมูลและอัลกอริทึม',0,0,'2026-03-22 12:46:08','2026-03-22 12:46:08'),('6cd2b8ae-25b2-11f1-aae2-00090ffe0001','K','K82','การเขียนโปรแกรมระบบเว็บ',0,0,'2026-03-22 12:46:08','2026-03-22 12:46:08'),('6cd2b94a-25b2-11f1-aae2-00090ffe0001','K','K83','การพยากรณ์กำลังคน',0,0,'2026-03-22 12:46:08','2026-03-22 12:46:08'),('6cd2b9dd-25b2-11f1-aae2-00090ffe0001','K','K84','การออกแบบและบริหารโครงการ',0,0,'2026-03-22 12:46:08','2026-03-22 12:46:08'),('6cd2ba71-25b2-11f1-aae2-00090ffe0001','K','K85','ทฤษฎีและแนวเกี่ยวกับพฤติกรรมมนุษย์',0,0,'2026-03-22 12:46:08','2026-03-22 12:46:08'),('6cd2baf6-25b2-11f1-aae2-00090ffe0001','K','K86','เครือข่ายคอมพิวเตอร์',0,0,'2026-03-22 12:46:08','2026-03-22 12:46:08'),('6cd2bb79-25b2-11f1-aae2-00090ffe0001','K','K87','การวางแผนกำลังคน',0,0,'2026-03-22 12:46:08','2026-03-22 12:46:08'),('6cd2bc23-25b2-11f1-aae2-00090ffe0001','K','K88','การฝึกอบรมและพัฒนา',0,0,'2026-03-22 12:46:08','2026-03-22 12:46:08'),('6cd2bccb-25b2-11f1-aae2-00090ffe0001','K','K89','แรงจูงใจ',0,0,'2026-03-22 12:46:08','2026-03-22 12:46:08'),('6cd2bd50-25b2-11f1-aae2-00090ffe0001','K','K90','ความมั่นคงของระบบสารสนเทศ',0,0,'2026-03-22 12:46:08','2026-03-22 12:46:08'),('6cd2bde2-25b2-11f1-aae2-00090ffe0001','K','K91','การจัดการความขัดแย้ง',0,0,'2026-03-22 12:46:08','2026-03-22 12:46:08'),('6cd2be79-25b2-11f1-aae2-00090ffe0001','K','K92','วางแผนระบบสารสนเทศทางธุรกิจ',0,0,'2026-03-22 12:46:08','2026-03-22 12:46:08'),('6cd2bf0b-25b2-11f1-aae2-00090ffe0001','K','K93','ออกแบบกราฟิก',0,0,'2026-03-22 12:46:08','2026-03-22 12:46:08'),('6cd2bf9b-25b2-11f1-aae2-00090ffe0001','K','K94','ระบบคอมพิวเตอร์',0,0,'2026-03-22 12:46:08','2026-03-22 12:46:08'),('6cd2c02a-25b2-11f1-aae2-00090ffe0001','K','K95','การจัดการโครงการ',0,0,'2026-03-22 12:46:08','2026-03-22 12:46:08'),('6cd2c0a5-25b2-11f1-aae2-00090ffe0001','K','K96','การบริหารท่าเรือ',0,0,'2026-03-22 12:46:08','2026-03-22 12:46:08'),('6cd2c131-25b2-11f1-aae2-00090ffe0001','K','K97','การจัดระวางสินค้า',0,0,'2026-03-22 12:46:08','2026-03-22 12:46:08'),('6cd2c1ae-25b2-11f1-aae2-00090ffe0001','K','K98','การประกันคุณภาพ',0,0,'2026-03-22 12:46:08','2026-03-22 12:46:08'),('6cd2c24b-25b2-11f1-aae2-00090ffe0001','K','K99','การบริหารคุณภาพ',0,0,'2026-03-22 12:46:08','2026-03-22 12:46:08'),('6cd2c2eb-25b2-11f1-aae2-00090ffe0001','K','K100','มาตรฐานการปฏิบัติทางโลจิสติกส์และโซ่อุปทาน',0,0,'2026-03-22 12:46:08','2026-03-22 12:46:08'),('6cd2c38b-25b2-11f1-aae2-00090ffe0001','K','K101','นโยบายโลจิสติกส์และโซ่อุปทาน',0,0,'2026-03-22 12:46:08','2026-03-22 12:46:08'),('6cd2c41e-25b2-11f1-aae2-00090ffe0001','K','K102','การขนส่งสินค้าทางเรือ',0,0,'2026-03-22 12:46:08','2026-03-22 12:46:08'),('6cd2c4d8-25b2-11f1-aae2-00090ffe0001','K','K103','การค้าระหว่างประเทศ',0,0,'2026-03-22 12:46:08','2026-03-22 12:46:08'),('6cd2c56c-25b2-11f1-aae2-00090ffe0001','K','K104','การบริหารสินค้าคงคลัง',0,0,'2026-03-22 12:46:08','2026-03-22 12:46:08'),('6cd2c603-25b2-11f1-aae2-00090ffe0001','K','K105','การจัดการคลังสินค้า',0,0,'2026-03-22 12:46:08','2026-03-22 12:46:08'),('6cd2c890-25b2-11f1-aae2-00090ffe0001','K','K106','การขนส่งสินค้าทางบก',0,0,'2026-03-22 12:46:08','2026-03-22 12:46:08'),('6cd2c965-25b2-11f1-aae2-00090ffe0001','K','K107','การกระจายสินค้า',0,0,'2026-03-22 12:46:08','2026-03-22 12:46:08'),('6cd2c9e5-25b2-11f1-aae2-00090ffe0001','K','K108','การจัดการโซ่อุปทานระดับโลก',0,0,'2026-03-22 12:46:08','2026-03-22 12:46:08'),('6cd2ca6c-25b2-11f1-aae2-00090ffe0001','K','K109','การขนส่งสินค้าทางอากาศ',0,0,'2026-03-22 12:46:08','2026-03-22 12:46:08'),('6cd2caee-25b2-11f1-aae2-00090ffe0001','K','K110','การจัดซื้อจัดหา',0,0,'2026-03-22 12:46:08','2026-03-22 12:46:08'),('6cd2cb8b-25b2-11f1-aae2-00090ffe0001','K','K111','กระบวนการผลิตและการบริการ',0,0,'2026-03-22 12:46:08','2026-03-22 12:46:08'),('6cd2cc28-25b2-11f1-aae2-00090ffe0001','K','K112','การวิเคราะห์เชิงปริมาณ',0,0,'2026-03-22 12:46:08','2026-03-22 12:46:08'),('6cd34e28-25b2-11f1-aae2-00090ffe0001','K','K113','พิธีการศุลกากร',0,0,'2026-03-22 12:46:08','2026-03-22 12:46:08'),('6cd34f86-25b2-11f1-aae2-00090ffe0001','K','K114','แบบจำลองโซ่อุปทาน',0,0,'2026-03-22 12:46:08','2026-03-22 12:46:08'),('6cd35036-25b2-11f1-aae2-00090ffe0001','A','A1','การคิดเชิงบวก',0,0,'2026-03-22 12:46:08','2026-03-22 12:46:08'),('6cd350e7-25b2-11f1-aae2-00090ffe0001','A','A2','การยอมรับฟังความคิดเห็นของผู้อื่น',0,0,'2026-03-22 12:46:08','2026-03-22 12:46:08'),('6cd35190-25b2-11f1-aae2-00090ffe0001','A','A3','ความฉลาดทางอารมณ์',0,0,'2026-03-22 12:46:08','2026-03-22 12:46:08'),('6cd35222-25b2-11f1-aae2-00090ffe0001','A','A4','การรับรู้ความสามารถของตนเอง',0,0,'2026-03-22 12:46:08','2026-03-22 12:46:08'),('6cd352b0-25b2-11f1-aae2-00090ffe0001','A','A5','ความอดทนอดกลั้น',0,0,'2026-03-22 12:46:08','2026-03-22 12:46:08'),('6cd35347-25b2-11f1-aae2-00090ffe0001','A','A6','ความรับผิดชอบ',0,0,'2026-03-22 12:46:08','2026-03-22 12:46:08'),('6cd353c6-25b2-11f1-aae2-00090ffe0001','A','A7','ความกระตือรือร้น',0,0,'2026-03-22 12:46:08','2026-03-22 12:46:08'),('6cd35446-25b2-11f1-aae2-00090ffe0001','A','A8','ความรับผิดชอบต่อสังคม',0,0,'2026-03-22 12:46:08','2026-03-22 12:46:08'),('6cd354c6-25b2-11f1-aae2-00090ffe0001','A','A9','จริยธรรม',0,0,'2026-03-22 12:46:08','2026-03-22 12:46:08'),('6cd3554b-25b2-11f1-aae2-00090ffe0001','A','A10','ความใฝ่รู้',0,0,'2026-03-22 12:46:08','2026-03-22 12:46:08'),('6cd355d4-25b2-11f1-aae2-00090ffe0001','A','A11','ความมีวินัย',0,0,'2026-03-22 12:46:08','2026-03-22 12:46:08'),('6cd35685-25b2-11f1-aae2-00090ffe0001','A','A12','ความรอบคอบ',0,0,'2026-03-22 12:46:08','2026-03-22 12:46:08'),('6cd3570e-25b2-11f1-aae2-00090ffe0001','A','A13','การยอมรับความต่างทางพหุวัฒนธรรม',0,0,'2026-03-22 12:46:08','2026-03-22 12:46:08'),('6cd3579c-25b2-11f1-aae2-00090ffe0001','A','A14','ความอ่อนน้อมถ่อมตน',0,0,'2026-03-22 12:46:08','2026-03-22 12:46:08'),('6cd3582b-25b2-11f1-aae2-00090ffe0001','A','A15','เคารพผู้อื่น',0,0,'2026-03-22 12:46:08','2026-03-22 12:46:08'),('6cd358af-25b2-11f1-aae2-00090ffe0001','A','A16','การมีวิสัยทัศน์',0,0,'2026-03-22 12:46:08','2026-03-22 12:46:08'),('6cd3592e-25b2-11f1-aae2-00090ffe0001','A','A17','การรู้จักกาละเทศะ',0,0,'2026-03-22 12:46:08','2026-03-22 12:46:08'),('6cd359b2-25b2-11f1-aae2-00090ffe0001','A','A18','ความเชื่อมั่นในตนเอง',0,0,'2026-03-22 12:46:08','2026-03-22 12:46:08'),('6cd35a31-25b2-11f1-aae2-00090ffe0001','A','A19','ความพยายามอุตสาหะ',0,0,'2026-03-22 12:46:08','2026-03-22 12:46:08'),('6cd35aa9-25b2-11f1-aae2-00090ffe0001','A','A20','ความซื่อสัตย์',0,0,'2026-03-22 12:46:08','2026-03-22 12:46:08'),('6cd35b32-25b2-11f1-aae2-00090ffe0001','A','A21','จิตอาสา',0,0,'2026-03-22 12:46:08','2026-03-22 12:46:08'),('6cd35bc2-25b2-11f1-aae2-00090ffe0001','A','A22','ความเสียสละ',0,0,'2026-03-22 12:46:08','2026-03-22 12:46:08'),('6cd35c56-25b2-11f1-aae2-00090ffe0001','A','A23','ความยุติธรรม',0,0,'2026-03-22 12:46:08','2026-03-22 12:46:08'),('6cd35ce5-25b2-11f1-aae2-00090ffe0001','S','S1','การปรับตัว',0,0,'2026-03-22 12:46:08','2026-03-22 12:46:08'),('6cd35d75-25b2-11f1-aae2-00090ffe0001','S','S2','การทำงานภายใต้แรงกดดัน',0,0,'2026-03-22 12:46:08','2026-03-22 12:46:08'),('6cd35e08-25b2-11f1-aae2-00090ffe0001','S','S3','การเข้าสังคม',0,0,'2026-03-22 12:46:08','2026-03-22 12:46:08'),('6cd35eb7-25b2-11f1-aae2-00090ffe0001','S','S4','การคิดเชิงระบบ',0,0,'2026-03-22 12:46:08','2026-03-22 12:46:08'),('6cd35f4c-25b2-11f1-aae2-00090ffe0001','S','S5','การคิดวิเคราะห์',0,0,'2026-03-22 12:46:08','2026-03-22 12:46:08'),('6cd35fdd-25b2-11f1-aae2-00090ffe0001','S','S6','การนำเสนอ',0,0,'2026-03-22 12:46:08','2026-03-22 12:46:08'),('6cd36064-25b2-11f1-aae2-00090ffe0001','S','S7','การตัดสินใจ',0,0,'2026-03-22 12:46:08','2026-03-22 12:46:08'),('6cd360e7-25b2-11f1-aae2-00090ffe0001','S','S8','การแก้ปัญหา',0,0,'2026-03-22 12:46:08','2026-03-22 12:46:08'),('6cd3616e-25b2-11f1-aae2-00090ffe0001','S','S9','การใช้โปรแกรมคอมพิวเตอร์',0,0,'2026-03-22 12:46:08','2026-03-22 12:46:08'),('6cd361ef-25b2-11f1-aae2-00090ffe0001','S','S10','การประเมินผล',0,0,'2026-03-22 12:46:08','2026-03-22 12:46:08'),('6cd36284-25b2-11f1-aae2-00090ffe0001','S','S11','การประยุกต์',0,0,'2026-03-22 12:46:08','2026-03-22 12:46:08'),('6cd36316-25b2-11f1-aae2-00090ffe0001','S','S12','การสืบค้นข้อมูล',0,0,'2026-03-22 12:46:08','2026-03-22 12:46:08'),('6cd363a6-25b2-11f1-aae2-00090ffe0001','S','S13','การวางแผน',0,0,'2026-03-22 12:46:08','2026-03-22 12:46:08'),('6cd36437-25b2-11f1-aae2-00090ffe0001','S','S14','การจัดการ',0,0,'2026-03-22 12:46:08','2026-03-22 12:46:08'),('6cd364d3-25b2-11f1-aae2-00090ffe0001','S','S15','ความคิดเชิงสร้างสรรค์',0,0,'2026-03-22 12:46:08','2026-03-22 12:46:08'),('6cd365e7-25b2-11f1-aae2-00090ffe0001','S','S16','การประสานงาน',0,0,'2026-03-22 12:46:08','2026-03-22 12:46:08'),('6cd3667a-25b2-11f1-aae2-00090ffe0001','S','S17','การสื่อสาร',0,0,'2026-03-22 12:46:08','2026-03-22 12:46:08'),('6cd36735-25b2-11f1-aae2-00090ffe0001','S','S18','การเป็นผู้ประกอบการ',0,0,'2026-03-22 12:46:08','2026-03-22 12:46:08'),('6cd367b7-25b2-11f1-aae2-00090ffe0001','S','S19','ความคิดเชิงสังเคราะห์',0,0,'2026-03-22 12:46:08','2026-03-22 12:46:08'),('6cd3683a-25b2-11f1-aae2-00090ffe0001','S','S20','การใช้ภาษาไทยและภาษาอังกฤษ',0,0,'2026-03-22 12:46:08','2026-03-22 12:46:08'),('6cd368cf-25b2-11f1-aae2-00090ffe0001','S','S21','การคิดอย่างมีเหตุมีผล',0,0,'2026-03-22 12:46:08','2026-03-22 12:46:08'),('6cd3695d-25b2-11f1-aae2-00090ffe0001','S','S22','การทำงานเป็นทีม',0,0,'2026-03-22 12:46:08','2026-03-22 12:46:08'),('6cd369f4-25b2-11f1-aae2-00090ffe0001','S','S23','การบริหารเวลา',0,0,'2026-03-22 12:46:08','2026-03-22 12:46:08'),('6cd36a89-25b2-11f1-aae2-00090ffe0001','S','S24','การใช้สื่อออนไลน์',0,0,'2026-03-22 12:46:08','2026-03-22 12:46:08'),('6cd36b1c-25b2-11f1-aae2-00090ffe0001','S','S25','ความเป็นผู้นำ',0,0,'2026-03-22 12:46:08','2026-03-22 12:46:08'),('6cd36b9a-25b2-11f1-aae2-00090ffe0001','S','S26','การคำนวณ',0,0,'2026-03-22 12:46:08','2026-03-22 12:46:08'),('6cd36c26-25b2-11f1-aae2-00090ffe0001','S','S27','การคาดการณ์',0,0,'2026-03-22 12:46:08','2026-03-22 12:46:08'),('6cd36caf-25b2-11f1-aae2-00090ffe0001','S','S28','การตั้งคำถามเชิงสร้างสรรค์',0,0,'2026-03-22 12:46:08','2026-03-22 12:46:08'),('6cd36d30-25b2-11f1-aae2-00090ffe0001','S','S29','การเจรจาต่อรอง',0,0,'2026-03-22 12:46:08','2026-03-22 12:46:08'),('6cd36dae-25b2-11f1-aae2-00090ffe0001','S','S30','การสังเกต',0,0,'2026-03-22 12:46:08','2026-03-22 12:46:08'),('6cd36e72-25b2-11f1-aae2-00090ffe0001','S','S31','การจัดการความขัดแย้ง',0,0,'2026-03-22 12:46:08','2026-03-22 12:46:08'),('6cd36f04-25b2-11f1-aae2-00090ffe0001','S','S32','การรู้เท่าทัน',0,0,'2026-03-22 12:46:08','2026-03-22 12:46:08'),('6cd36f98-25b2-11f1-aae2-00090ffe0001','S','S33','ความยืดหยุ่น',0,0,'2026-03-22 12:46:08','2026-03-22 12:46:08'),('6cd3f1cd-25b2-11f1-aae2-00090ffe0001','S','S34','ความคิดเชิงวิพากษ์',0,0,'2026-03-22 12:46:08','2026-03-22 12:46:08'),('6cd3f2fb-25b2-11f1-aae2-00090ffe0001','S','S35','การกล้าแสดงออก',0,0,'2026-03-22 12:46:08','2026-03-22 12:46:08'),('6cd3f3a9-25b2-11f1-aae2-00090ffe0001','S','S36','มารยาทและบุคลิกภาพ',0,0,'2026-03-22 12:46:08','2026-03-22 12:46:08'),('6cd3f9b0-25b2-11f1-aae2-00090ffe0001','S','S37','การออกแบบ',0,0,'2026-03-22 12:46:08','2026-03-22 12:46:08');
/*!40000 ALTER TABLE `kas_references` ENABLE KEYS */;
UNLOCK TABLES;

--
-- Table structure for table `major_groups`
--

DROP TABLE IF EXISTS `major_groups`;
/*!40101 SET @saved_cs_client     = @@character_set_client */;
/*!40101 SET character_set_client = utf8 */;
CREATE TABLE `major_groups` (
  `id` char(36) NOT NULL DEFAULT uuid(),
  `program_id` char(36) NOT NULL,
  `major_id` int(11) DEFAULT NULL,
  `label` text NOT NULL,
  `icon` text DEFAULT NULL,
  `sort_order` int(11) NOT NULL DEFAULT 0,
  `created_at` datetime NOT NULL DEFAULT current_timestamp(),
  PRIMARY KEY (`id`),
  KEY `idx_major_groups_program` (`program_id`),
  KEY `idx_major_groups_major` (`major_id`),
  CONSTRAINT `fk_mg_major` FOREIGN KEY (`major_id`) REFERENCES `majors` (`id`) ON DELETE SET NULL,
  CONSTRAINT `fk_mg_prog` FOREIGN KEY (`program_id`) REFERENCES `programs` (`id`) ON DELETE CASCADE
) ENGINE=InnoDB DEFAULT CHARSET=utf8mb4 COLLATE=utf8mb4_general_ci;
/*!40101 SET character_set_client = @saved_cs_client */;

--
-- Dumping data for table `major_groups`
--

LOCK TABLES `major_groups` WRITE;
/*!40000 ALTER TABLE `major_groups` DISABLE KEYS */;
INSERT INTO `major_groups` VALUES ('199b640e-0b9c-40ec-b54f-bff320ef8fef','00000000-0000-0000-0000-000000000001',NULL,'วิชาเอกการตลาดและการสื่อสาร',NULL,0,'2026-03-14 23:41:47'),('3d778ca6-3102-4f7f-876d-829def9cb34d','00000000-0000-0000-0000-000000000001',NULL,'วิชาเอกระบบสารสนเทศทางธุรกิจ',NULL,0,'2026-03-14 23:41:47'),('5e5bd194-01a5-40d2-96ca-5debe0957c5e','00000000-0000-0000-0000-000000000001',NULL,'วิชาเอกการจัดการไมซ์',NULL,0,'2026-03-14 23:41:47'),('776d7a81-47a3-4fb5-b0b7-7ea0f05b7d02','00000000-0000-0000-0000-000000000001',NULL,'วิชาเอกการเงินและการลงทุน',NULL,0,'2026-03-14 23:41:47'),('88bb7260-d3b0-472a-ad0a-818e279e9109','00000000-0000-0000-0000-000000000001',NULL,'วิชาเอกการจัดการทรัพยากรมนุษย์',NULL,0,'2026-03-14 23:41:47'),('c3fd5318-323d-44e1-82ea-d779325edf06','00000000-0000-0000-0000-000000000001',NULL,'วิชาเอกการจัดการโลจิสติกส์และโซ่อุปทาน',NULL,0,'2026-03-14 23:41:47'),('e837f455-1ec5-11f1-88b4-00090ffe0001','00000000-0000-0000-0000-000000000001',1,'การเงินและการลงทุน','💰',1,'2026-03-13 17:17:57'),('e837f80a-1ec5-11f1-88b4-00090ffe0001','00000000-0000-0000-0000-000000000001',2,'การตลาดและการสื่อสาร','📢',2,'2026-03-13 17:17:57'),('e837f94d-1ec5-11f1-88b4-00090ffe0001','00000000-0000-0000-0000-000000000001',3,'การจัดการทรัพยากรมนุษย์','👥',3,'2026-03-13 17:17:57'),('e837fa27-1ec5-11f1-88b4-00090ffe0001','00000000-0000-0000-0000-000000000001',4,'การจัดการโลจิสติกส์','🚚',4,'2026-03-13 17:17:57'),('e837fad8-1ec5-11f1-88b4-00090ffe0001','00000000-0000-0000-0000-000000000001',5,'ระบบสารสนเทศทางธุรกิจ','💻',5,'2026-03-13 17:17:57'),('e837fb80-1ec5-11f1-88b4-00090ffe0001','00000000-0000-0000-0000-000000000001',6,'การจัดการไมซ์ (MICE)','🎪',6,'2026-03-13 17:17:57');
/*!40000 ALTER TABLE `major_groups` ENABLE KEYS */;
UNLOCK TABLES;

--
-- Table structure for table `major_subjects`
--

DROP TABLE IF EXISTS `major_subjects`;
/*!40101 SET @saved_cs_client     = @@character_set_client */;
/*!40101 SET character_set_client = utf8 */;
CREATE TABLE `major_subjects` (
  `id` int(10) unsigned NOT NULL AUTO_INCREMENT,
  `major_id` int(11) NOT NULL,
  `subject_code` varchar(20) NOT NULL,
  `name_th` varchar(300) NOT NULL,
  `name_en` varchar(300) NOT NULL DEFAULT '',
  `credits` varchar(10) NOT NULL DEFAULT '3',
  `credit_detail` varchar(30) NOT NULL DEFAULT '',
  `subject_type` enum('required','elective') NOT NULL DEFAULT 'required',
  `special_note` varchar(300) NOT NULL DEFAULT '',
  `sort_order` smallint(5) unsigned NOT NULL DEFAULT 0,
  `is_active` tinyint(1) NOT NULL DEFAULT 1,
  `created_at` datetime NOT NULL DEFAULT current_timestamp(),
  `updated_at` datetime NOT NULL DEFAULT current_timestamp() ON UPDATE current_timestamp(),
  PRIMARY KEY (`id`),
  UNIQUE KEY `uq_ms_code_per_major` (`major_id`,`subject_code`),
  CONSTRAINT `fk_ms_major` FOREIGN KEY (`major_id`) REFERENCES `majors` (`id`) ON DELETE CASCADE
) ENGINE=InnoDB AUTO_INCREMENT=311 DEFAULT CHARSET=utf8mb4 COLLATE=utf8mb4_unicode_ci;
/*!40101 SET character_set_client = @saved_cs_client */;

--
-- Dumping data for table `major_subjects`
--

LOCK TABLES `major_subjects` WRITE;
/*!40000 ALTER TABLE `major_subjects` DISABLE KEYS */;
INSERT INTO `major_subjects` VALUES (1,15,'464-201','การบัญชีบริหารเพื่อการจัดการธุรกิจ','Management Accounting for Business','3','3((3)-0-6)','required','',1,1,'2026-03-19 10:49:41','2026-03-19 10:49:41'),(2,15,'473-200','ชุดวิชาการบริหารและการวิเคราะห์การเงิน','Module: Financial Management and Analysis','5','5((4)-2-9)','required','',2,1,'2026-03-19 10:49:41','2026-03-19 10:49:41'),(3,15,'473-201','หลักการวางแผนการเงินส่วนบุคคลและภาษี','Principles of Personal Financial Planning and Tax','3','3((2)-2-5)','required','',3,1,'2026-03-19 10:49:41','2026-03-19 10:49:41'),(4,15,'473-202','สถาบันการเงินและตลาดการเงิน','Financial Institutions and Markets','3','3((3)-0-6)','required','',4,1,'2026-03-19 10:49:41','2026-03-19 10:49:41'),(5,15,'473-300','ชุดวิชาการลงทุนในตราสารทุนและกองทุนรวม','Module: Equity and Mutual Fund Investment','5','5((4)-2-9)','required','',5,1,'2026-03-19 10:49:41','2026-03-19 10:49:41'),(6,15,'473-301','จรรยาบรรณและมาตรฐานในการประกอบวิชาชีพทางด้านการเงิน','Code of Ethics and Standards of Financial Professional Conduct','2','2((1)-2-3)','required','',6,1,'2026-03-19 10:49:41','2026-03-19 10:49:41'),(7,15,'473-302','ชุดวิชาบริหารความเสี่ยงทางการเงินและตราสารอนุพันธ์','Module: Financial Risk Management and Derivative','5','5((4)-2-9)','required','',7,1,'2026-03-19 10:49:41','2026-03-19 10:49:41'),(8,15,'473-303','การวิจัยทางการเงิน 1','Research in Finance I','2','2((1)-2-3)','required','',8,1,'2026-03-19 10:49:41','2026-03-19 10:49:41'),(9,15,'473-305','แบบจำลองทางการเงิน','Financial Modeling','3','3((2)-2-5)','required','',9,1,'2026-03-19 10:49:41','2026-03-19 10:49:41'),(10,15,'473-400','การเงินระหว่างประเทศ','International Finance','3','3((2)-2-5)','required','',10,1,'2026-03-19 10:49:41','2026-03-19 10:49:41'),(11,15,'473-401','การวิจัยทางการเงิน 2','Research in Finance II','2','2((1)-2-3)','required','',11,1,'2026-03-19 10:49:41','2026-03-19 10:49:41'),(12,15,'473-304','การฝึกงานทางการเงิน','Finance Internship','—','320 ชั่วโมง','required','แผนปกติ | ประเมินผล G P F',12,1,'2026-03-19 10:49:41','2026-03-19 10:49:41'),(13,15,'473-306','การวางแผนการเงินเพื่อการเกษียณ','Retirement Planning','3','3((2)-2-5)','elective','',1,1,'2026-03-19 10:49:41','2026-03-19 10:49:41'),(14,15,'473-307','การวางแผนการประกันภัย','Insurance Planning','3','3((2)-2-5)','elective','',2,1,'2026-03-19 10:49:41','2026-03-19 10:49:41'),(15,15,'473-308','การวิเคราะห์ตราสารหนี้','Fixed-Income Securities Analysis','3','3((3)-0-6)','elective','',3,1,'2026-03-19 10:49:41','2026-03-19 10:49:41'),(16,15,'473-309','นโยบายการคลังสาธารณะ','Public Fiscal Policy','3','3((3)-0-6)','elective','',4,1,'2026-03-19 10:49:41','2026-03-19 10:49:41'),(17,15,'473-310','การบริหารกลุ่มสินทรัพย์ลงทุน','Portfolio Management','3','3((2)-2-5)','elective','',5,1,'2026-03-19 10:49:41','2026-03-19 10:49:41'),(18,15,'473-311','การบริหารสินเชื่อ','Credit Management','3','3((2)-2-5)','elective','',6,1,'2026-03-19 10:49:41','2026-03-19 10:49:41'),(19,15,'473-312','คณิตศาสตร์และสถิติทางการเงิน','Financial Mathematics and Statistics','3','3((3)-0-6)','elective','',7,1,'2026-03-19 10:49:41','2026-03-19 10:49:41'),(20,15,'473-313','การบริหารความเสี่ยง การควบคุมภายใน และการตรวจสอบภายใน','Risk Management Internal Control and Internal Audit','3','3((2)-2-5)','elective','',8,1,'2026-03-19 10:49:41','2026-03-19 10:49:41'),(21,15,'473-314','การเงินเพื่อการค้าระหว่างประเทศ','Finance for International Trade','3','3((2)-2-5)','elective','',9,1,'2026-03-19 10:49:41','2026-03-19 10:49:41'),(22,15,'473-402','การวางแผนภาษีและมรดก','Tax and Estate Planning','3','3((2)-2-5)','elective','',10,1,'2026-03-19 10:49:41','2026-03-19 10:49:41'),(23,15,'473-403','การสร้างแผนการเงินส่วนบุคคลแบบบูรณาการ','Integrated Financial Plan Construction','3','3((2)-2-5)','elective','',11,1,'2026-03-19 10:49:41','2026-03-19 10:49:41'),(24,15,'473-404','ชุดวิชาการบริหารความเสี่ยงเพื่อการดำเนินธุรกิจที่ยั่งยืน','Module: Risk Management for Business Sustainability','5','5((4)-2-9)','elective','',12,1,'2026-03-19 10:49:41','2026-03-19 10:49:41'),(25,15,'473-405','หัวข้อพิเศษทางการเงิน','Special Topics in Finance','3','3((x)-y-z)','elective','',13,1,'2026-03-19 10:49:41','2026-03-19 10:49:41'),(26,18,'474-101','พฤติกรรมผู้บริโภคเพื่อการจัดการการตลาด','Consumer Behavior for Marketing Management','3','3((2)-2-5)','required','',1,1,'2026-03-19 10:49:41','2026-03-19 10:49:41'),(27,18,'474-201','การจัดการแบรนด์และผลิตภัณฑ์','Brand and Product Management','3','3((2)-2-5)','required','',2,1,'2026-03-19 10:49:41','2026-03-19 10:49:41'),(28,18,'474-202','การจัดการการตลาดเชิงนวัตกรรม','Innovative Marketing Management','3','3((2)-2-5)','required','',3,1,'2026-03-19 10:49:41','2026-03-19 10:49:41'),(29,18,'474-203','การตลาดเพื่อสังคม','Social Marketing','3','3((2)-2-5)','required','',4,1,'2026-03-19 10:49:41','2026-03-19 10:49:41'),(30,18,'474-204','กลยุทธ์และการวิเคราะห์ราคา','Pricing Analytic and Strategy','3','3((2)-2-5)','required','',5,1,'2026-03-19 10:49:41','2026-03-19 10:49:41'),(31,18,'474-301','การตลาดแบบเชื่อมโยงลูกค้าผ่านหลากหลายช่องทาง','Omnichannel Marketing','3','3((2)-2-5)','required','',6,1,'2026-03-19 10:49:41','2026-03-19 10:49:41'),(32,18,'474-302','การวัดและการประเมินผลทางการตลาด','Marketing Measurement and Evaluation','3','3((2)-2-5)','required','',7,1,'2026-03-19 10:49:41','2026-03-19 10:49:41'),(33,18,'474-303','การวิจัยการตลาด','Marketing Research','3','3((2)-2-5)','required','',8,1,'2026-03-19 10:49:41','2026-03-19 10:49:41'),(34,18,'474-305','การสื่อสารทางการตลาดเชิงบูรณาการ','Integrated Marketing Communication','3','3((2)-2-5)','required','',9,1,'2026-03-19 10:49:41','2026-03-19 10:49:41'),(35,18,'474-306','การตลาดดิจิทัล','Digital Marketing','3','3((2)-2-5)','required','',10,1,'2026-03-19 10:49:41','2026-03-19 10:49:41'),(36,18,'474-401','กลยุทธ์การตลาด','Marketing Strategy','3','3((2)-2-5)','required','',11,1,'2026-03-19 10:49:41','2026-03-19 10:49:41'),(37,18,'474-304','การฝึกงานทางการตลาด','Marketing Internship','—','320 ชั่วโมง','required','แผนปกติ | ประเมินผล G P F',12,1,'2026-03-19 10:49:41','2026-03-19 10:49:41'),(38,18,'474-307','การตลาดบริการ','Service Marketing','3','3((2)-2-5)','elective','',1,1,'2026-03-19 10:49:41','2026-03-19 10:49:41'),(39,18,'474-308','ชุดวิชาการตลาดคลื่นลูกใหม่','Module: New Wave Marketing','6','6((4)-4-10)','elective','',2,1,'2026-03-19 10:49:41','2026-03-19 10:49:41'),(40,18,'474-309','ชุดวิชาการตลาดอย่างเซียน','Module: The Master Class in Marketing','6','6((4)-4-10)','elective','',3,1,'2026-03-19 10:49:41','2026-03-19 10:49:41'),(41,18,'474-310','การตลาดแห่งความหลากหลาย','Diversity Marketing','3','3((2)-2-5)','elective','',4,1,'2026-03-19 10:49:41','2026-03-19 10:49:41'),(42,18,'474-311','การตลาดเพื่อชุมชน','Marketing for Community','3','3((2)-2-5)','elective','',5,1,'2026-03-19 10:49:41','2026-03-19 10:49:41'),(43,18,'474-404','การตลาดโลก','Global Marketing','3','3((2)-2-5)','elective','',6,1,'2026-03-19 10:49:41','2026-03-19 10:49:41'),(44,18,'474-405','การตลาดสำหรับผลิตภัณฑ์นวัตกรรม','Innovation for Marketing','3','3((2)-2-5)','elective','',7,1,'2026-03-19 10:49:41','2026-03-19 10:49:41'),(45,18,'474-406','การตลาดเพื่อสิ่งแวดล้อมและความยั่งยืน','Green and Sustainable Marketing','3','3((2)-2-5)','elective','',8,1,'2026-03-19 10:49:41','2026-03-19 10:49:41'),(46,18,'474-407','นวัตกรรมการค้าปลีก','Retail Innovation','3','3((2)-2-5)','elective','',9,1,'2026-03-19 10:49:41','2026-03-19 10:49:41'),(47,18,'474-408','สัมมนาการตลาด','Seminar in Marketing','3','3((2)-2-5)','elective','',10,1,'2026-03-19 10:49:41','2026-03-19 10:49:41'),(48,18,'474-409','หัวข้อพิเศษทางการตลาด','Special Topics in Marketing','3','3((x)-y-z)','elective','',11,1,'2026-03-19 10:49:41','2026-03-19 10:49:41'),(49,16,'475-201','การวางแผนทรัพยากรมนุษย์','Human Resource Planning','3','3((3)-0-6)','required','',1,1,'2026-03-19 10:51:16','2026-03-19 10:51:16'),(50,16,'475-202','จิตวิทยาทางธุรกิจและพฤติกรรมองค์กร','Business Psychology and Organization Behavior','3','3((3)-0-6)','required','',2,1,'2026-03-19 10:51:16','2026-03-19 10:51:16'),(51,16,'475-203','ภาวะผู้นำสำหรับศตวรรษที่ 21','Leadership for 21st century','3','3((2)-2-5)','required','',3,1,'2026-03-19 10:51:16','2026-03-19 10:51:16'),(52,16,'475-204','การพัฒนาทรัพยากรมนุษย์','Human Resource Development','3','3((2)-2-5)','required','',4,1,'2026-03-19 10:51:16','2026-03-19 10:51:16'),(53,16,'475-205','การจัดการผลตอบแทน','Compensation Management','3','3((3)-0-6)','required','',5,1,'2026-03-19 10:51:16','2026-03-19 10:51:16'),(54,16,'475-301','การจัดการประสิทธิภาพและผลการปฏิบัติงาน','Productivity and Performance Management','3','3((2)-2-5)','required','',6,1,'2026-03-19 10:51:16','2026-03-19 10:51:16'),(55,16,'475-302','การเจรจาต่อรอง และการจัดการความขัดแย้งและยากลำบาก','Negotiation and Conflict and Difficulty Management','3','3((2)-2-5)','required','',7,1,'2026-03-19 10:51:16','2026-03-19 10:51:16'),(56,16,'475-303','การวิจัยทางด้านการจัดการทรัพยากรมนุษย์','Research in Human Resource Management','3','3((1)-4-4)','required','',8,1,'2026-03-19 10:51:16','2026-03-19 10:51:16'),(57,16,'475-304','กฎหมายเกี่ยวกับการจัดการทรัพยากรมนุษย์','Human Resource Management Law','3','3((3)-0-6)','required','',9,1,'2026-03-19 10:51:16','2026-03-19 10:51:16'),(58,16,'475-402','สัมมนาการจัดการทรัพยากรมนุษย์','Seminar in Human Resource Management','3','3((1)-4-4)','required','',10,1,'2026-03-19 10:51:16','2026-03-19 10:51:16'),(59,16,'475-300','การฝึกงานทางการจัดการทรัพยากรมนุษย์','Human Resource Management Internship','—','320 ชั่วโมง','required','แผนปกติ | ประเมินผล G P F',11,1,'2026-03-19 10:51:16','2026-03-19 10:51:16'),(60,16,'475-311','การจัดการสำนักงานยุคใหม่','Modern Office Management','3','3((2)-2-5)','elective','',1,1,'2026-03-19 10:51:16','2026-03-19 10:51:16'),(61,16,'475-312','การออกแบบสื่อ','Design Media','3','3((2)-2-5)','elective','',2,1,'2026-03-19 10:51:16','2026-03-19 10:51:16'),(62,16,'475-313','การทำงานในความหลากหลาย','Working in Diversity','3','3((3)-0-6)','elective','',3,1,'2026-03-19 10:51:16','2026-03-19 10:51:16'),(63,16,'475-321','ระบบสารสนเทศเพื่อการจัดการทรัพยากรมนุษย์','Human Resource Management Information System','3','3((2)-2-5)','elective','',4,1,'2026-03-19 10:51:16','2026-03-19 10:51:16'),(64,16,'475-322','การออกแบบองค์กรและการออกแบบองค์กรใหม่','Organization Design and e-design','3','3((3)-0-6)','elective','',5,1,'2026-03-19 10:51:16','2026-03-19 10:51:16'),(65,16,'475-323','การจัดการการเปลี่ยนแปลง','Change Management','3','3((2)-2-5)','elective','',6,1,'2026-03-19 10:51:16','2026-03-19 10:51:16'),(66,16,'475-324','การสร้างประสบการณ์ให้แก่พนักงาน','Creating Employee Experience','3','3((2)-2-5)','elective','',7,1,'2026-03-19 10:51:16','2026-03-19 10:51:16'),(67,16,'475-325','การให้คำปรึกษา','Consultation','3','3((2)-2-5)','elective','',8,1,'2026-03-19 10:51:16','2026-03-19 10:51:16'),(68,16,'475-411','สัมมนาทางด้านการจัดการสมัยใหม่','Seminar in Modern Management','3','3((1)-4-4)','elective','',9,1,'2026-03-19 10:51:16','2026-03-19 10:51:16'),(69,16,'475-421','การจัดการทรัพยากรมนุษย์เชิงกลยุทธ์','Strategic Human Resource Management','3','3((3)-0-6)','elective','',10,1,'2026-03-19 10:51:16','2026-03-19 10:51:16'),(70,16,'475-422','การจัดการคนเก่ง','Talent Management','3','3((3)-0-6)','elective','',11,1,'2026-03-19 10:51:16','2026-03-19 10:51:16'),(71,16,'475-423','หัวข้อพิเศษทางการจัดการทรัพยากรมนุษย์','Special Topics in Human Resource Management','3','3((x)-y-z)','elective','',12,1,'2026-03-19 10:51:16','2026-03-19 10:51:16'),(72,17,'476-201','ความรู้เบื้องต้นเกี่ยวกับการจัดการโลจิสติกส์','Introduction to Logistics Management','3','3((3)-0-6)','required','',1,1,'2026-03-19 10:51:16','2026-03-19 10:51:16'),(73,17,'476-202','การจัดการธุรกิจระหว่างประเทศสำหรับโลจิสติกส์และโซ่อุปทาน','International Business for Logistics and Supply Chain','3','3((3)-0-6)','required','',2,1,'2026-03-19 10:51:16','2026-03-19 10:51:16'),(74,17,'476-203','การจัดการขนส่ง','Transportation Management','3','3((3)-0-6)','required','',3,1,'2026-03-19 10:51:16','2026-03-19 10:51:16'),(75,17,'476-204','การจัดซื้อและการจัดหา','Purchasing and Procurement Management','3','3((2)-2-5)','required','',4,1,'2026-03-19 10:51:16','2026-03-19 10:51:16'),(76,17,'476-301','การจัดการคลังสินค้าและการกระจายสินค้า','Warehouse and Distribution Management','3','3((3)-0-6)','required','',5,1,'2026-03-19 10:51:16','2026-03-19 10:51:16'),(77,17,'476-302','การวิเคราะห์และการจัดการสินค้าคงคลัง','Inventory Management and Analytics','3','3((3)-0-6)','required','',6,1,'2026-03-19 10:51:16','2026-03-19 10:51:16'),(78,17,'476-303','ตัวแบบการหาค่าเหมาะสมที่สุดในการจัดการโลจิสติกส์และโซ่อุปทาน','Optimization Model in Logistics and Supply Chain Management','3','3((3)-0-6)','required','',7,1,'2026-03-19 10:51:16','2026-03-19 10:51:16'),(79,17,'476-304','การจัดการการส่งออกและนำเข้า','Export and Import Procedures','3','3((3)-0-6)','required','',8,1,'2026-03-19 10:51:16','2026-03-19 10:51:16'),(80,17,'476-305','วิธีวิจัยโลจิสติกส์และโซ่อุปทาน','Research in Logistics and Supply Chain Context','3','3((2)-2-5)','required','',9,1,'2026-03-19 10:51:16','2026-03-19 10:51:16'),(81,17,'476-401','การจัดการและการออกแบบโซ่อุปทาน','Supply Chain Management and Design','3','3((3)-0-6)','required','',10,1,'2026-03-19 10:51:16','2026-03-19 10:51:16'),(82,17,'476-402','สัมมนาการจัดการโลจิสติกส์และโซ่อุปทาน','Seminar in Logistics and Supply Chain Management','3','3((2)-2-5)','required','',11,1,'2026-03-19 10:51:16','2026-03-19 10:51:16'),(83,17,'476-403','โครงงานสำหรับการจัดการโลจิสติกส์และโซ่อุปทาน','Project for Logistics and Supply Chain Management','3','3((0)-9-0)','required','',12,1,'2026-03-19 10:51:16','2026-03-19 10:51:16'),(84,17,'476-300','การฝึกงานทางโลจิสติกส์','Logistics Internship','—','320 ชั่วโมง','required','แผนปกติ | ประเมินผล G P F',13,1,'2026-03-19 10:51:16','2026-03-19 10:51:16'),(85,17,'476-311','การสร้างแบบจำลองโซ่อุปทาน','Supply Chain Modeling','3','3((3)-0-6)','elective','',1,1,'2026-03-19 10:51:16','2026-03-19 10:51:16'),(86,17,'476-312','การบริหารความสัมพันธ์ลูกค้าสำหรับโลจิสติกส์และโซ่อุปทาน','Customer Relationship Management for Logistics and Supply Chain','3','3((3)-0-6)','elective','',2,1,'2026-03-19 10:51:16','2026-03-19 10:51:16'),(87,17,'476-313','การวางแผนการจัดการทรัพยากรเพื่อการจัดการโลจิสติกส์และโซ่อุปทาน','Enterprise Resource Planning for Logistics and Supply Chain','3','3((3)-0-6)','elective','',3,1,'2026-03-19 10:51:16','2026-03-19 10:51:16'),(88,17,'476-314','ธุรกิจพาณิชยนาวี','Shipping Business','3','3((3)-0-6)','elective','',4,1,'2026-03-19 10:51:16','2026-03-19 10:51:16'),(89,17,'476-315','การบริหารท่าเรือ','Port Management','3','3((3)-0-6)','elective','',5,1,'2026-03-19 10:51:16','2026-03-19 10:51:16'),(90,17,'476-316','การพยากรณ์อุปสงค์','Demand Forecasting','3','3((3)-0-6)','elective','',6,1,'2026-03-19 10:51:16','2026-03-19 10:51:16'),(91,17,'476-317','เทคโนโลยีสารสนเทศสำหรับการจัดการโลจิสติกส์และโซ่อุปทาน','Information Technology for Logistics and Supply Chain Management','3','3((3)-0-6)','elective','',7,1,'2026-03-19 10:51:16','2026-03-19 10:51:16'),(92,17,'476-318','สถิติเพื่อการวิจัยสำหรับการจัดการโลจิสติกส์และโซ่อุปทาน','Statistics for Logistics and Supply Chain Management','3','3((3)-0-6)','elective','',8,1,'2026-03-19 10:51:16','2026-03-19 10:51:16'),(93,17,'476-411','การขนส่งต่อเนื่องหลายรูปแบบ','Multimodal Transportation','3','3((3)-0-6)','elective','',9,1,'2026-03-19 10:51:16','2026-03-19 10:51:16'),(94,17,'476-412','การบริหารระวางสินค้า','Air Cargo Management','3','3((3)-0-6)','elective','',10,1,'2026-03-19 10:51:16','2026-03-19 10:51:16'),(95,17,'476-413','การจัดการการหยุดชะงักและความเสี่ยงโซ่อุปทาน','Supply Chain Disruption and Risk Management','3','3((2)-2-5)','elective','',11,1,'2026-03-19 10:51:16','2026-03-19 10:51:16'),(96,17,'476-414','โลจิสติกส์ข้ามพรมแดน','Cross Border Logistics','3','3((3)-0-6)','elective','',12,1,'2026-03-19 10:51:16','2026-03-19 10:51:16'),(97,17,'476-415','การจัดการโซ่อุปทานสินค้าเกษตร','Agricultural Supply Chain Management','3','3((3)-0-6)','elective','',13,1,'2026-03-19 10:51:16','2026-03-19 10:51:16'),(98,17,'476-416','การจัดการโซ่อุปทานสุขภาพ','Healthcare Supply Chain Management','3','3((3)-0-6)','elective','',14,1,'2026-03-19 10:51:16','2026-03-19 10:51:16'),(99,17,'476-417','การจัดการโลจิสติกส์และโซ่อุปทานในอุตสาหกรรมการท่องเที่ยว','Logistics and Supply Chain Management in Tourism Industry','3','3((2)-2-5)','elective','',15,1,'2026-03-19 10:51:16','2026-03-19 10:51:16'),(100,17,'476-418','การจัดการโลจิสติกส์และโซ่อุปทานในภาคอุตสาหกรรม','Industrial Logistics and Supply Chain','3','3((3)-0-6)','elective','',16,1,'2026-03-19 10:51:16','2026-03-19 10:51:16'),(101,17,'476-419','ความยั่งยืนด้านการจัดการโซ่อุปทาน','Sustainable Logistics and Supply Chain Management','3','3((3)-0-6)','elective','',17,1,'2026-03-19 10:51:16','2026-03-19 10:51:16'),(102,17,'476-420','การจัดการด้านฮาลาลโลจิสติกส์และโซ่อุปทาน','Halal Logistics and Supply Chain','3','3((3)-0-6)','elective','',18,1,'2026-03-19 10:51:16','2026-03-19 10:51:16'),(103,17,'476-421','หัวข้อพิเศษด้านการจัดการโลจิสติกส์และโซ่อุปทาน','Special Topics in Logistics and Supply Chain Management','3','3((x)-y-z)','elective','',19,1,'2026-03-19 10:51:16','2026-03-19 10:51:16'),(104,14,'477-101','หลักการพื้นฐานระบบสารสนเทศ','Foundations of Information System','3','3((3)-0-6)','required','',1,1,'2026-03-19 10:52:38','2026-03-19 10:52:38'),(105,14,'477-102','ตรรกะของการใช้โปรแกรมและโครงสร้างข้อมูล','Programming Logic and Data Structure','3','3((2)-2-5)','required','',2,1,'2026-03-19 10:52:38','2026-03-19 10:52:38'),(106,14,'477-201','การเขียนโปรแกรมเบื้องต้นทางธุรกิจ','Introduction to Programming in Business','3','3((2)-2-5)','required','',3,1,'2026-03-19 10:52:38','2026-03-19 10:52:38'),(107,14,'477-202','เครือข่ายคอมพิวเตอร์และความมั่นคงทางไซเบอร์','Computer Networking and Cyber Security','3','3((2)-2-5)','required','',4,1,'2026-03-19 10:52:38','2026-03-19 10:52:38'),(108,14,'477-203','การจัดการฐานข้อมูล','Database Management','3','3((2)-2-5)','required','',5,1,'2026-03-19 10:52:38','2026-03-19 10:52:38'),(109,14,'477-204','เทคโนโลยีแพลตฟอร์มสำหรับคลาวด์','Cloud Computing Platform Technology','3','3((2)-2-5)','required','',6,1,'2026-03-19 10:52:38','2026-03-19 10:52:38'),(110,14,'477-301','การพัฒนาเว็บขั้นสมบูรณ์','Full Stack Web Development','3','3((2)-2-5)','required','',7,1,'2026-03-19 10:52:38','2026-03-19 10:52:38'),(111,14,'477-302','การวิเคราะห์และออกแบบระบบสารสนเทศทางธุรกิจ','Business Information System Analysis and Design','3','3((2)-2-5)','required','',8,1,'2026-03-19 10:52:38','2026-03-19 10:52:38'),(112,14,'477-303','ระบบสารสนเทศเพื่อการจัดการ','Management Information Systems','3','3((2)-2-5)','required','',9,1,'2026-03-19 10:52:38','2026-03-19 10:52:38'),(113,14,'477-401','สัมมนาระบบสารสนเทศทางธุรกิจ','Seminar in Business Information System','1','1((1)-0-2)','required','',10,1,'2026-03-19 10:52:38','2026-03-19 10:52:38'),(114,14,'477-402','โครงงานระบบสารสนเทศทางธุรกิจ 1','Project in Business Information System I','2','2((0)-6-0)','required','',11,1,'2026-03-19 10:52:38','2026-03-19 10:52:38'),(115,14,'477-403','โครงงานระบบสารสนเทศทางธุรกิจ 2','Project in Business Information System II','3','3((0)-9-0)','required','',12,1,'2026-03-19 10:52:38','2026-03-19 10:52:38'),(116,14,'477-304','การฝึกงานทางระบบสารสนเทศ','Information System Internship','—','320 ชั่วโมง','required','แผนปกติ | ประเมินผล G P F',13,1,'2026-03-19 10:52:38','2026-03-19 10:52:38'),(117,14,'477-305','พาณิชย์อิเล็กทรอนิกส์','E-Commerce','3','3((2)-2-5)','elective','',1,1,'2026-03-19 10:52:38','2026-03-19 10:52:38'),(118,14,'477-306','ปัญญาประดิษฐ์และการเรียนรู้ของเครื่องจักร','Artificial Intelligence and Machine Learning','3','3((2)-2-5)','elective','',2,1,'2026-03-19 10:52:38','2026-03-19 10:52:38'),(119,14,'477-307','ทรัพย์สินทางปัญญาสำหรับดิจิทัลคอนเทนท์','Intellectual Property for Digital Contents','3','3((2)-2-5)','elective','',3,1,'2026-03-19 10:52:38','2026-03-19 10:52:38'),(120,14,'477-308','การค้นคืนสารสนเทศ','Information Retrieval','3','3((2)-2-5)','elective','',4,1,'2026-03-19 10:52:38','2026-03-19 10:52:38'),(121,14,'477-309','วิทยาการเข้ารหัสลับและเทคโนโลยีบล็อกเชน','Cryptography and Blockchain Technology','3','3((2)-2-5)','elective','',5,1,'2026-03-19 10:52:38','2026-03-19 10:52:38'),(122,14,'477-310','การปฏิรูปสู่ดิจิทัล','Digital Transformation','3','3((2)-2-5)','elective','',6,1,'2026-03-19 10:52:38','2026-03-19 10:52:38'),(123,14,'477-311','ระบบฐานข้อมูลขั้นสูง','Advanced Database Systems','3','3((2)-2-5)','elective','',7,1,'2026-03-19 10:52:38','2026-03-19 10:52:38'),(124,14,'477-312','การสำรวจและการเตรียมข้อมูล','Data Exploration and Preprocessing','3','3((2)-2-5)','elective','',8,1,'2026-03-19 10:52:38','2026-03-19 10:52:38'),(125,14,'477-313','การเขียนโปรแกรมสำหรับการวิเคราะห์ข้อมูล','Programming for Data Analytics','3','3((2)-2-5)','elective','',9,1,'2026-03-19 10:52:38','2026-03-19 10:52:38'),(126,14,'477-314','การแสดงข้อมูลด้วยแผนภาพ','Data Visualization','3','3((2)-2-5)','elective','',10,1,'2026-03-19 10:52:38','2026-03-19 10:52:38'),(127,14,'477-315','คลังข้อมูลและเหมืองข้อมูล','Data Warehousing and Mining','3','3((2)-2-5)','elective','',11,1,'2026-03-19 10:52:38','2026-03-19 10:52:38'),(128,14,'477-316','การเขียนโปรแกรมทางสถิติ','Statistical Programming','3','3((2)-2-5)','elective','',12,1,'2026-03-19 10:52:38','2026-03-19 10:52:38'),(129,14,'477-317','การวางแผนทรัพยากรองค์กร','Enterprise Resource Planning','3','3((2)-2-5)','elective','',13,1,'2026-03-19 10:52:38','2026-03-19 10:52:38'),(130,14,'477-318','พ.ร.บ.คุ้มครองส่วนบุคคลและการประยุกต์ใช้','Personal Data Protection Act and Its Applications','3','3((2)-2-5)','elective','',14,1,'2026-03-19 10:52:38','2026-03-19 10:52:38'),(131,14,'477-321','การออกแบบประสบการณ์สำหรับผู้ใช้งาน','User Experience Design','3','3((2)-2-5)','elective','',15,1,'2026-03-19 10:52:38','2026-03-19 10:52:38'),(132,14,'477-322','การจัดการโครงการระบบสารสนเทศ','IS Project Management','3','3((2)-2-5)','elective','',16,1,'2026-03-19 10:52:38','2026-03-19 10:52:38'),(133,14,'477-323','การพัฒนาโปรแกรมประยุกต์สำหรับอุปกรณ์พกพา','Mobile Application Development','3','3((2)-2-5)','elective','',17,1,'2026-03-19 10:52:38','2026-03-19 10:52:38'),(134,14,'477-324','มัลติมีเดียและการประยุกต์ใช้','Multimedia and Its Applications','3','3((2)-2-5)','elective','',18,1,'2026-03-19 10:52:38','2026-03-19 10:52:38'),(135,14,'477-331','หัวข้อพิเศษทางระบบสารสนเทศทางธุรกิจ 1','Special Topics in Business Information System I','3','3((x)-y-z)','elective','',19,1,'2026-03-19 10:52:38','2026-03-19 10:52:38'),(136,14,'477-332','หัวข้อพิเศษทางระบบสารสนเทศทางธุรกิจ 2','Special Topics in Business Information System II','3','3((x)-y-z)','elective','',20,1,'2026-03-19 10:52:38','2026-03-19 10:52:38'),(137,19,'478-200','ความรู้เบื้องต้นในอุตสาหกรรมไมซ์','Introduction to MICE Industry','3','3((3)-0-6)','required','',1,1,'2026-03-19 10:52:38','2026-03-19 10:52:38'),(138,19,'478-201','การสื่อสารและการเจรจาอย่างมืออาชีพในอุตสาหกรรมไมซ์','Professional Communication and Negotiation Skills for MICE Industry','3','3((2)-2-5)','required','',2,1,'2026-03-19 10:52:38','2026-03-19 10:52:38'),(139,19,'478-202','การจัดการประชุมองค์กร','Meeting Management','3','3((2)-2-5)','required','',3,1,'2026-03-19 10:52:38','2026-03-19 10:52:38'),(140,19,'478-203','การจัดการการเดินทางเพื่อเป็นรางวัล','Incentive Travel Management','3','3((2)-2-5)','required','',4,1,'2026-03-19 10:52:38','2026-03-19 10:52:38'),(141,19,'478-205','ศิลปะการนำเสนอสำหรับอุตสาหกรรมไมซ์','Arts of Presentation Techniques for MICE Industry','3','3((2)-2-5)','required','เฉพาะแผนปกติ',5,1,'2026-03-19 10:52:38','2026-03-19 10:52:38'),(142,19,'478-301','การจัดการประชุมวิชาชีพ','Convention Management','3','3((2)-2-5)','required','',6,1,'2026-03-19 10:52:38','2026-03-19 10:52:38'),(143,19,'478-302','การจัดการอีเวนต์','Events Management','3','3((2)-2-5)','required','',7,1,'2026-03-19 10:52:38','2026-03-19 10:52:38'),(144,19,'478-303','การจัดการงานแสดงสินค้า','Exhibition Management','3','3((2)-2-5)','required','',8,1,'2026-03-19 10:52:38','2026-03-19 10:52:38'),(145,19,'478-304','ชุดวิชาการผลิตอีเวนต์ด้านไมซ์และความคิดสร้างสรรค์','Module: MICE Events Operation and Creativity','3','3((2)-2-5)','required','',9,1,'2026-03-19 10:52:38','2026-03-19 10:52:38'),(146,19,'478-401','การจัดการสถานที่จัดงานและสิ่งอำนวยความสะดวก','Venue and Facility Management','3','3((2)-2-5)','required','',10,1,'2026-03-19 10:52:38','2026-03-19 10:52:38'),(147,19,'478-402','การวิจัยในอุตสาหกรรมไมซ์','Research in MICE Industry','3','3((1)-4-4)','required','',11,1,'2026-03-19 10:52:38','2026-03-19 10:52:38'),(148,19,'478-305','การฝึกงานทางการจัดการไมซ์','MICE Management Internship','—','320 ชั่วโมง','required','แผนปกติ | ประเมินผล G P F',12,1,'2026-03-19 10:52:38','2026-03-19 10:52:38'),(149,19,'478-204','การพัฒนาบุคลิกภาพอย่างมืออาชีพ','MICE Professional Development','3','3((2)-2-5)','elective','',1,1,'2026-03-19 10:52:38','2026-03-19 10:52:38'),(150,19,'478-206','พหุวัฒนธรรมและความฉลาดทางวัฒนธรรมสำหรับอุตสาหกรรมไมซ์','Cultural Intelligence and Diversity for MICE Industry','3','3((2)-2-5)','elective','',2,1,'2026-03-19 10:52:38','2026-03-19 10:52:38'),(151,19,'478-207','นวัตกรรมและความยั่งยืนในอุตสาหกรรมไมซ์','Innovation and Sustainability in MICE Industry','3','3((2)-2-5)','elective','',3,1,'2026-03-19 10:52:38','2026-03-19 10:52:38'),(152,19,'478-306','การตลาดสำหรับอุตสาหกรรมไมซ์','Marketing for MICE Industry','3','3((2)-2-5)','elective','',4,1,'2026-03-19 10:52:38','2026-03-19 10:52:38'),(153,19,'478-307','การจัดเลี้ยงสำหรับอุตสาหกรรมไมซ์','Catering for MICE Industry','3','3((2)-2-5)','elective','',5,1,'2026-03-19 10:52:38','2026-03-19 10:52:38'),(154,19,'478-308','การออกแบบงานไมซ์อย่างสร้างสรรค์','Creative MICE Event Design','3','3((2)-2-5)','elective','',6,1,'2026-03-19 10:52:38','2026-03-19 10:52:38'),(155,19,'478-309','การออกแบบมัลติมีเดียและกราฟิกสำหรับอุตสาหกรรมไมซ์','Multimedia and Graphic Design for MICE Industry','3','3((2)-2-5)','elective','',7,1,'2026-03-19 10:52:38','2026-03-19 10:52:38'),(156,19,'478-310','การจัดการนวัตกรรมในอุตสาหกรรมไมซ์','Managing Innovation in MICE Industry','3','3((2)-2-5)','elective','',8,1,'2026-03-19 10:52:38','2026-03-19 10:52:38'),(157,19,'478-311','การจัดงานอีเวนต์กีฬามวลชน','Mass Participation and Sport Events','3','3((2)-2-5)','elective','',9,1,'2026-03-19 10:52:38','2026-03-19 10:52:38'),(158,19,'478-312','การจัดการอัตลักษณ์และจุดหมายปลายทางในการจัดงานไมซ์','City DNA and MICE Destination Management','3','3((2)-2-5)','elective','',10,1,'2026-03-19 10:52:38','2026-03-19 10:52:38'),(159,19,'478-405','การจัดการพิธีการ','Protocol Management','3','3((2)-2-5)','elective','',11,1,'2026-03-19 10:52:38','2026-03-19 10:52:38'),(160,19,'478-406','การเจรจาต่อรองและการจัดการความสัมพันธ์','Negotiation and Relationship Management','3','3((2)-2-5)','elective','',12,1,'2026-03-19 10:52:38','2026-03-19 10:52:38'),(161,19,'478-407','การจัดการโซ่อุปทานในอุตสาหกรรมไมซ์','Supply Chain Management in MICE Industry','3','3((2)-2-5)','elective','',13,1,'2026-03-19 10:52:38','2026-03-19 10:52:38'),(162,19,'478-408','การวางแผนและการดำเนินการงานแต่งงาน','Wedding Planning and Operation','3','3((2)-2-5)','elective','',14,1,'2026-03-19 10:52:38','2026-03-19 10:52:38'),(163,19,'478-409','เมกะอีเวนต์และเทศกาลนานาชาติ','Mega Events and International Festivals','3','3((2)-2-5)','elective','',15,1,'2026-03-19 10:52:38','2026-03-19 10:52:38'),(164,19,'478-410','การจัดการคอนเสิร์ตและเทศกาลดนตรี','Concert and Music Festival Management','3','3((2)-2-5)','elective','',16,1,'2026-03-19 10:52:38','2026-03-19 10:52:38'),(165,19,'478-411','หัวข้อพิเศษทางการจัดการไมซ์','Special Topics in MICE Management','3','3((x)-y-z)','elective','',17,1,'2026-03-19 10:52:38','2026-03-19 10:52:38'),(166,1,'464-301','บัญชีเพื่อการจัดการทางธุรกิจ','Management Accounting for Business','3','3((3)-0-6)','required','',1,1,'2026-03-19 11:08:21','2026-03-19 11:08:21'),(167,1,'473-200','การบริหารการเงิน','Financial Management','3','3((3)-0-6)','required','',2,1,'2026-03-19 11:08:21','2026-03-19 11:08:21'),(168,1,'473-201','หลักการวางแผนการเงินส่วนบุคคลและภาษี','Principles of Personal Financial Planning and Tax','3','3((2)-2-5)','required','',3,1,'2026-03-19 11:08:21','2026-03-19 11:08:21'),(169,1,'473-202','สถาบันการเงินและตลาดการเงิน','Financial Institutions and Markets','3','3((3)-0-6)','required','',4,1,'2026-03-19 11:08:21','2026-03-19 11:08:21'),(170,1,'473-300','ชุดวิชาการลงทุนในหุ้นสามัญเพื่อการสร้างความมั่งคั่ง','Stock Investment for Wealth Creation','5','5((4)-2-9)','required','',5,1,'2026-03-19 11:08:21','2026-03-19 11:08:21'),(171,1,'473-301','แบบจำลองทางการเงิน','Financial Modeling','3','3((2)-2-5)','required','',6,1,'2026-03-19 11:08:21','2026-03-19 11:08:21'),(172,1,'473-302','การบริหารความเสี่ยงทางการเงิน','Financial Risk Management','3','3((3)-0-6)','required','',7,1,'2026-03-19 11:08:21','2026-03-19 11:08:21'),(173,1,'473-303','การวิจัยทางการเงิน 1','Research in Finance I','2','2((1)-2-3)','required','',8,1,'2026-03-19 11:08:21','2026-03-19 11:08:21'),(174,1,'473-400','การเงินระหว่างประเทศ','International Finance','3','3((3)-0-6)','required','',9,1,'2026-03-19 11:08:21','2026-03-19 11:08:21'),(175,1,'473-401','การวิจัยทางการเงิน 2','Research in Finance II','2','2((1)-2-3)','required','',10,1,'2026-03-19 11:08:21','2026-03-19 11:08:21'),(176,1,'473-304','การฝึกงานทางการเงิน','Finance Internship','—','320 ชั่วโมง','required','แผนปกติ | ประเมินผล G P F',11,1,'2026-03-19 11:08:21','2026-03-19 11:08:21'),(177,1,'473-305','ชุดวิชาการวางแผนการประกันภัย','Insurance Planning','5','5((4)-2-9)','elective','',1,1,'2026-03-19 11:08:21','2026-03-19 11:08:21'),(178,1,'473-306','ชุดวิชาการวางแผนเพื่อการเกษียณ','Retirement Planning','9','9((6)-6-15)','elective','',2,1,'2026-03-19 11:08:21','2026-03-19 11:08:21'),(179,1,'473-307','จรรยาบรรณทางการเงิน','Financial Ethics','3','3((2)-2-5)','elective','',3,1,'2026-03-19 11:08:21','2026-03-19 11:08:21'),(180,1,'473-308','การลงทุนในตราสารหนี้','Debt Securities Investment','3','3((3)-0-6)','elective','',4,1,'2026-03-19 11:08:21','2026-03-19 11:08:21'),(181,1,'473-309','การคลังสาธารณะ','Public Finance','3','3((3)-0-6)','elective','',5,1,'2026-03-19 11:08:21','2026-03-19 11:08:21'),(182,1,'473-310','การบริหารสินเชื่อ','Credit Management','3','3((2)-2-5)','elective','',6,1,'2026-03-19 11:08:21','2026-03-19 11:08:21'),(183,1,'473-402','การเงินเพื่อการนำเข้าและส่งออก','Import-Export Finance','3','3((2)-2-5)','elective','',7,1,'2026-03-19 11:08:21','2026-03-19 11:08:21'),(184,1,'473-403','ตราสารอนุพันธ์','Derivatives','3','3((3)-0-6)','elective','',8,1,'2026-03-19 11:08:21','2026-03-19 11:08:21'),(185,1,'473-404','การวางแผนภาษีและมรดก','Tax and Estate Planning','3','3((3)-0-6)','elective','',9,1,'2026-03-19 11:08:21','2026-03-19 11:08:21'),(186,1,'473-405','การสร้างแผนการเงินส่วนบุคคลแบบบูรณาการ','Integrated Financial Plan Construction','3','3((2)-2-5)','elective','',10,1,'2026-03-19 11:08:21','2026-03-19 11:08:21'),(187,1,'473-406','การเงินเชิงพฤติกรรม','Behavioral Finance','3','3((3)-0-6)','elective','',11,1,'2026-03-19 11:08:21','2026-03-19 11:08:21'),(188,1,'473-407','ชุดวิชาการวิเคราะห์ข้อมูลเพื่อการบริหารการเงินธุรกิจ','Corporate Finance and Data Analytics','9','9((6)-6-15)','elective','',12,1,'2026-03-19 11:08:21','2026-03-19 11:08:21'),(189,1,'473-408','ชุดวิชาการบริหารความเสี่ยงเพื่อการดำเนินธุรกิจที่ยั่งยืน','Risk Management for Business Sustainability','6','6((6)-0-12)','elective','',13,1,'2026-03-19 11:08:21','2026-03-19 11:08:21'),(190,1,'473-411','หัวข้อพิเศษทางการเงิน','Special Topics in Finance','3','3((x)-y-z)','elective','',14,1,'2026-03-19 11:08:21','2026-03-19 11:08:21'),(191,2,'474-101','พฤติกรรมผู้บริโภค','Consumer Behavior','3','3((3)-0-6)','required','',1,1,'2026-03-19 11:08:21','2026-03-19 11:08:21'),(192,2,'474-201','การตลาดแห่งความหลากหลาย','Diversity Marketing','3','3((2)-2-5)','required','',2,1,'2026-03-19 11:08:21','2026-03-19 11:08:21'),(193,2,'474-202','การจัดการผลิตภัณฑ์และตราสินค้า','Product and Brand Management','3','3((2)-2-5)','required','',3,1,'2026-03-19 11:08:21','2026-03-19 11:08:21'),(194,2,'474-203','การสื่อสารทางการตลาดเชิงบูรณาการ','Integrated Marketing Communication','3','3((2)-2-5)','required','',4,1,'2026-03-19 11:08:21','2026-03-19 11:08:21'),(195,2,'474-204','กลยุทธ์และการวิเคราะห์ราคา','Pricing Analytic and Strategy','3','3((3)-0-6)','required','',5,1,'2026-03-19 11:08:21','2026-03-19 11:08:21'),(196,2,'474-205','แผนการตลาด','Marketing Plan','3','3((2)-2-5)','required','',6,1,'2026-03-19 11:08:21','2026-03-19 11:08:21'),(197,2,'474-301','การตลาดแบบเชื่อมโยงลูกค้าผ่านหลากหลายช่องทาง','Omnichannel Marketing','3','3((3)-0-6)','required','',7,1,'2026-03-19 11:08:21','2026-03-19 11:08:21'),(198,2,'474-302','การวิจัยการตลาด','Marketing Research','3','3((2)-2-5)','required','',8,1,'2026-03-19 11:08:21','2026-03-19 11:08:21'),(199,2,'474-303','การตลาดดิจิทัล','Digital Marketing','3','3((3)-0-6)','required','',9,1,'2026-03-19 11:08:21','2026-03-19 11:08:21'),(200,2,'474-401','กลยุทธ์การตลาด','Marketing Strategy','3','3((2)-2-5)','required','',10,1,'2026-03-19 11:08:21','2026-03-19 11:08:21'),(201,2,'474-304','การฝึกงานทางการตลาด','Marketing Internship','—','320 ชั่วโมง','required','แผนปกติ | ประเมินผล G P F',11,1,'2026-03-19 11:08:21','2026-03-19 11:08:21'),(202,2,'474-305','การตลาดเพื่อสังคม','Social Marketing','3','3((2)-2-5)','elective','',1,1,'2026-03-19 11:08:21','2026-03-19 11:08:21'),(203,2,'474-306','การตลาดเพื่อชุมชน','Community Marketing','3','3((2)-2-5)','elective','',2,1,'2026-03-19 11:08:21','2026-03-19 11:08:21'),(204,2,'474-307','การตลาดบริการ','Service Marketing','3','3((2)-2-5)','elective','',3,1,'2026-03-19 11:08:21','2026-03-19 11:08:21'),(205,2,'474-308','การตลาดอาเซียน','ASEAN Marketing','3','3((3)-0-6)','elective','',4,1,'2026-03-19 11:08:21','2026-03-19 11:08:21'),(206,2,'474-309','การเตรียมฝึกประสบการณ์วิชาชีพการตลาด','Preparation for Professional Experience in Marketing','3','3((2)-2-5)','elective','',5,1,'2026-03-19 11:08:21','2026-03-19 11:08:21'),(207,2,'474-404','การตลาดโลก','Global Marketing','3','3((3)-0-6)','elective','',6,1,'2026-03-19 11:08:21','2026-03-19 11:08:21'),(208,2,'474-405','การตลาดสื่อสังคม','Social Media Marketing','3','3((2)-2-5)','elective','',7,1,'2026-03-19 11:08:21','2026-03-19 11:08:21'),(209,2,'474-406','การตลาดสำหรับผู้ประกอบการ','Entrepreneurial Marketing','3','3((2)-2-5)','elective','',8,1,'2026-03-19 11:08:21','2026-03-19 11:08:21'),(210,2,'474-407','การบริหารการค้าปลีก','Retailing Management','3','3((2)-2-5)','elective','',9,1,'2026-03-19 11:08:21','2026-03-19 11:08:21'),(211,2,'474-408','สัมมนาการตลาด','Seminar in Marketing','3','3((1)-4-4)','elective','',10,1,'2026-03-19 11:08:21','2026-03-19 11:08:21'),(212,3,'475-201','การวางแผนทรัพยากรมนุษย์','Human Resource Planning','3','3((3)-0-6)','required','',1,1,'2026-03-19 13:14:46','2026-03-19 13:14:46'),(213,3,'475-202','พฤติกรรมองค์การ','Organizational Behavior','3','3((3)-0-6)','required','',2,1,'2026-03-19 13:14:46','2026-03-19 13:14:46'),(214,3,'475-301','การพัฒนาทรัพยากรมนุษย์และองค์การ','Human Resource and Organization Development','3','3((2)-2-5)','required','',3,1,'2026-03-19 13:14:46','2026-03-19 13:14:46'),(215,3,'475-302','กฎหมายเกี่ยวกับการจัดการทรัพยากรมนุษย์','Human Resource Management Law','3','3((3)-0-6)','required','',4,1,'2026-03-19 13:14:46','2026-03-19 13:14:46'),(216,3,'475-303','การจัดการผลตอบแทน','Compensation Management','3','3((3)-0-6)','required','',5,1,'2026-03-19 13:14:46','2026-03-19 13:14:46'),(217,3,'475-304','การจัดการผลการปฏิบัติงาน','Performance Management','3','3((2)-2-5)','required','',6,1,'2026-03-19 13:14:46','2026-03-19 13:14:46'),(218,3,'475-305','ภาวะผู้นำ','Leadership','3','3((2)-2-5)','required','',7,1,'2026-03-19 13:14:46','2026-03-19 13:14:46'),(219,3,'475-306','การเจรจาต่อรองทางธุรกิจ','Business Negotiation','3','3((2)-2-5)','required','',8,1,'2026-03-19 13:14:46','2026-03-19 13:14:46'),(220,3,'475-401','การวิจัยทางด้านการจัดการทรัพยากรมนุษย์','Research in Human Resource Management','3','3((1)-4-4)','required','',9,1,'2026-03-19 13:14:46','2026-03-19 13:14:46'),(221,3,'475-402','สัมมนาการจัดการทรัพยากรมนุษย์','Seminar in Human Resource Management','3','3((1)-4-4)','required','',10,1,'2026-03-19 13:14:46','2026-03-19 13:14:46'),(222,3,'475-300','การฝึกงานทางการจัดการทรัพยากรมนุษย์','Human Resource Management Internship','—','320 ชั่วโมง','required','แผนปกติ | ประเมินผล G P F',11,1,'2026-03-19 13:14:46','2026-03-19 13:14:46'),(223,3,'475-311','การจัดการสำนักงานยุคใหม่','Modern Office Management','3','3((2)-2-5)','elective','',1,1,'2026-03-19 13:14:46','2026-03-19 13:14:46'),(224,3,'475-312','การประชาสัมพันธ์องค์การ','Public Relations in Organization','3','3((2)-2-5)','elective','',2,1,'2026-03-19 13:14:46','2026-03-19 13:14:46'),(225,3,'475-313','การจัดการข้ามวัฒนธรรม','Cross-cultural Management','3','3((3)-0-6)','elective','',3,1,'2026-03-19 13:14:46','2026-03-19 13:14:46'),(226,3,'475-321','ระบบสารสนเทศเพื่อการจัดการทรัพยากรมนุษย์','Human Resource Management Information System','3','3((2)-2-5)','elective','',4,1,'2026-03-19 13:14:46','2026-03-19 13:14:46'),(227,3,'475-322','การออกแบบองค์การ','Organization Design','3','3((3)-0-6)','elective','',5,1,'2026-03-19 13:14:46','2026-03-19 13:14:46'),(228,3,'475-323','การจัดการทรัพยากรมนุษย์ระหว่างประเทศ','International Human Resource Management','3','3((3)-0-6)','elective','',6,1,'2026-03-19 13:14:46','2026-03-19 13:14:46'),(229,3,'475-324','แรงงานสัมพันธ์','Labor Relations','3','3((3)-0-6)','elective','',7,1,'2026-03-19 13:14:46','2026-03-19 13:14:46'),(230,3,'475-411','หัวข้อพิเศษทางการจัดการ','Special Topics in Management','3','3((x)-y-z)','elective','',8,1,'2026-03-19 13:14:46','2026-03-19 13:14:46'),(231,3,'475-421','การจัดการทรัพยากรมนุษย์เชิงกลยุทธ์','Strategic Human Resource Management','3','3((3)-0-6)','elective','',9,1,'2026-03-19 13:14:46','2026-03-19 13:14:46'),(232,3,'475-422','การจัดการบุคลากรที่เป็นเลิศ','Talent Management','3','3((3)-0-6)','elective','',10,1,'2026-03-19 13:14:46','2026-03-19 13:14:46'),(233,3,'475-423','หัวข้อพิเศษทางการจัดการทรัพยากรมนุษย์','Special Topics in Human Resource Management','3','3((x)-y-z)','elective','',11,1,'2026-03-19 13:14:46','2026-03-19 13:14:46'),(234,4,'476-201','ความรู้เบื้องต้นเกี่ยวกับการจัดการโลจิสติกส์','Introduction to Logistics Management','3','3((3)-0-6)','required','',1,1,'2026-03-19 13:14:46','2026-03-19 13:14:46'),(235,4,'476-202','ความรู้เบื้องต้นเกี่ยวกับการขนส่งและการกระจายสินค้า','Introduction to Transportation and Distribution Management','3','3((3)-0-6)','required','',2,1,'2026-03-19 13:14:46','2026-03-19 13:14:46'),(236,4,'476-203','การจัดการสินค้าคงคลังและคลังสินค้า','Inventory and Warehouse Management','3','3((2)-2-5)','required','',3,1,'2026-03-19 13:14:46','2026-03-19 13:14:46'),(237,4,'476-301','การจัดซื้อและการจัดหา','Purchasing and Procure Management','3','3((2)-2-5)','required','',4,1,'2026-03-19 13:14:46','2026-03-19 13:14:46'),(238,4,'476-302','การจัดการและการออกแบบโซ่อุปทาน','Supply Chain Management and Design','3','3((3)-0-6)','required','',5,1,'2026-03-19 13:14:46','2026-03-19 13:14:46'),(239,4,'476-303','การสร้างแบบจำลองโซ่อุปทาน','Supply Chain Modeling','3','3((3)-0-6)','required','',6,1,'2026-03-19 13:14:46','2026-03-19 13:14:46'),(240,4,'476-304','วิธีวิจัยโลจิสติกส์และโซ่อุปทาน','Logistics and Supply Chain Research','3','3((2)-2-5)','required','',7,1,'2026-03-19 13:14:46','2026-03-19 13:14:46'),(241,4,'476-305','ตัวแบบการหาค่าเหมาะสมที่สุดในการจัดการโลจิสติกส์และโซ่อุปทาน','Optimization Model in Logistics and Supply Chain Management','3','3((2)-2-5)','required','',8,1,'2026-03-19 13:14:46','2026-03-19 13:14:46'),(242,4,'476-401','การจัดการการส่งออกและนำเข้า','Export and Import Management','3','3((2)-2-5)','required','',9,1,'2026-03-19 13:14:46','2026-03-19 13:14:46'),(243,4,'476-402','สัมมนาการจัดการโลจิสติกส์และโซ่อุปทาน','Seminar in Logistics and Supply Chain Management','3','3((2)-2-5)','required','',10,1,'2026-03-19 13:14:46','2026-03-19 13:14:46'),(244,4,'476-403','โครงงานสำหรับการจัดการโลจิสติกส์และโซ่อุปทาน','Project for Logistics and Supply Chain Management','3','3((0)-9-0)','required','',11,1,'2026-03-19 13:14:46','2026-03-19 13:14:46'),(245,4,'476-300','การฝึกงานทางโลจิสติกส์','Logistics Internship','—','320 ชั่วโมง','required','แผนปกติ | ประเมินผล G P F',12,1,'2026-03-19 13:14:46','2026-03-19 13:14:46'),(246,4,'476-204','การจัดการธุรกิจระหว่างประเทศ','International Business Management','3','3((3)-0-6)','elective','',1,1,'2026-03-19 13:14:46','2026-03-19 13:14:46'),(247,4,'476-205','การบริหารความสัมพันธ์ลูกค้าสำหรับโลจิสติกส์และโซ่อุปทาน','Customer Relationship Management for Logistics and Supply Chain','3','3((3)-0-6)','elective','',2,1,'2026-03-19 13:14:46','2026-03-19 13:14:46'),(248,4,'476-306','การวางแผนการจัดการทรัพยากรเพื่อการจัดการโลจิสติกส์และโซ่อุปทาน','Enterprise Resource Planning for Logistics and Supply Chain','3','3((2)-2-5)','elective','',3,1,'2026-03-19 13:14:46','2026-03-19 13:14:46'),(249,4,'476-307','ธุรกิจพาณิชยนาวี','Shipping Business','3','3((3)-0-6)','elective','',4,1,'2026-03-19 13:14:46','2026-03-19 13:14:46'),(250,4,'476-308','การบริหารท่าเรือ','Port Management','3','3((3)-0-6)','elective','',5,1,'2026-03-19 13:14:46','2026-03-19 13:14:46'),(251,4,'476-309','การพยากรณ์อุปสงค์','Demand Forecasting','3','3((2)-2-5)','elective','',6,1,'2026-03-19 13:14:46','2026-03-19 13:14:46'),(252,4,'476-310','การบริหารจัดการโครงการด้านโลจิสติกส์และโซ่อุปทาน','Project Management for Logistics and Supply Chain','3','3((2)-2-5)','elective','',7,1,'2026-03-19 13:14:46','2026-03-19 13:14:46'),(253,4,'476-404','การขนส่งต่อเนื่องหลายรูปแบบ','Multimodal Transportation','3','3((2)-2-5)','elective','',8,1,'2026-03-19 13:14:46','2026-03-19 13:14:46'),(254,4,'476-405','การจัดการระวางสินค้า','Cargo Management','3','3((3)-0-6)','elective','',9,1,'2026-03-19 13:14:46','2026-03-19 13:14:46'),(255,4,'476-406','การบรรจุภัณฑ์สำหรับการจัดการโลจิสติกส์','Packaging for Logistics','3','3((2)-2-5)','elective','',10,1,'2026-03-19 13:14:46','2026-03-19 13:14:46'),(256,4,'476-407','การบริหารความเสี่ยงในโซ่อุปทาน','Supply Chain Risk Management','3','3((2)-2-5)','elective','',11,1,'2026-03-19 13:14:46','2026-03-19 13:14:46'),(257,4,'476-408','การจัดการโลจิสติกส์และโซ่อุปทานเพื่อการช่วยเหลือทางมนุษยธรรม','Humanitarian Logistics and Supply Chain Management','3','3((3)-0-6)','elective','',12,1,'2026-03-19 13:14:46','2026-03-19 13:14:46'),(258,4,'476-409','หัวข้อพิเศษด้านการจัดการโลจิสติกส์และโซ่อุปทาน','Special Topics in Logistics and Supply Chain Management','3','3((x)-y-z)','elective','',13,1,'2026-03-19 13:14:46','2026-03-19 13:14:46'),(259,5,'477-101','หลักการพื้นฐานระบบสารสนเทศ','Foundations of Information System','3','3((3)-0-6)','required','',1,1,'2026-03-19 13:16:38','2026-03-19 13:16:38'),(260,5,'477-102','ตรรกะของการใช้โปรแกรมและโครงสร้างข้อมูล','Programming Logic and Data Structure','3','3((2)-2-5)','required','',2,1,'2026-03-19 13:16:38','2026-03-19 13:16:38'),(261,5,'477-201','การเขียนโปรแกรมเบื้องต้นทางธุรกิจ','Introduction to Programming in Business','3','3((2)-2-5)','required','',3,1,'2026-03-19 13:16:38','2026-03-19 13:16:38'),(262,5,'477-202','การจัดการฐานข้อมูล','Database Management','3','3((2)-2-5)','required','',4,1,'2026-03-19 13:16:38','2026-03-19 13:16:38'),(263,5,'477-203','เครือข่ายคอมพิวเตอร์และความมั่นคงทางไซเบอร์','Computer Networking and Cyber Security','3','3((2)-2-5)','required','',5,1,'2026-03-19 13:16:38','2026-03-19 13:16:38'),(264,5,'477-301','การพัฒนาเว็บขั้นสมบูรณ์','Full Stack Web Development','3','3((2)-2-5)','required','',6,1,'2026-03-19 13:16:38','2026-03-19 13:16:38'),(265,5,'477-302','เทคโนโลยีแพลตฟอร์มสำหรับคลาวด์','Cloud Computing Platform Technology','3','3((2)-2-5)','required','',7,1,'2026-03-19 13:16:38','2026-03-19 13:16:38'),(266,5,'477-303','การวิเคราะห์และออกแบบระบบสารสนเทศทางธุรกิจ','Business Information System Analysis and Design','3','3((2)-2-5)','required','',8,1,'2026-03-19 13:16:38','2026-03-19 13:16:38'),(267,5,'477-401','สัมมนาระบบสารสนเทศทางธุรกิจ','Seminar in Business Information System','3','3((1)-4-4)','required','',9,1,'2026-03-19 13:16:38','2026-03-19 13:16:38'),(268,5,'477-402','โครงงานระบบสารสนเทศทางธุรกิจ I','Project in Business Information System I','3','3((0)-9-0)','required','',10,1,'2026-03-19 13:16:38','2026-03-19 13:16:38'),(269,5,'477-403','โครงงานระบบสารสนเทศทางธุรกิจ II','Project in Business Information System II','3','3((0)-9-0)','required','',11,1,'2026-03-19 13:16:38','2026-03-19 13:16:38'),(270,5,'477-304','การฝึกงานทางระบบสารสนเทศ','Information System Internship','—','320 ชั่วโมง','required','แผนปกติ | ประเมินผล G P F',12,1,'2026-03-19 13:16:38','2026-03-19 13:16:38'),(271,5,'477-305','พาณิชย์อิเล็กทรอนิกส์','E-Commerce','3','3((2)-2-5)','elective','',1,1,'2026-03-19 13:16:38','2026-03-19 13:16:38'),(272,5,'477-306','ปัญญาประดิษฐ์และการเรียนรู้ของเครื่องจักร','Artificial Intelligence and Machine Learning','3','3((2)-2-5)','elective','',2,1,'2026-03-19 13:16:38','2026-03-19 13:16:38'),(273,5,'477-307','ทรัพย์สินทางปัญญาสำหรับดิจิทัลคอนเทนท์','Intellectual Property for Digital Contents','3','3((3)-0-6)','elective','',3,1,'2026-03-19 13:16:38','2026-03-19 13:16:38'),(274,5,'477-308','การค้นคืนสารสนเทศ','Information Retrieval','3','3((2)-2-5)','elective','',4,1,'2026-03-19 13:16:38','2026-03-19 13:16:38'),(275,5,'477-309','วิทยาการเข้ารหัสลับและเทคโนโลยีบล็อกเชน','Cryptography and Blockchain Technology','3','3((2)-2-5)','elective','',5,1,'2026-03-19 13:16:38','2026-03-19 13:16:38'),(276,5,'477-310','การปฏิรูปสู่ดิจิทัล','Digital Transformation','3','3((2)-2-5)','elective','',6,1,'2026-03-19 13:16:38','2026-03-19 13:16:38'),(277,5,'477-311','ระบบฐานข้อมูลขั้นสูง','Advanced Database Systems','3','3((2)-2-5)','elective','',7,1,'2026-03-19 13:16:38','2026-03-19 13:16:38'),(278,5,'477-312','การสำรวจและการเตรียมข้อมูล','Data Exploration and Preprocessing','3','3((2)-2-5)','elective','',8,1,'2026-03-19 13:16:38','2026-03-19 13:16:38'),(279,5,'477-313','การเขียนโปรแกรมสำหรับการวิเคราะห์ข้อมูล','Programming for Data Analytics','3','3((2)-2-5)','elective','',9,1,'2026-03-19 13:16:38','2026-03-19 13:16:38'),(280,5,'477-314','การแสดงข้อมูลด้วยแผนภาพ','Data Visualization','3','3((2)-2-5)','elective','',10,1,'2026-03-19 13:16:38','2026-03-19 13:16:38'),(281,5,'477-315','คลังข้อมูลและเหมืองข้อมูล','Data Warehousing and Mining','3','3((2)-2-5)','elective','',11,1,'2026-03-19 13:16:38','2026-03-19 13:16:38'),(282,5,'477-316','การเขียนโปรแกรมทางสถิติ','Statistical Programming','3','3((2)-2-5)','elective','',12,1,'2026-03-19 13:16:38','2026-03-19 13:16:38'),(283,5,'477-321','การออกแบบประสบการณ์สำหรับผู้ใช้งาน','User Experience Design','3','3((2)-2-5)','elective','',13,1,'2026-03-19 13:16:38','2026-03-19 13:16:38'),(284,5,'477-322','การจัดการโครงการระบบสารสนเทศ','IS Project Management','3','3((2)-2-5)','elective','',14,1,'2026-03-19 13:16:38','2026-03-19 13:16:38'),(285,5,'477-323','การเขียนโปรแกรมประยุกต์บนอุปกรณ์เคลื่อนที่','Mobile Application Programming','3','3((2)-2-5)','elective','',15,1,'2026-03-19 13:16:38','2026-03-19 13:16:38'),(286,5,'477-324','มัลติมีเดียและการประยุกต์ใช้','Multimedia and Its Applications','3','3((2)-2-5)','elective','',16,1,'2026-03-19 13:16:38','2026-03-19 13:16:38'),(287,5,'477-331','หัวข้อพิเศษทางระบบสารสนเทศทางธุรกิจ 1','Special Topics in Business Information System I','3','3((x)-y-z)','elective','',17,1,'2026-03-19 13:16:38','2026-03-19 13:16:38'),(288,5,'477-332','หัวข้อพิเศษทางระบบสารสนเทศทางธุรกิจ 2','Special Topics in Business Information System II','3','3((x)-y-z)','elective','',18,1,'2026-03-19 13:16:38','2026-03-19 13:16:38'),(289,6,'478-200','ความรู้เบื้องต้นในอุตสาหกรรมไมซ์','Introduction to MICE Industry','3','3((3)-0-6)','required','',1,1,'2026-03-19 13:16:38','2026-03-19 13:16:38'),(290,6,'478-201','การดำเนินงานด้านไมซ์เสมือนโมเดลธุรกิจ','MICE Operation as A Business Model','3','3((2)-2-5)','required','',2,1,'2026-03-19 13:16:38','2026-03-19 13:16:38'),(291,6,'478-202','การจัดการประชุม','Meeting and Convention Management','3','3((2)-2-5)','required','',3,1,'2026-03-19 13:16:38','2026-03-19 13:16:38'),(292,6,'478-203','การจัดการอาหารและเครื่องดื่ม','Food and Beverage Management','3','3((2)-2-5)','required','',4,1,'2026-03-19 13:16:38','2026-03-19 13:16:38'),(293,6,'478-301','การจัดการสถานที่จัดงานและสิ่งอำนวยความสะดวก','Venue and Facility Management','3','3((2)-2-5)','required','',5,1,'2026-03-19 13:16:38','2026-03-19 13:16:38'),(294,6,'478-302','การจัดการการเดินทางเพื่อเป็นรางวัล','Incentive Travel Management','3','3((2)-2-5)','required','',6,1,'2026-03-19 13:16:38','2026-03-19 13:16:38'),(295,6,'478-303','การจัดการนิทรรศการ','Exhibition Management','3','3((2)-2-5)','required','',7,1,'2026-03-19 13:16:38','2026-03-19 13:16:38'),(296,6,'478-304','การจัดการอีเวนต์','Events Management','3','3((2)-2-5)','required','',8,1,'2026-03-19 13:16:38','2026-03-19 13:16:38'),(297,6,'478-310','การวิจัยทางการจัดการไมซ์ 1','Research in MICE Management I','3','3((1)-4-4)','required','',9,1,'2026-03-19 13:16:38','2026-03-19 13:16:38'),(298,6,'478-401','การวิจัยทางการจัดการไมซ์ 2','Research in MICE Management II','3','3((1)-4-4)','required','',10,1,'2026-03-19 13:16:38','2026-03-19 13:16:38'),(299,6,'478-305','การฝึกงานทางการจัดการไมซ์','MICE Management Internship','—','320 ชั่วโมง','required','แผนปกติ | ประเมินผล G P F',11,1,'2026-03-19 13:16:38','2026-03-19 13:16:38'),(300,6,'478-204','ความรู้เบื้องต้นในอุตสาหกรรมท่องเที่ยว','Introduction to Tourism Industry','3','3((2)-2-5)','elective','',1,1,'2026-03-19 13:16:38','2026-03-19 13:16:38'),(301,6,'478-205','การพัฒนาบุคลิกภาพอย่างมืออาชีพ','Professional Personality Development','3','3((2)-2-5)','elective','',2,1,'2026-03-19 13:16:38','2026-03-19 13:16:38'),(302,6,'478-306','การตลาดสำหรับอุตสาหกรรมไมซ์','Marketing for MICE Industry','3','3((2)-2-5)','elective','',3,1,'2026-03-19 13:16:38','2026-03-19 13:16:38'),(303,6,'478-307','โลจิสติกส์สำหรับอุตสาหกรรมไมซ์','Logistics for MICE Industry','3','3((2)-2-5)','elective','',4,1,'2026-03-19 13:16:38','2026-03-19 13:16:38'),(304,6,'478-308','การจัดการจุดหมายปลายทาง','Destination Management','3','3((2)-2-5)','elective','',5,1,'2026-03-19 13:16:38','2026-03-19 13:16:38'),(305,6,'478-309','การเป็นผู้ประกอบการในธุรกิจไมซ์','Entrepreneurship in MICE Business','3','3((2)-2-5)','elective','',6,1,'2026-03-19 13:16:38','2026-03-19 13:16:38'),(306,6,'478-404','การออกแบบนวัตกรรมและความคิดสร้างสรรค์สำหรับอุตสาหกรรมไมซ์','Innovation Design and Creativity for MICE Industry','3','3((2)-2-5)','elective','',7,1,'2026-03-19 13:16:38','2026-03-19 13:16:38'),(307,6,'478-405','การจัดการอุตสาหกรรมไมซ์อย่างยั่งยืน','Sustainable Management in MICE Industry','3','3((2)-2-5)','elective','',8,1,'2026-03-19 13:16:38','2026-03-19 13:16:38'),(308,6,'478-406','การบริหารความเสี่ยงในอุตสาหกรรมไมซ์','Risk and Crisis Management in MICE Industry','3','3((2)-2-5)','elective','',9,1,'2026-03-19 13:16:38','2026-03-19 13:16:38'),(309,6,'478-407','หัวข้อพิเศษทางการจัดการอุตสาหกรรมไมซ์','Special Topics in MICE Industry Management','3','3((x)-y-z)','elective','',10,1,'2026-03-19 13:16:38','2026-03-19 13:16:38'),(310,14,'411-11','เวทมนต์','','3','','required','',0,0,'2026-03-21 21:37:49','2026-03-21 21:38:11');
/*!40000 ALTER TABLE `major_subjects` ENABLE KEYS */;
UNLOCK TABLES;

--
-- Table structure for table `majors`
--

DROP TABLE IF EXISTS `majors`;
/*!40101 SET @saved_cs_client     = @@character_set_client */;
/*!40101 SET character_set_client = utf8 */;
CREATE TABLE `majors` (
  `id` int(11) NOT NULL AUTO_INCREMENT,
  `course_id` int(11) NOT NULL,
  `name_th` varchar(255) NOT NULL,
  `name_en` varchar(255) DEFAULT NULL,
  `intro` text DEFAULT NULL,
  `image_url` text DEFAULT NULL,
  `career_path` text DEFAULT NULL,
  `hero_image` text DEFAULT NULL,
  `plan_1` text DEFAULT NULL,
  `plan_2` text DEFAULT NULL,
  `plan_3` text DEFAULT NULL,
  `plan_4` text DEFAULT NULL,
  `created_at` datetime NOT NULL DEFAULT current_timestamp(),
  PRIMARY KEY (`id`),
  KEY `idx_majors_course` (`course_id`),
  CONSTRAINT `fk_majors_course` FOREIGN KEY (`course_id`) REFERENCES `courses` (`id`) ON DELETE CASCADE
) ENGINE=InnoDB AUTO_INCREMENT=30 DEFAULT CHARSET=utf8mb4 COLLATE=utf8mb4_general_ci;
/*!40101 SET character_set_client = @saved_cs_client */;

--
-- Dumping data for table `majors`
--

LOCK TABLES `majors` WRITE;
/*!40000 ALTER TABLE `majors` DISABLE KEYS */;
INSERT INTO `majors` VALUES (1,3,'วิชาเอกการเงินและการลงทุน','Finance and Investment','ศึกษาเกี่ยวกับการบริหารการเงิน หลักการลงทุน การบริหารสินเชื่อ การวิเคราะห์หลักทรัพย์ การบริหารสถาบันการเงิน การเงินระหว่างประเทศ การบริหารโครงการธุรกิจ','https://res.cloudinary.com/dm2kfq5en/image/upload/v1774108206/fms-uploads/huchxgocxnbvtqcs70po.jpg','พนักงานการเงิน\nนักวิเคราะห์การเงิน\nนักวิชาการเงินและพัสดุ\nผู้ประกอบวิชาชีพในธุรกิจหลักทรัพย์\nนักบริหารการเงินในองค์กรเอกชนและภาครัฐ\nนักบริหารการเงินในตลาดเงิน\nนักบริหารการเงินในตลาดทุน\nอาชีพอิสระ','https://res.cloudinary.com/dm2kfq5en/image/upload/v1774108186/fms-uploads/daa8zn9ldu1onwigbiwt.jpg','YEAR 1: พื้นฐานธุรกิจและความรู้รอบด้าน\n- พื้นฐานด้าน บริหารธุรกิจ ทั้งระบบ\n- ความรู้ทั่วไป (GE) เพื่อพัฒนาทักษะชีวิต','YEAR 2: ความรู้พื้นฐาน\n- เรียนเกี่ยวกับกระบวนการทำงาน\n- ความรู้เบื้องต้นของวิชาเอก\n- เรียนวิชาเลือก/วิชาโท','YEAR 3: ความเชี่ยวชาญเฉพาะด้าน\n- เรียนเชิงลึกตามสายวิชา\n- การฝึกงานภาคฤดูร้อน','YEAR 4: การบูรณาการ\n- เรียนการเชื่อมโยงองค์ความรู้\n- โครงงานแต่ละวิชาเอก\n- การฝึกงานสหกิจ','2026-03-14 13:24:37'),(2,3,'วิชาเอกการตลาดและการสื่อสาร','Marketing and Communication','ศึกษาเกี่ยวกับการบริหารการตลาด พฤติกรรมผู้บริโภค การวิเคราะห์เชิงปริมาณสำหรับการตลาด กลยุทธ์การส่งเสริมการตลาด การตลาดสินค้าระหว่างประเทศ กลยุทธ์การตลาดดิจิทัล','https://res.cloudinary.com/dm2kfq5en/image/upload/v1774108170/fms-uploads/ciyoabcbxmorrjflf4sb.jpg','เจ้าหน้าที่การตลาด\nนักวิจัยตลาด\nเจ้าหน้าที่ด้านการส่งออก-นำเข้า\nผู้จัดการธุรกิจขายตรง\nตัวแทนขาย\nพนักงานขาย\nพนักงานลูกค้าสัมพันธ์\nอาชีพอิสระ','https://res.cloudinary.com/dm2kfq5en/image/upload/v1774108152/fms-uploads/bon0fqtt1zndiw5js6vh.jpg','YEAR 1: พื้นฐานธุรกิจและความรู้รอบด้าน\n- พื้นฐานด้าน บริหารธุรกิจ ทั้งระบบ\n- ความรู้ทั่วไป (GE) เพื่อพัฒนาทักษะชีวิต','YEAR 2: ความรู้พื้นฐาน\n- เรียนเกี่ยวกับกระบวนการทำงาน\n- ความรู้เบื้องต้นของวิชาเอก\n- เรียนวิชาเลือก/วิชาโท','YEAR 3: ความเชี่ยวชาญเฉพาะด้าน\n- เรียนเชิงลึกตามสายวิชาเอก\n- การฝึกงานภาคฤดูร้อน','YEAR 4: การบูรณาการ\n- เรียนการเชื่อมโยงองค์ความรู้\n- โครงงานแต่ละวิชาเอก\n- การฝึกงานสหกิจ','2026-03-14 13:24:37'),(3,3,'วิชาเอกการจัดการทรัพยากรมนุษย์','Human Resource Management','ศึกษาเกี่ยวกับการบริหารทรัพยากรมนุษย์ การวางแผนอัตรากำลัง การพัฒนาทรัพยากรมนุษย์และองค์กร การเจรจาต่อรองทางธุรกิจ กฎหมายเกี่ยวกับการบริหารทรัพยากรมนุษย์','https://res.cloudinary.com/dm2kfq5en/image/upload/v1774108129/fms-uploads/iihkxfnvurd60l07ovga.jpg','เจ้าหน้าที่ฝ่ายบุคคล\nเจ้าหน้าที่สรรหา\nพนักงานบริการลูกค้า\nเลขานุการ\nเจ้าหน้าที่บริหารงานทั่วไป\nอาชีพอิสระ','https://res.cloudinary.com/dm2kfq5en/image/upload/v1774108122/fms-uploads/xgepdirkimcqtktl32tf.jpg','YEAR 1: พื้นฐานธุรกิจและความรู้รอบด้าน\n- พื้นฐานด้าน บริหารธุรกิจ ทั้งระบบ\n- ความรู้ทั่วไป (GE) เพื่อพัฒนาทักษะชีวิต','YEAR 2: ความรู้พื้นฐาน\n- เรียนเกี่ยวกับกระบวนการทำงาน\n- ความรู้เบื้องต้นของวิชาเอก\n- เรียนวิชาเลือก/วิชาโท','YEAR 3: ความเชี่ยวชาญเฉพาะด้าน\n- เรียนเชิงลึกตามสายวิชา\n- การฝึกงานภาคฤดูร้อน','YEAR 4: การบูรณาการ\n- เรียนการเชื่อมโยงองค์ความรู้\n- โครงงานแต่ละวิชาเอก\n- การฝึกงานสหกิจ','2026-03-14 13:24:37'),(4,3,'วิชาเอกการจัดการโลจิสติกส์และโซ่อุปทาน','Logistics and Supply Chain Management','ศึกษาเกี่ยวกับการจัดการโลจิสติกส์และโซ่อุปทาน การวิเคราะห์เชิงปริมาณสำหรับการจัดการโลจิสติกส์ การขนส่งและการกระจายสินค้า การวางแผนอุปสงค์และสินค้าคงคลัง','https://res.cloudinary.com/dm2kfq5en/image/upload/v1774108107/fms-uploads/byvgx2bfelqkdlf4b3qu.jpg','เจ้าหน้าที่ฝ่ายบุคคล\nเจ้าหน้าที่สรรหา\nพนักงานบริการลูกค้า\nเลขานุการ\nเจ้าหน้าที่บริหารงานทั่วไป\nอาชีพอิสระ','https://res.cloudinary.com/dm2kfq5en/image/upload/v1774108104/fms-uploads/fwabvo6hbcmeqv5ey5or.jpg','YEAR 1: พื้นฐานธุรกิจและความรู้รอบด้าน\n- พื้นฐานด้าน บริหารธุรกิจ ทั้งระบบ\n- ความรู้ทั่วไป (GE) เพื่อพัฒนาทักษะชีวิต','YEAR 2: ความรู้พื้นฐาน\n- เรียนเกี่ยวกับกระบวนการทำงาน\n- ความรู้เบื้องต้นของวิชาเอก\n- เรียนวิชาเลือก/วิชาโท','YEAR 3: ความเชี่ยวชาญเฉพาะด้าน\n- เรียนเชิงลึกตามสายวิชา\n- การฝึกงานภาคฤดูร้อน','YEAR 4: การบูรณาการ\n- เรียนการเชื่อมโยงองค์ความรู้\n- โครงงานแต่ละวิชาเอก\n- การฝึกงานสหกิจ','2026-03-14 13:24:37'),(5,3,'วิชาเอกระบบสารสนเทศทางธุรกิจ','Business Information Systems','ศึกษาเกี่ยวกับพื้นฐานระบบสารสนเทศ การเขียนโปรแกรมคอมพิวเตอร์ การสื่อสารข้อมูลและเครือข่ายคอมพิวเตอร์ การบริหารโครงการทางเทคโนโลยีสารสนเทศ ระบบสารสนเทศเพื่อการจัดการ','https://res.cloudinary.com/dm2kfq5en/image/upload/v1774108081/fms-uploads/lm4mhjbftbowfdf7g30j.jpg','เจ้าหน้าที่สนับสนุนการใช้เทคโนโลยีสารสนเทศในองค์กร\nเจ้าหน้าที่ดูแลระบบ\nโปรแกรมเมอร์\nนักออกแบบส่วนติดต่อผู้ใช้\nเจ้าหน้าที่ออกแบบและบริหารระบบสารสนเทศในองค์กร\nผู้บริหารเว็บไซต์\nผู้บริหารระบบสารสนเทศ\nอาชีพอิสระ','https://res.cloudinary.com/dm2kfq5en/image/upload/v1774108078/fms-uploads/wunlgwdo937clzd8nyhh.jpg','YEAR 1: พื้นฐานธุรกิจและความรู้รอบด้าน\n- พื้นฐานด้าน บริหารธุรกิจ ทั้งระบบ\n- ความรู้ทั่วไป (GE) เพื่อพัฒนาทักษะชีวิต','YEAR 2: ความรู้พื้นฐาน\n- เรียนเกี่ยวกับกระบวนการทำงาน\n- ความรู้เบื้องต้นของวิชาเอก\n- เรียนวิชาเลือก/วิชาโท','YEAR 3: ความเชี่ยวชาญเฉพาะด้าน\n- เรียนเชิงลึกตามสายวิชา\n- การฝึกงานภาคฤดูร้อน','YEAR 4: การบูรณาการ\n- เรียนการเชื่อมโยงองค์ความรู้\n- โครงงานแต่ละวิชาเอก\n- การฝึกงานสหกิจ','2026-03-14 13:24:37'),(6,3,'วิชาเอกการจัดการไมซ์','MICE Management','ศึกษาเกี่ยวกับความรู้เบื้องต้นในอุตสาหกรรมไมซ์ การจัดการประชุมและการท่องเที่ยวเพื่อเป็นรางวัล ความรู้เบื้องต้นในอุตสาหกรรมท่องเที่ยว การจัดการนิทรรศการ','https://res.cloudinary.com/dm2kfq5en/image/upload/v1774108062/fms-uploads/he1mvfgbyoxwo4umalek.jpg','เจ้าหน้าที่ฝ่ายบุคคล\nเจ้าหน้าที่สรรหา\nพนักงานบริการลูกค้า\nเลขานุการ\nเจ้าหน้าที่บริหารงานทั่วไป\nอาชีพอิสระ','https://res.cloudinary.com/dm2kfq5en/image/upload/v1774108053/fms-uploads/ie9velwqvtq0ncak6dtx.jpg','YEAR 1: พื้นฐานธุรกิจและความรู้รอบด้าน\n- พื้นฐานด้าน บริหารธุรกิจ ทั้งระบบ\n- ความรู้ทั่วไป (GE) เพื่อพัฒนาทักษะชีวิต','YEAR 2: ความรู้พื้นฐาน\n- เรียนเกี่ยวกับกระบวนการทำงาน\n- ความรู้เบื้องต้นของวิชาเอก\n- เรียนวิชาเลือก/วิชาโท','YEAR 3: ความเชี่ยวชาญเฉพาะด้าน\n- เรียนเชิงลึกตามสายวิชา\n- การฝึกงานภาคฤดูร้อน','YEAR 4: การบูรณาการ\n- เรียนการเชื่อมโยงองค์ความรู้\n- โครงงานแต่ละวิชาเอก\n- การฝึกงานสหกิจ','2026-03-14 13:24:37'),(14,5,'วิชาเอกระบบสารสนเทศทางธุรกิจ','Business Information Systems','ศึกษาเกี่ยวกับพื้นฐานระบบสารสนเทศ การเขียนโปรแกรมคอมพิวเตอร์ การสื่อสารข้อมูลและเครือข่ายคอมพิวเตอร์ การบริหารโครงการทางเทคโนโลยีสารสนเทศ ระบบสารสนเทศเพื่อการจัดการ','https://res.cloudinary.com/dm2kfq5en/image/upload/v1774107753/fms-uploads/u77mc38tqtra3wkiykvu.jpg','เจ้าหน้าที่สนับสนุนการใช้เทคโนโลยีสารสนเทศในองค์กร\nเจ้าหน้าที่ดูแลระบบ\nโปรแกรมเมอร์\nนักออกแบบส่วนติดต่อผู้ใช้\nเจ้าหน้าที่ออกแบบและบริหารระบบสารสนเทศในองค์กร\nผู้บริหารเว็บไซต์\nผู้บริหารระบบสารสนเทศ\nอาชีพอิสระ','https://res.cloudinary.com/dm2kfq5en/image/upload/v1774107751/fms-uploads/zodlziffqf0vnetjgtra.jpg','YEAR 1: พื้นฐานธุรกิจและความรู้รอบด้าน\n- พื้นฐานด้าน บริหารธุรกิจ ทั้งระบบ\n- ความรู้ทั่วไป (GE) เพื่อพัฒนาทักษะชีวิต','YEAR 2: ความรู้พื้นฐาน\n- เรียนเกี่ยวกับกระบวนการทำงาน\n- ความรู้เบื้องต้นของวิชาเอก\n- เรียนวิชาเลือก/วิชาโท','YEAR 3: ความเชี่ยวชาญเฉพาะด้าน\n- เรียนเชิงลึกตามสายวิชา\n- การฝึกงานภาคฤดูร้อน','YEAR 4: การบูรณาการ\n- เรียนการเชื่อมโยงองค์ความรู้\n- โครงงานแต่ละวิชาเอก\n- การฝึกงานสหกิจ','2026-03-14 13:26:15'),(15,5,'วิชาเอกการเงินและการลงทุน','Finance and Investment','ศึกษาเกี่ยวกับการบริหารการเงิน หลักการลงทุน การบริหารสินเชื่อ การวิเคราะห์หลักทรัพย์ การบริหารสถาบันการเงิน การเงินระหว่างประเทศ การบริหารโครงการธุรกิจ สัมมนาทางการเงิน','https://res.cloudinary.com/dm2kfq5en/image/upload/v1773567264/fms-uploads/jlfx3pynn4bxmttbguur.jpg','พนักงานการเงิน\nนักวิเคราะห์การเงิน\nนักวิชาการเงินและพัสดุ\nผู้ประกอบวิชาชีพในธุรกิจหลักทรัพย์\nนักบริหารการเงินในองค์กรเอกชนและภาครัฐ\nนักบริหารการเงินในตลาดเงิน\nนักบริหารการเงินในตลาดทุน\nอาชีพอิสระ','https://res.cloudinary.com/dm2kfq5en/image/upload/v1773567265/fms-uploads/ildfit5iwyk0qnc7pdnl.jpg','YEAR 1: พื้นฐานธุรกิจและความรู้รอบด้าน\n- พื้นฐานด้าน บริหารธุรกิจ ทั้งระบบ\n- ความรู้ทั่วไป (GE) เพื่อพัฒนาทักษะชีวิต','YEAR 2: ความรู้พื้นฐาน\n- เรียนเกี่ยวกับกระบวนการทำงาน\n- ความรู้เบื้องต้นของวิชาเอก\n- เรียนวิชาเลือก/วิชาโท','YEAR 3: ความเชี่ยวชาญเฉพาะด้าน\n- เรียนเชิงลึกตามสายวิชา\n- การฝึกงานภาคฤดูร้อน','YEAR 4: การบูรณาการ\n- เรียนการเชื่อมโยงองค์ความรู้\n- โครงงานแต่ละวิชาเอก\n- การฝึกงานสหกิจ','2026-03-14 13:26:15'),(16,5,'วิชาเอกการจัดการทรัพยากรมนุษย์','Human Resource Management','ศึกษาเกี่ยวกับการบริหารทรัพยากรมนุษย์ การวางแผนอัตรากำลัง การพัฒนาทรัพยากรมนุษย์และองค์กร การเจรจาต่อรองทางธุรกิจ กฎหมายเกี่ยวกับการบริหารทรัพยากรมนุษย์','https://res.cloudinary.com/dm2kfq5en/image/upload/v1774107703/fms-uploads/hq7o4f7fz7zjhqmhkeob.jpg','เจ้าหน้าที่ฝ่ายบุคคล\nเจ้าหน้าที่สรรหา\nพนักงานบริการลูกค้า\nเลขานุการ\nเจ้าหน้าที่บริหารงานทั่วไป\nอาชีพอิสระ','https://res.cloudinary.com/dm2kfq5en/image/upload/v1774107708/fms-uploads/qyhcfs6s6fph6dobjnrm.jpg','YEAR 1: พื้นฐานธุรกิจและความรู้รอบด้าน\n- พื้นฐานด้าน บริหารธุรกิจ ทั้งระบบ\n- ความรู้ทั่วไป (GE) เพื่อพัฒนาทักษะชีวิต','YEAR 2: ความรู้พื้นฐาน\n- เรียนเกี่ยวกับกระบวนการทำงาน\n- ความรู้เบื้องต้นของวิชาเอก\n- เรียนวิชาเลือก/วิชาโท','YEAR 3: ความเชี่ยวชาญเฉพาะด้าน\n- เรียนเชิงลึกตามสายวิชา\n- การฝึกงานภาคฤดูร้อน','YEAR 4: การบูรณาการ\n- เรียนการเชื่อมโยงองค์ความรู้\n- โครงงานแต่ละวิชาเอก\n- การฝึกงานสหกิจ','2026-03-14 13:26:15'),(17,5,'วิชาเอกการจัดการโลจิสติกส์และโซ่อุปทาน','Logistics Management','ศึกษาเกี่ยวกับการบริหารทรัพยากรมนุษย์ การวางแผนอัตรากำลัง การพัฒนาทรัพยากรมนุษย์และองค์กร การเจรจาต่อรองทางธุรกิจ กฎหมายเกี่ยวกับการบริหารทรัพยากรมนุษย์','https://res.cloudinary.com/dm2kfq5en/image/upload/v1774107587/fms-uploads/n5fb0brstyxpzys1bnw2.jpg','เจ้าหน้าที่ฝ่ายบุคคล\nเจ้าหน้าที่สรรหา\nพนักงานบริการลูกค้า\nเลขานุการ\nเจ้าหน้าที่บริหารงานทั่วไป\nอาชีพอิสระ','https://res.cloudinary.com/dm2kfq5en/image/upload/v1774107582/fms-uploads/toonty9j8pfm31oduil1.jpg','YEAR 1: พื้นฐานธุรกิจและความรู้รอบด้าน\n- พื้นฐานด้าน บริหารธุรกิจ ทั้งระบบ\n- ความรู้ทั่วไป (GE) เพื่อพัฒนาทักษะชีวิต','YEAR 2: ความรู้พื้นฐาน\n- เรียนเกี่ยวกับกระบวนการทำงาน\n- ความรู้เบื้องต้นของวิชาเอก\n- เรียนวิชาเลือก/วิชาโท','YEAR 3: ความเชี่ยวชาญเฉพาะด้าน\n- เรียนเชิงลึกตามสายวิชา\n- การฝึกงานภาคฤดูร้อน','YEAR 4: การบูรณาการ\n- เรียนการเชื่อมโยงองค์ความรู้\n- โครงงานแต่ละวิชาเอก\n- การฝึกงานสหกิจ','2026-03-14 13:26:15'),(18,5,'วิชาเอกการตลาดและการสื่อสาร','Marketing and Communication','ศึกษาเกี่ยวกับการบริหารการตลาด พฤติกรรมผู้บริโภค การวิเคราะห์เชิงปริมาณสำหรับการตลาด กลยุทธ์การส่งเสริมการตลาด การตลาดสินค้าระหว่างประเทศ กลยุทธ์การตลาดเพื่อการแข่งขัน การบริหารการขาย','https://res.cloudinary.com/dm2kfq5en/image/upload/v1774107525/fms-uploads/iyo1cwvmfq7elfcoaahg.jpg','เจ้าหน้าที่การตลาด\nนักวิจัยตลาด\nเจ้าหน้าที่ด้านการส่งออก-นำเข้า\nผู้จัดการธุรกิจขายตรง\nตัวแทนขาย\nพนักงานขาย\nพนักงานลูกค้าสัมพันธ์\nอาชีพอิสระ','https://res.cloudinary.com/dm2kfq5en/image/upload/v1774107516/fms-uploads/fxfdfgm6o6szirtbz3ue.jpg','YEAR 1: พื้นฐานธุรกิจและความรู้รอบด้าน\n- พื้นฐานด้าน บริหารธุรกิจ ทั้งระบบ\n- ความรู้ทั่วไป (GE) เพื่อพัฒนาทักษะชีวิต','YEAR 2: ความรู้พื้นฐาน\n- เรียนเกี่ยวกับกระบวนการทำงาน\n- ความรู้เบื้องต้นของวิชาเอก\n- เรียนวิชาเลือก/วิชาโท','YEAR 3: ความเชี่ยวชาญเฉพาะด้าน\n- เรียนเชิงลึกตามสายวิชา\n- การฝึกงานภาคฤดูร้อน','YEAR 4: การบูรณาการ\n- เรียนการเชื่อมโยงองค์ความรู้\n- โครงงานแต่ละวิชาเอก\n- การฝึกงานสหกิจ','2026-03-14 13:26:15'),(19,5,'วิชาเอกการจัดการไมซ์','MICE Management','ศึกษาเกี่ยวกับการบริหารทรัพยากรมนุษย์ การวางแผนอัตรากำลัง การพัฒนาทรัพยากรมนุษย์และองค์กร การเจรจาต่อรองทางธุรกิจ กฎหมายเกี่ยวกับการบริหารทรัพยากรมนุษย์','https://res.cloudinary.com/dm2kfq5en/image/upload/v1774107999/fms-uploads/ril19tb25ibmite8lich.jpg','เจ้าหน้าที่ฝ่ายบุคคล\nเจ้าหน้าที่สรรหา\nพนักงานบริการลูกค้า\nเลขานุการ\nเจ้าหน้าที่บริหารงานทั่วไป\nอาชีพอิสระ','https://res.cloudinary.com/dm2kfq5en/image/upload/v1774107990/fms-uploads/fsv2k50cu1sthcso6gv2.jpg','YEAR 1: พื้นฐานธุรกิจและความรู้รอบด้าน\n- พื้นฐานด้าน บริหารธุรกิจ ทั้งระบบ\n- ความรู้ทั่วไป (GE) เพื่อพัฒนาทักษะชีวิต','YEAR 2: ความรู้พื้นฐาน\n- เรียนเกี่ยวกับกระบวนการทำงาน\n- ความรู้เบื้องต้นของวิชาเอก\n- เรียนวิชาเลือก/วิชาโท','YEAR 3: ความเชี่ยวชาญเฉพาะด้าน\n- เรียนเชิงลึกตามสายวิชา\n- การฝึกงานภาคฤดูร้อน','YEAR 4: การบูรณาการ\n- เรียนการเชื่อมโยงองค์ความรู้\n- โครงงานแต่ละวิชาเอก\n- การฝึกงานสหกิจ','2026-03-14 13:26:16'),(20,6,'การเงินและการลงทุน','Finance and Investment',NULL,NULL,NULL,NULL,NULL,NULL,NULL,NULL,'2026-03-17 10:49:01'),(28,7,'หลักสูตรบัญชีบัณฑิต ปีหลักสูตร 2568',NULL,NULL,NULL,NULL,NULL,NULL,NULL,NULL,NULL,'2026-03-24 11:40:34'),(29,9,'หลักสูตรรัฐประศาสนศาสตรบัณฑิต ปีหลักสูตร 2564',NULL,NULL,NULL,NULL,NULL,NULL,NULL,NULL,NULL,'2026-03-24 11:41:58');
/*!40000 ALTER TABLE `majors` ENABLE KEYS */;
UNLOCK TABLES;

--
-- Table structure for table `minor_ext_subjects`
--

DROP TABLE IF EXISTS `minor_ext_subjects`;
/*!40101 SET @saved_cs_client     = @@character_set_client */;
/*!40101 SET character_set_client = utf8 */;
CREATE TABLE `minor_ext_subjects` (
  `id` int(10) unsigned NOT NULL AUTO_INCREMENT,
  `minor_group_id` int(10) unsigned NOT NULL,
  `subject_code` varchar(20) NOT NULL,
  `name_th` varchar(300) NOT NULL,
  `name_en` varchar(300) NOT NULL DEFAULT '',
  `credits` varchar(10) NOT NULL DEFAULT '3',
  `subject_type` enum('required','elective') NOT NULL DEFAULT 'required',
  `special_note` varchar(300) NOT NULL DEFAULT '',
  `sort_order` smallint(5) unsigned NOT NULL DEFAULT 0,
  `is_active` tinyint(1) NOT NULL DEFAULT 1,
  PRIMARY KEY (`id`),
  KEY `fk_mes_group` (`minor_group_id`),
  CONSTRAINT `fk_mes_group` FOREIGN KEY (`minor_group_id`) REFERENCES `minor_groups` (`id`) ON DELETE CASCADE
) ENGINE=InnoDB AUTO_INCREMENT=17 DEFAULT CHARSET=utf8mb4 COLLATE=utf8mb4_unicode_ci;
/*!40101 SET character_set_client = @saved_cs_client */;

--
-- Dumping data for table `minor_ext_subjects`
--

LOCK TABLES `minor_ext_subjects` WRITE;
/*!40000 ALTER TABLE `minor_ext_subjects` DISABLE KEYS */;
INSERT INTO `minor_ext_subjects` VALUES (1,6,'464-101','การบัญชีการเงินเบื้องต้น','Fundamental Financial Accounting','3','required','',1,1),(2,6,'464-201','การบัญชีบริหาร','Management Accounting','3','required','',2,1),(3,6,'464-301','บัญชีเพื่อการจัดการทางธุรกิจ','Management Accounting for Business','3','required','',3,1),(4,7,'875-103','เศรษฐศาสตร์จุลภาค 1','Microeconomics I','4','required','',1,1),(5,7,'875-104','เศรษฐศาสตร์มหภาค 1','Macroeconomics I','4','required','',2,1),(6,9,'893-201','ภาษาจีนเบื้องต้น','Basic Chinese','3','required','',1,1),(7,9,'893-202','ภาษาจีนในชีวิตประจำวัน','Chinese in Daily Life','3','required','',2,1),(8,9,'893-303','การสนทนาภาษาจีน','Chinese Conversation','3','required','',3,1),(9,9,'893-304','ภาษาจีนในที่ทำงาน','Chinese in the Workplace','3','required','',4,1),(10,9,'893-405','ภาษาจีนในภาพยนตร์และบทเพลง','Chinese in Movies and Songs','3','required','',5,1),(11,10,'898-111','การจัดการธุรกิจท่องเที่ยวและการบริการ','Tourism Business and Hospitality Management','3','required','',1,1),(12,10,'898-211','การดำเนินงานบริการและจัดนำเที่ยว','Tour Operation and Leading','3','required','',2,1),(13,10,'898-343','การท่องเที่ยวเชิงนิเวศ','Eco-tourism','3','required','',3,1),(14,10,'898-344','การจัดการการท่องเที่ยวเชิงสุขภาพ','Health Tourism Management','3','required','',4,1),(15,10,'898-345','การจัดการท่องเที่ยวเชิงอาหาร','Gastronomy Tourism','3','required','',5,1),(16,10,'898-346','การจัดการธุรกิจท่องเที่ยวทางทะเล','Marine Tourism Management','3','required','',6,1);
/*!40000 ALTER TABLE `minor_ext_subjects` ENABLE KEYS */;
UNLOCK TABLES;

--
-- Table structure for table `minor_groups`
--

DROP TABLE IF EXISTS `minor_groups`;
/*!40101 SET @saved_cs_client     = @@character_set_client */;
/*!40101 SET character_set_client = utf8 */;
CREATE TABLE `minor_groups` (
  `id` int(10) unsigned NOT NULL AUTO_INCREMENT,
  `course_id` int(11) NOT NULL,
  `name_th` varchar(200) NOT NULL,
  `name_en` varchar(200) NOT NULL DEFAULT '',
  `abbr` varchar(20) NOT NULL DEFAULT '',
  `icon` varchar(60) NOT NULL DEFAULT 'fa-graduation-cap',
  `color` varchar(100) NOT NULL DEFAULT 'linear-gradient(135deg,#7c3aed,#9b51e0)',
  `note` text DEFAULT NULL,
  `free_note` text DEFAULT NULL,
  `sort_order` tinyint(3) unsigned NOT NULL DEFAULT 0,
  `is_active` tinyint(1) NOT NULL DEFAULT 1,
  `source_type` enum('bba','external') NOT NULL DEFAULT 'external',
  `major_id` int(10) unsigned DEFAULT NULL COMMENT 'ถ้าเป็น BBA ให้ link major_id',
  `created_at` datetime NOT NULL DEFAULT current_timestamp(),
  `allow_mix` tinyint(1) DEFAULT 0,
  PRIMARY KEY (`id`)
) ENGINE=InnoDB AUTO_INCREMENT=14 DEFAULT CHARSET=utf8mb4 COLLATE=utf8mb4_unicode_ci;
/*!40101 SET character_set_client = @saved_cs_client */;

--
-- Dumping data for table `minor_groups`
--

LOCK TABLES `minor_groups` WRITE;
/*!40000 ALTER TABLE `minor_groups` DISABLE KEYS */;
INSERT INTO `minor_groups` VALUES (1,5,'การเงินและการลงทุน','Finance and Investment','FIN','fa-coins','linear-gradient(135deg,#7c3aed,#9b51e0)','วิชาบังคับและวิชาเลือกทั้งหมดสามารถนำมานับเป็นวิชาโทได้ เลือกรวม 15 หน่วยกิต',NULL,1,1,'bba',15,'2026-03-20 18:45:53',0),(2,5,'การตลาดและการสื่อสาร','Marketing and Communication','MKT','fa-bullhorn','linear-gradient(135deg,#e11d48,#f43f5e)','วิชาบังคับและวิชาเลือกทั้งหมดสามารถนำมานับเป็นวิชาโทได้ เลือกรวม 15 หน่วยกิต',NULL,2,1,'bba',18,'2026-03-20 18:45:53',0),(3,5,'การจัดการทรัพยากรมนุษย์','Human Resource Management','HRM','fa-users-gear','linear-gradient(135deg,#16a34a,#22c55e)','วิชาบังคับและวิชาเลือกทั้งหมดสามารถนำมานับเป็นวิชาโทได้ เลือกรวม 15 หน่วยกิต',NULL,3,1,'bba',16,'2026-03-20 18:45:53',0),(4,5,'การจัดการโลจิสติกส์และโซ่อุปทาน','Logistics and Supply Chain Management','LSM','fa-truck-fast','linear-gradient(135deg,#d97706,#f59e0b)','วิชาบังคับและวิชาเลือกทั้งหมดสามารถนำมานับเป็นวิชาโทได้ เลือกรวม 15 หน่วยกิต',NULL,4,1,'bba',17,'2026-03-20 18:45:53',0),(5,5,'การจัดการไมซ์','MICE Management','MICE','fa-microphone-lines','linear-gradient(135deg,#c026d3,#e879f9)','วิชาบังคับและวิชาเลือกทั้งหมดสามารถนำมานับเป็นวิชาโทได้ เลือกรวม 15 หน่วยกิต',NULL,5,1,'bba',19,'2026-03-20 18:45:53',0),(6,5,'การบัญชี','Accounting (Faculty of Management Sciences)','ACC','fa-file-invoice-dollar','linear-gradient(135deg,#334155,#64748b)','เลือกจากรายวิชาในกลุ่มการบัญชี รวม 15 หน่วยกิต',NULL,6,1,'external',NULL,'2026-03-20 18:45:53',0),(7,5,'เศรษฐศาสตร์','Economics (Faculty of Economics)','ECON','fa-chart-line','linear-gradient(135deg,#0d9488,#14b8a6)','บังคับเรียน 875-103 + 875-104 ก่อน (8 หน่วยกิต) แล้วเลือกเพิ่มอีก 7 หน่วยกิต',NULL,7,1,'external',NULL,'2026-03-20 18:45:53',0),(8,5,'วิศวกรรมศาสตร์','Engineering','ENG','fa-gears','linear-gradient(135deg,#b45309,#d97706)','เลือกรายวิชาที่เปิดสอนโดยคณะวิศวกรรมศาสตร์ 15 หน่วยกิต โดยผ่านความเห็นชอบของคณะกรรมการบริหารหลักสูตรก่อน','กรุณาตรวจสอบกับคณะวิศวกรรมศาสตร์และอาจารย์ที่ปรึกษาก่อนลงทะเบียน',8,1,'external',NULL,'2026-03-20 18:45:53',0),(9,5,'ชุดวิชาภาษาจีน','Chinese Language (Faculty of Liberal Arts)','CHN','fa-language','linear-gradient(135deg,#b91c1c,#ef4444)','เรียนจากคณะศิลปศาสตร์ ชุดวิชาภาษาจีน 15 หน่วยกิต',NULL,9,1,'external',NULL,'2026-03-20 18:45:53',0),(10,5,'การท่องเที่ยวและการบริการ','Tourism and Hospitality (Faculty of Liberal Arts)','TOUR','fa-plane','linear-gradient(135deg,#0369a1,#0ea5e9)','เรียนจากคณะศิลปศาสตร์ ชุดวิชาการท่องเที่ยวและการบริการ 15 หน่วยกิต',NULL,10,1,'external',NULL,'2026-03-20 18:45:53',0),(11,5,'ระบบสารสนเทศทางธุรกิจ','Business Information Systems','BIS','fa-laptop-code','linear-gradient(135deg,#0284c7,#38bdf8)','วิชาบังคับและวิชาเลือกทั้งหมดสามารถนำมานับเป็นวิชาโทได้ เลือกรวม 15 หน่วยกิต',NULL,6,1,'bba',14,'2026-03-20 20:51:22',0);
/*!40000 ALTER TABLE `minor_groups` ENABLE KEYS */;
UNLOCK TABLES;

--
-- Table structure for table `mlo_kas`
--

DROP TABLE IF EXISTS `mlo_kas`;
/*!40101 SET @saved_cs_client     = @@character_set_client */;
/*!40101 SET character_set_client = utf8 */;
CREATE TABLE `mlo_kas` (
  `mlo_id` char(36) NOT NULL,
  `kas_id` char(36) NOT NULL,
  PRIMARY KEY (`mlo_id`,`kas_id`),
  KEY `fk_mlkas_kas` (`kas_id`),
  CONSTRAINT `fk_mlkas_kas` FOREIGN KEY (`kas_id`) REFERENCES `kas_items` (`id`) ON DELETE CASCADE,
  CONSTRAINT `fk_mlkas_mlo` FOREIGN KEY (`mlo_id`) REFERENCES `mlos` (`id`) ON DELETE CASCADE
) ENGINE=InnoDB DEFAULT CHARSET=utf8mb4 COLLATE=utf8mb4_general_ci;
/*!40101 SET character_set_client = @saved_cs_client */;

--
-- Dumping data for table `mlo_kas`
--

LOCK TABLES `mlo_kas` WRITE;
/*!40000 ALTER TABLE `mlo_kas` DISABLE KEYS */;
/*!40000 ALTER TABLE `mlo_kas` ENABLE KEYS */;
UNLOCK TABLES;

--
-- Table structure for table `mlos`
--

DROP TABLE IF EXISTS `mlos`;
/*!40101 SET @saved_cs_client     = @@character_set_client */;
/*!40101 SET character_set_client = utf8 */;
CREATE TABLE `mlos` (
  `id` char(36) NOT NULL DEFAULT uuid(),
  `major_group_id` char(36) NOT NULL,
  `code` text NOT NULL,
  `description` text NOT NULL,
  `sort_order` int(11) NOT NULL DEFAULT 0,
  `created_at` datetime NOT NULL DEFAULT current_timestamp(),
  `updated_at` datetime NOT NULL DEFAULT current_timestamp() ON UPDATE current_timestamp(),
  PRIMARY KEY (`id`),
  KEY `idx_mlos_group` (`major_group_id`),
  CONSTRAINT `fk_mlo_mg` FOREIGN KEY (`major_group_id`) REFERENCES `major_groups` (`id`) ON DELETE CASCADE
) ENGINE=InnoDB DEFAULT CHARSET=utf8mb4 COLLATE=utf8mb4_general_ci;
/*!40101 SET character_set_client = @saved_cs_client */;

--
-- Dumping data for table `mlos`
--

LOCK TABLES `mlos` WRITE;
/*!40000 ALTER TABLE `mlos` DISABLE KEYS */;
INSERT INTO `mlos` VALUES ('4cdfb715-273d-11f1-9355-00090ffe0001','88bb7260-d3b0-472a-ad0a-818e279e9109','MLO3.1','ใช้แนวคิดการจัดการทรัพยากรมนุษย์ในการสร้างกิจกรรมเพื่อพัฒนาคน',1,'2026-03-24 11:52:46','2026-03-24 11:52:46'),('4ce09706-273d-11f1-9355-00090ffe0001','88bb7260-d3b0-472a-ad0a-818e279e9109','MLO3.2','ใช้เทคโนโลยีดิจิทัลในการบริหารทรัพยากรมนุษย์',2,'2026-03-24 11:52:46','2026-03-24 11:52:46'),('4ce1537c-273d-11f1-9355-00090ffe0001','c3fd5318-323d-44e1-82ea-d779325edf06','MLO4.1','วางแผนในการลดต้นทุนและเพิ่มกําไรโดยใช้ความรู้ด้านการจัดการโลจิสติกส์และโซ่อุปทานให้กับ\r\nธุรกิจ',1,'2026-03-24 11:52:46','2026-03-24 11:52:46'),('4ce1aab0-273d-11f1-9355-00090ffe0001','c3fd5318-323d-44e1-82ea-d779325edf06','MLO4.2','ประยุกต์ความรู้ทางด้านการจัดการโลจิสติกส์และโซ่อุปทานในการแก้ไขปัญหาของธุรกิจในฝั่ง\r\nOutbound และบริบทพื้นที่ภาคใต้',2,'2026-03-24 11:52:46','2026-03-24 11:52:46'),('4ce20c0d-273d-11f1-9355-00090ffe0001','5e5bd194-01a5-40d2-96ca-5debe0957c5e','MLO6.1','จัดงานไมซ์ได้ตามเป้าหมายการพัฒนาที่ยั่งยืน (SDGs) และสอดคล้องกับความต้องการของผู้มีส่วน\r\nได้ส่วนเสีย',1,'2026-03-24 11:52:46','2026-03-24 11:52:46'),('4ce28ba3-273d-11f1-9355-00090ffe0001','5e5bd194-01a5-40d2-96ca-5debe0957c5e','MLO6.2','ปรับตัวในสถานการณ์การจัดงานไมซ์ที่มีความกดดันและหาทางแก้ไขปัญหาผ่านความคิดสร้างสรรค์',2,'2026-03-24 11:52:46','2026-03-24 11:52:46'),('4ce2ec1d-273d-11f1-9355-00090ffe0001','199b640e-0b9c-40ec-b54f-bff320ef8fef','MLO2.1','วิเคราะห์กลยุทธ์ทางการตลาดอย่างสร้างสรรค์',1,'2026-03-24 11:52:46','2026-03-24 11:52:46'),('4ce3560f-273d-11f1-9355-00090ffe0001','199b640e-0b9c-40ec-b54f-bff320ef8fef','MLO2.2','วิเคราะห์แนวทางการแก้ไขปัญหาทางการตลาดเชิงนวัตกรรม',2,'2026-03-24 11:52:46','2026-03-24 11:52:46'),('4ce3966f-273d-11f1-9355-00090ffe0001','199b640e-0b9c-40ec-b54f-bff320ef8fef','MLO2.3','กําหนดกลยุทธ์การตลาดเพื่อใช้ในธุรกิจ',3,'2026-03-24 11:52:46','2026-03-24 11:52:46'),('4ce3dcbb-273d-11f1-9355-00090ffe0001','776d7a81-47a3-4fb5-b0b7-7ea0f05b7d02','MLO1.1','เขียนบทวิเคราะห์ตราสารทางการเงินภายใต้หลักเกณฑ์ของคณะกรรมการกํากับหลักทรัพย์และ\r\nตลาดหลักทรัพย์',1,'2026-03-24 11:52:46','2026-03-24 11:52:46'),('4ce41e68-273d-11f1-9355-00090ffe0001','776d7a81-47a3-4fb5-b0b7-7ea0f05b7d02','MLO1.2','วางแผนการเงินส่วนบุคคลตามมาตรฐานของสมาคมนักวางแผนการเงินไทย',2,'2026-03-24 11:52:46','2026-03-24 11:52:46'),('4ce4ce27-273d-11f1-9355-00090ffe0001','776d7a81-47a3-4fb5-b0b7-7ea0f05b7d02','MLO1.3','วิเคราะห์ข้อมูลทางการเงินเพื่อการบริหารการเงินขององค์กร',3,'2026-03-24 11:52:46','2026-03-24 11:52:46'),('4ce53e10-273d-11f1-9355-00090ffe0001','3d778ca6-3102-4f7f-876d-829def9cb34d','MLO5.1','พัฒนาระบบสารสนเทศทางธุรกิจเพื่อใช้ในการวางแผนธุรกิจ',1,'2026-03-24 11:52:46','2026-03-24 11:52:46'),('4ce58af3-273d-11f1-9355-00090ffe0001','3d778ca6-3102-4f7f-876d-829def9cb34d','MLO5.2','วางแผนและติดตั้งระบบสารสนเทศได้ถูกต้องตามกฎหมาย',2,'2026-03-24 11:52:46','2026-03-24 11:52:46');
/*!40000 ALTER TABLE `mlos` ENABLE KEYS */;
UNLOCK TABLES;

--
-- Table structure for table `plo_kas`
--

DROP TABLE IF EXISTS `plo_kas`;
/*!40101 SET @saved_cs_client     = @@character_set_client */;
/*!40101 SET character_set_client = utf8 */;
CREATE TABLE `plo_kas` (
  `plo_id` char(36) NOT NULL,
  `kas_id` char(36) NOT NULL,
  PRIMARY KEY (`plo_id`,`kas_id`),
  KEY `fk_plkas_kas` (`kas_id`),
  CONSTRAINT `fk_plkas_kas` FOREIGN KEY (`kas_id`) REFERENCES `kas_items` (`id`) ON DELETE CASCADE,
  CONSTRAINT `fk_plkas_plo` FOREIGN KEY (`plo_id`) REFERENCES `plos` (`id`) ON DELETE CASCADE
) ENGINE=InnoDB DEFAULT CHARSET=utf8mb4 COLLATE=utf8mb4_general_ci;
/*!40101 SET character_set_client = @saved_cs_client */;

--
-- Dumping data for table `plo_kas`
--

LOCK TABLES `plo_kas` WRITE;
/*!40000 ALTER TABLE `plo_kas` DISABLE KEYS */;
/*!40000 ALTER TABLE `plo_kas` ENABLE KEYS */;
UNLOCK TABLES;

--
-- Table structure for table `plo_score_structure`
--

DROP TABLE IF EXISTS `plo_score_structure`;
/*!40101 SET @saved_cs_client     = @@character_set_client */;
/*!40101 SET character_set_client = utf8 */;
CREATE TABLE `plo_score_structure` (
  `id` int(11) NOT NULL AUTO_INCREMENT,
  `year` varchar(10) NOT NULL DEFAULT '2567',
  `sort_order` int(11) NOT NULL DEFAULT 0,
  `type` enum('section','row','subtotal','total','grand') NOT NULL,
  `code` varchar(20) DEFAULT NULL,
  `label` varchar(255) DEFAULT NULL,
  `description` text DEFAULT NULL,
  `ref_rows` varchar(20) DEFAULT NULL,
  `created_at` datetime DEFAULT current_timestamp(),
  `updated_at` datetime DEFAULT current_timestamp() ON UPDATE current_timestamp(),
  PRIMARY KEY (`id`),
  KEY `idx_year` (`year`),
  KEY `idx_type` (`type`)
) ENGINE=InnoDB AUTO_INCREMENT=29 DEFAULT CHARSET=utf8mb4 COLLATE=utf8mb4_unicode_ci;
/*!40101 SET character_set_client = @saved_cs_client */;

--
-- Dumping data for table `plo_score_structure`
--

LOCK TABLES `plo_score_structure` WRITE;
/*!40000 ALTER TABLE `plo_score_structure` DISABLE KEYS */;
INSERT INTO `plo_score_structure` VALUES (1,'2567',1,'section',NULL,'ผลลัพธ์การเรียนรู้ระดับหลักสูตร (PLO)',NULL,NULL,'2026-03-15 10:25:37','2026-03-15 10:25:37'),(2,'2567',2,'row','PLO1','PLO1','พัฒนาตนเองจากการเรียนรู้เมื่อได้รับคำวิพากษ์วิจารณ์',NULL,'2026-03-15 10:25:37','2026-03-15 10:25:37'),(3,'2567',3,'row','PLO2','PLO2','วิเคราะห์และนำเสนอข้อมูลต่อผู้บริหารเพื่อการตัดสินใจ',NULL,'2026-03-15 10:25:37','2026-03-15 10:25:37'),(4,'2567',4,'row','PLO3','PLO3','ประยุกต์ความรู้ด้านบริหารธุรกิจเพื่อวางแผนกลยุทธ์ให้องค์กร',NULL,'2026-03-15 10:25:37','2026-03-15 10:25:37'),(5,'2567',5,'row','PLO4','PLO4','ประยุกต์กรอบแนวคิดความเป็นผู้ประกอบการเพื่อการสร้างธุรกิจ',NULL,'2026-03-15 10:25:37','2026-03-15 10:25:37'),(6,'2567',6,'row','PLO5','PLO5','ประยุกต์ใช้กระบวนการวิจัยเพื่อแก้ไขปัญหาทางธุรกิจ',NULL,'2026-03-15 10:25:37','2026-03-15 10:25:37'),(7,'2567',7,'row','PLO6','PLO6','สื่อสารภายใต้ความหลากหลายทางสังคมและวัฒนธรรม',NULL,'2026-03-15 10:25:37','2026-03-15 10:25:37'),(8,'2567',8,'row','PLO7','PLO7','ทำงานร่วมกับผู้อื่นในองค์กร',NULL,'2026-03-15 10:25:37','2026-03-15 10:25:37'),(9,'2567',9,'row','PLO8','PLO8','เลือกใช้เทคโนโลยีดิจิทัลในการทำงานให้บรรลุเป้าหมาย',NULL,'2026-03-15 10:25:37','2026-03-15 10:25:37'),(10,'2567',10,'row','PLO9','PLO9','แสดงพฤติกรรมที่แสดงถึงการมีจริยธรรมและความรับผิดชอบต่อสังคม',NULL,'2026-03-15 10:25:37','2026-03-15 10:25:37'),(11,'2567',11,'subtotal',NULL,'รวม PLO หลักสูตรบริหารธุรกิจ',NULL,'ba','2026-03-15 10:25:37','2026-03-15 10:25:37'),(12,'2567',12,'section',NULL,'ผลลัพธ์การเรียนรู้ระดับวิชาเอก (MLO)',NULL,NULL,'2026-03-15 10:25:37','2026-03-15 10:25:37'),(13,'2567',13,'row','MLO1.1','MLO1.1','เขียนบทวิเคราะห์ตราสารทางการเงินภายใต้หลักเกณฑ์ของ กลต.',NULL,'2026-03-15 10:25:37','2026-03-15 10:25:37'),(14,'2567',14,'row','MLO1.2','MLO1.2','วางแผนการเงินส่วนบุคคลตามมาตรฐานของสมาคมนักวางแผนการเงินไทย',NULL,'2026-03-15 10:25:37','2026-03-15 10:25:37'),(15,'2567',15,'row','MLO1.3','MLO1.3','วิเคราะห์ข้อมูลทางการเงินเพื่อการบริหารการเงินขององค์กร',NULL,'2026-03-15 10:25:37','2026-03-15 10:25:37'),(16,'2567',16,'row','MLO2.1','MLO2.1','วิเคราะห์กลยุทธ์ทางการตลาดอย่างสร้างสรรค์',NULL,'2026-03-15 10:25:37','2026-03-15 10:25:37'),(17,'2567',17,'row','MLO2.2','MLO2.2','วิเคราะห์แนวทางการแก้ไขปัญหาทางการตลาดเชิงนวัตกรรม',NULL,'2026-03-15 10:25:37','2026-03-15 10:25:37'),(18,'2567',18,'row','MLO2.3','MLO2.3','กำหนดกลยุทธ์การตลาดเพื่อใช้ในธุรกิจ',NULL,'2026-03-15 10:25:37','2026-03-15 10:25:37'),(19,'2567',19,'row','MLO3.1','MLO3.1','ใช้แนวคิดการจัดการทรัพยากรมนุษย์ในการสร้างกิจกรรมเพื่อพัฒนาคน',NULL,'2026-03-15 10:25:37','2026-03-15 10:25:37'),(20,'2567',20,'row','MLO3.2','MLO3.2','ใช้เทคโนโลยีดิจิทัลในการบริหารทรัพยากรมนุษย์',NULL,'2026-03-15 10:25:37','2026-03-15 10:25:37'),(21,'2567',21,'row','MLO4.1','MLO4.1','วางแผนในการลดต้นทุนและเพิ่มกำไรโดยใช้ความรู้ด้านโลจิสติกส์',NULL,'2026-03-15 10:25:37','2026-03-15 10:25:37'),(22,'2567',22,'row','MLO4.2','MLO4.2','ประยุกต์ความรู้ทางด้านโลจิสติกส์ในการแก้ไขปัญหาของธุรกิจ',NULL,'2026-03-15 10:25:37','2026-03-15 10:25:37'),(23,'2567',23,'row','MLO5.1','MLO5.1','พัฒนาระบบสารสนเทศทางธุรกิจเพื่อใช้ในการวางแผนธุรกิจ',NULL,'2026-03-15 10:25:37','2026-03-15 10:25:37'),(24,'2567',24,'row','MLO5.2','MLO5.2','วางแผนและติดตั้งระบบสารสนเทศได้ถูกต้องตามกฎหมาย',NULL,'2026-03-15 10:25:37','2026-03-15 10:25:37'),(25,'2567',25,'row','MLO6.1','MLO6.1','จัดงานไมซ์ได้ตามเป้าหมายการพัฒนาที่ยั่งยืน (SDGs)',NULL,'2026-03-15 10:25:37','2026-03-15 10:25:37'),(26,'2567',26,'row','MLO6.2','MLO6.2','ปรับตัวในสถานการณ์การจัดงานไมซ์ที่มีความกดดัน',NULL,'2026-03-15 10:25:37','2026-03-15 10:25:37'),(27,'2567',27,'subtotal',NULL,'รวม MLO',NULL,'multi','2026-03-15 10:25:37','2026-03-15 10:25:37'),(28,'2567',28,'grand',NULL,'Grand Total รวมทุก PLO/MLO',NULL,'all','2026-03-15 10:25:37','2026-03-15 10:25:37');
/*!40000 ALTER TABLE `plo_score_structure` ENABLE KEYS */;
UNLOCK TABLES;

--
-- Table structure for table `plo_score_values`
--

DROP TABLE IF EXISTS `plo_score_values`;
/*!40101 SET @saved_cs_client     = @@character_set_client */;
/*!40101 SET character_set_client = utf8 */;
CREATE TABLE `plo_score_values` (
  `id` int(11) NOT NULL AUTO_INCREMENT,
  `structure_id` int(11) NOT NULL,
  `year` varchar(10) NOT NULL DEFAULT '2567',
  `sem1` decimal(4,2) DEFAULT NULL,
  `sem2` decimal(4,2) DEFAULT NULL,
  `updated_by` int(11) DEFAULT NULL,
  `updated_at` datetime DEFAULT current_timestamp() ON UPDATE current_timestamp(),
  PRIMARY KEY (`id`),
  UNIQUE KEY `uq_struct_year` (`structure_id`,`year`),
  KEY `idx_year` (`year`),
  CONSTRAINT `plo_score_values_ibfk_1` FOREIGN KEY (`structure_id`) REFERENCES `plo_score_structure` (`id`) ON DELETE CASCADE
) ENGINE=InnoDB DEFAULT CHARSET=utf8mb4 COLLATE=utf8mb4_unicode_ci;
/*!40101 SET character_set_client = @saved_cs_client */;

--
-- Dumping data for table `plo_score_values`
--

LOCK TABLES `plo_score_values` WRITE;
/*!40000 ALTER TABLE `plo_score_values` DISABLE KEYS */;
/*!40000 ALTER TABLE `plo_score_values` ENABLE KEYS */;
UNLOCK TABLES;

--
-- Table structure for table `plo_scores`
--

DROP TABLE IF EXISTS `plo_scores`;
/*!40101 SET @saved_cs_client     = @@character_set_client */;
/*!40101 SET character_set_client = utf8 */;
CREATE TABLE `plo_scores` (
  `id` char(36) NOT NULL DEFAULT uuid(),
  `program_id` char(36) NOT NULL,
  `dept_name` varchar(100) DEFAULT NULL,
  `group_name` varchar(100) DEFAULT NULL,
  `lo_level` enum('PLO','MLO','CLO') NOT NULL,
  `lo_code` text NOT NULL,
  `lo_description` text DEFAULT NULL,
  `academic_year` int(11) NOT NULL,
  `semester_1` decimal(4,2) DEFAULT NULL,
  `semester_2` decimal(4,2) DEFAULT NULL,
  `note` text DEFAULT NULL,
  `sort_order` int(11) DEFAULT 0,
  `created_at` datetime NOT NULL DEFAULT current_timestamp(),
  `updated_at` datetime NOT NULL DEFAULT current_timestamp() ON UPDATE current_timestamp(),
  PRIMARY KEY (`id`),
  UNIQUE KEY `uq_prog_level_code_year` (`program_id`,`lo_level`,`lo_code`,`academic_year`) USING HASH,
  KEY `idx_plo_scores_prog_year` (`program_id`,`academic_year`),
  CONSTRAINT `fk_ps_prog` FOREIGN KEY (`program_id`) REFERENCES `programs` (`id`) ON DELETE CASCADE,
  CONSTRAINT `chk_sem1` CHECK (`semester_1` between 0 and 5),
  CONSTRAINT `chk_sem2` CHECK (`semester_2` between 0 and 5)
) ENGINE=InnoDB DEFAULT CHARSET=utf8mb4 COLLATE=utf8mb4_general_ci;
/*!40101 SET character_set_client = @saved_cs_client */;

--
-- Dumping data for table `plo_scores`
--

LOCK TABLES `plo_scores` WRITE;
/*!40000 ALTER TABLE `plo_scores` DISABLE KEYS */;
INSERT INTO `plo_scores` VALUES ('7bcb0509-25f9-11f1-9389-00090ffe0001','00000000-0000-0000-0000-000000000001','ภาควิชาบริหารธุรกิจ','บริหารธุรกิจ','PLO','(BA) PLO1','การบูรณาการและการประยุกต์ศาสตร์ด้านบริหารธุรกิจ',2567,4.60,4.54,'',0,'2026-03-22 21:14:48','2026-03-22 22:27:25'),('7bcba57e-25f9-11f1-9389-00090ffe0001','00000000-0000-0000-0000-000000000001','ภาควิชาบริหารธุรกิจ','บริหารธุรกิจ','PLO','(BA) PLO2','เป็นผู้ประกอบการที่มีทักษะด้านบริหารธุรกิจและความคิดสร้างสรรค์บนพื้นฐานของสังคมแบบพหุวัฒนธรรม',2567,4.57,4.59,'',1,'2026-03-22 21:14:48','2026-03-22 22:27:25'),('7bcbc438-25f9-11f1-9389-00090ffe0001','00000000-0000-0000-0000-000000000001','ภาควิชาบริหารธุรกิจ','บริหารธุรกิจ','PLO','(BA) PLO3','การประยุกต์ใช้เทคโนโลยีเพื่อการวิเคราะห์และการตัดสินใจ',2567,4.60,4.54,'',2,'2026-03-22 21:14:48','2026-03-22 22:27:25'),('7bcbeed3-25f9-11f1-9389-00090ffe0001','00000000-0000-0000-0000-000000000001','ภาควิชาบริหารธุรกิจ','บริหารธุรกิจ','PLO','(BA) PLO4','การให้ความร่วมมือในการทำงานเป็นทีมและการสื่อสาร',2567,4.63,4.55,'',3,'2026-03-22 21:14:48','2026-03-22 22:27:25'),('7bcc144a-25f9-11f1-9389-00090ffe0001','00000000-0000-0000-0000-000000000001','ภาควิชาบริหารธุรกิจ','บริหารธุรกิจ','PLO','(BA) PLO5','จรรยาบรรณ คุณธรรมและจริยธรรม',2567,4.67,4.60,'',4,'2026-03-22 21:14:48','2026-03-22 22:27:25'),('7bcc3f4b-25f9-11f1-9389-00090ffe0001','00000000-0000-0000-0000-000000000001','ภาควิชาบริหารธุรกิจ','บริหารธุรกิจ','PLO','(BA) PLO6','พัฒนาทักษะและความสามารถในการเรียนรู้ตลอดชีวิต',2567,4.67,4.61,'',5,'2026-03-22 21:14:48','2026-03-22 22:27:25'),('7bcc7539-25f9-11f1-9389-00090ffe0001','00000000-0000-0000-0000-000000000001','ภาควิชาบริหารธุรกิจ','บริหารธุรกิจ','MLO','MLO-HRM','วิชาเอกการจัดการทรัพยากรมนุษย์',2567,NULL,4.66,'',6,'2026-03-22 21:14:48','2026-03-22 22:27:25'),('7bcca478-25f9-11f1-9389-00090ffe0001','00000000-0000-0000-0000-000000000001','ภาควิชาบริหารธุรกิจ','บริหารธุรกิจ','MLO','MLO-LOG','วิชาเอกการจัดการโลจิสต์และโซ่อุปทาน',2567,NULL,4.55,'',7,'2026-03-22 21:14:48','2026-03-22 22:27:25'),('7bccc3e7-25f9-11f1-9389-00090ffe0001','00000000-0000-0000-0000-000000000001','ภาควิชาบริหารธุรกิจ','บริหารธุรกิจ','MLO','MLO-MKT','วิชาเอกการตลาดและการสื่อสาร',2567,4.58,4.59,'',8,'2026-03-22 21:14:48','2026-03-22 22:27:25'),('7bcce332-25f9-11f1-9389-00090ffe0001','00000000-0000-0000-0000-000000000001','ภาควิชาบริหารธุรกิจ','บริหารธุรกิจ','MLO','MLO-MIS','วิชาเอกระบบสารสนเทศทางธุรกิจ',2567,4.57,4.33,'',9,'2026-03-22 21:14:48','2026-03-22 22:27:25'),('7bcd4099-25f9-11f1-9389-00090ffe0001','00000000-0000-0000-0000-000000000001','ภาควิชาบริหารธุรกิจ','บริหารธุรกิจ','PLO','PLO','PLO',2567,4.63,4.57,'',10,'2026-03-22 21:14:48','2026-03-22 22:27:25'),('7bce6172-25f9-11f1-9389-00090ffe0001','00000000-0000-0000-0000-000000000001','ภาควิชาบริหารธุรกิจ','บริหารธุรกิจ','PLO','ด้านความรู้และทักษะทางปัญญา','ด้านความรู้และทักษะทางปัญญา',2567,4.63,4.60,'',11,'2026-03-22 21:14:48','2026-03-22 21:14:54'),('7bce91fc-25f9-11f1-9389-00090ffe0001','00000000-0000-0000-0000-000000000001','ภาควิชาบริหารธุรกิจ','บริหารธุรกิจ','PLO','ด้านคุณธรรม จริยธรรม','ด้านคุณธรรม จริยธรรม',2567,4.60,4.65,'',12,'2026-03-22 21:14:48','2026-03-22 21:14:54'),('7bceb2bf-25f9-11f1-9389-00090ffe0001','00000000-0000-0000-0000-000000000001','ภาควิชาบริหารธุรกิจ','บริหารธุรกิจ','PLO','ด้านทักษะการวิเคราะห์เชิงตัวเลข','ด้านทักษะการวิเคราะห์เชิงตัวเลข การสื่อสารและการใช้เทคโนโลยีสารสนเทศ',2567,4.66,4.70,'',13,'2026-03-22 21:14:48','2026-03-22 21:14:54'),('7bceea6a-25f9-11f1-9389-00090ffe0001','00000000-0000-0000-0000-000000000001','ภาควิชาบริหารธุรกิจ','บริหารธุรกิจ','PLO','ด้านทักษะความสัมพันธ์ระหว่างบุคคล','ด้านทักษะความสัมพันธ์ระหว่างบุคคลและความรับผิดชอบ',2567,4.50,4.73,'',14,'2026-03-22 21:14:48','2026-03-22 21:14:54'),('7bcf08a7-25f9-11f1-9389-00090ffe0001','00000000-0000-0000-0000-000000000001','ภาควิชาบริหารธุรกิจ','หลายหลักสูตร ภาควิชาบริหารธุรกิจ','PLO','ด้านความรู้','ด้านความรู้',2567,5.00,4.63,'',15,'2026-03-22 21:14:48','2026-03-22 21:14:54'),('7bcf1f69-25f9-11f1-9389-00090ffe0001','00000000-0000-0000-0000-000000000001','ภาควิชาบริหารธุรกิจ','หลายหลักสูตร ภาควิชาบริหารธุรกิจ','PLO','ด้านความรู้และทักษะทางปัญญา-2','ด้านความรู้และทักษะทางปัญญา',2567,5.00,4.83,'',16,'2026-03-22 21:14:48','2026-03-22 21:14:54'),('7bcf341c-25f9-11f1-9389-00090ffe0001','00000000-0000-0000-0000-000000000001','ภาควิชาบริหารธุรกิจ','หลายหลักสูตร ภาควิชาบริหารธุรกิจ','PLO','ด้านคุณธรรม จริยธรรม-2','ด้านคุณธรรม จริยธรรม',2567,5.00,5.00,'',17,'2026-03-22 21:14:48','2026-03-22 21:14:54'),('7bcf480e-25f9-11f1-9389-00090ffe0001','00000000-0000-0000-0000-000000000001','ภาควิชาบริหารธุรกิจ','หลายหลักสูตร ภาควิชาบริหารธุรกิจ','PLO','ด้านทักษะการวิเคราะห์เชิงตัวเลข-2','ด้านทักษะการวิเคราะห์เชิงตัวเลข การสื่อสารและการใช้เทคโนโลยีสารสนเทศ',2567,5.00,4.67,'',18,'2026-03-22 21:14:48','2026-03-22 21:14:54'),('7bcf5bb5-25f9-11f1-9389-00090ffe0001','00000000-0000-0000-0000-000000000001','ภาควิชาบริหารธุรกิจ','หลายหลักสูตร ภาควิชาบริหารธุรกิจ','PLO','ด้านทักษะความสัมพันธ์ระหว่างบุคคล-2','ด้านทักษะความสัมพันธ์ระหว่างบุคคลและความรับผิดชอบ',2567,5.00,5.00,'',19,'2026-03-22 21:14:48','2026-03-22 21:14:54'),('a0b7831f-2603-11f1-9389-00090ffe0001','00000000-0000-0000-0000-000000000001','ภาควิชาบริหารธุรกิจ','บริหารธุรกิจ','PLO','','ด้านความรู้และทักษะทางปัญญา',2567,5.00,5.00,'',0,'2026-03-22 22:27:25','2026-03-22 22:27:25'),('cbff07f5-25fc-11f1-9389-00090ffe0001','00000000-0000-0000-0000-000000000001',NULL,NULL,'MLO','(BA) PLO1','การบูรณาการและการประยุกต์ศาสตร์ด้านบริหารธุรกิจ',2567,4.60,4.54,'',0,'2026-03-22 21:38:31','2026-03-22 22:11:10'),('cbffb4e4-25fc-11f1-9389-00090ffe0001','00000000-0000-0000-0000-000000000001',NULL,NULL,'MLO','(BA) PLO2','เป็นผู้ประกอบการที่มีทักษะด้านบริหารธุรกิจและความคิดสร้างสรรค์บนพื้นฐานของสังคมแบบพหุวัฒนธรรม',2567,4.57,4.59,'',0,'2026-03-22 21:38:31','2026-03-22 22:11:10'),('cbffd85c-25fc-11f1-9389-00090ffe0001','00000000-0000-0000-0000-000000000001',NULL,NULL,'MLO','(BA) PLO3','การประยุกต์ใช้เทคโนโลยีเพื่อการวิเคราะห์และการตัดสินใจ',2567,4.60,4.54,'',0,'2026-03-22 21:38:31','2026-03-22 22:11:10'),('cbfffa5c-25fc-11f1-9389-00090ffe0001','00000000-0000-0000-0000-000000000001',NULL,NULL,'MLO','(BA) PLO4','การให้ความร่วมมือในการทำงานเป็นทีมและการสื่อสาร',2567,4.63,4.55,'',0,'2026-03-22 21:38:31','2026-03-22 22:11:10'),('cc0021bb-25fc-11f1-9389-00090ffe0001','00000000-0000-0000-0000-000000000001',NULL,NULL,'MLO','(BA) PLO5','จรรยาบรรณ คุณธรรมและจริยธรรม',2567,4.67,4.60,'',0,'2026-03-22 21:38:31','2026-03-22 22:11:10'),('cc013d63-25fc-11f1-9389-00090ffe0001','00000000-0000-0000-0000-000000000001',NULL,NULL,'MLO','(BA) PLO6','พัฒนาทักษะและความสามารถในการเรียนรู้ตลอดชีวิต',2567,4.67,4.61,'',0,'2026-03-22 21:38:31','2026-03-22 22:11:10'),('cc026de0-25fc-11f1-9389-00090ffe0001','00000000-0000-0000-0000-000000000001',NULL,NULL,'MLO','ด้านความรู้และทักษะทางปัญญา','ด้านความรู้และทักษะทางปัญญา',2567,4.63,4.60,'',0,'2026-03-22 21:38:31','2026-03-22 21:38:31'),('cc028e3d-25fc-11f1-9389-00090ffe0001','00000000-0000-0000-0000-000000000001',NULL,NULL,'MLO','ด้านคุณธรรม จริยธรรม','ด้านคุณธรรม จริยธรรม',2567,4.60,4.65,'',0,'2026-03-22 21:38:31','2026-03-22 21:38:31'),('cc02ac90-25fc-11f1-9389-00090ffe0001','00000000-0000-0000-0000-000000000001',NULL,NULL,'MLO','ด้านทักษะการวิเคราะห์เชิงตัวเลข','ด้านทักษะการวิเคราะห์เชิงตัวเลข การสื่อสารและการใช้เทคโนโลยีสารสนเทศ',2567,4.66,4.70,'',0,'2026-03-22 21:38:31','2026-03-22 21:38:31'),('cc02cad6-25fc-11f1-9389-00090ffe0001','00000000-0000-0000-0000-000000000001',NULL,NULL,'MLO','ด้านทักษะความสัมพันธ์ระหว่างบุคคล','ด้านทักษะความสัมพันธ์ระหว่างบุคคลและความรับผิดชอบ',2567,4.50,4.73,'',0,'2026-03-22 21:38:31','2026-03-22 21:38:31'),('cc02fae2-25fc-11f1-9389-00090ffe0001','00000000-0000-0000-0000-000000000001',NULL,NULL,'MLO','ด้านความรู้','ด้านความรู้',2567,5.00,4.63,'',0,'2026-03-22 21:38:31','2026-03-22 21:38:31'),('cc031bd2-25fc-11f1-9389-00090ffe0001','00000000-0000-0000-0000-000000000001',NULL,NULL,'MLO','ด้านความรู้และทักษะทางปัญญา-2','ด้านความรู้และทักษะทางปัญญา',2567,5.00,4.83,'',0,'2026-03-22 21:38:31','2026-03-22 21:38:31'),('cc0332d7-25fc-11f1-9389-00090ffe0001','00000000-0000-0000-0000-000000000001',NULL,NULL,'MLO','ด้านคุณธรรม จริยธรรม-2','ด้านคุณธรรม จริยธรรม',2567,5.00,5.00,'',0,'2026-03-22 21:38:31','2026-03-22 21:38:31'),('cc034b3d-25fc-11f1-9389-00090ffe0001','00000000-0000-0000-0000-000000000001',NULL,NULL,'MLO','ด้านทักษะการวิเคราะห์เชิงตัวเลข-2','ด้านทักษะการวิเคราะห์เชิงตัวเลข การสื่อสารและการใช้เทคโนโลยีสารสนเทศ',2567,5.00,4.67,'',0,'2026-03-22 21:38:31','2026-03-22 21:38:31'),('cc036448-25fc-11f1-9389-00090ffe0001','00000000-0000-0000-0000-000000000001',NULL,NULL,'MLO','ด้านทักษะความสัมพันธ์ระหว่างบุคคล-2','ด้านทักษะความสัมพันธ์ระหว่างบุคคลและความรับผิดชอบ',2567,5.00,5.00,'',0,'2026-03-22 21:38:31','2026-03-22 21:38:31'),('e95a83eb-2600-11f1-9389-00090ffe0001','00000000-0000-0000-0000-000000000001',NULL,NULL,'MLO','','ด้านความรู้และทักษะทางปัญญา',2567,5.00,5.00,'',0,'2026-03-22 22:07:58','2026-03-22 22:11:10');
/*!40000 ALTER TABLE `plo_scores` ENABLE KEYS */;
UNLOCK TABLES;

--
-- Table structure for table `plos`
--

DROP TABLE IF EXISTS `plos`;
/*!40101 SET @saved_cs_client     = @@character_set_client */;
/*!40101 SET character_set_client = utf8 */;
CREATE TABLE `plos` (
  `id` char(36) NOT NULL DEFAULT uuid(),
  `program_id` char(36) NOT NULL,
  `code` text NOT NULL,
  `description` text NOT NULL,
  `sort_order` int(11) NOT NULL DEFAULT 0,
  `created_at` datetime NOT NULL DEFAULT current_timestamp(),
  `updated_at` datetime NOT NULL DEFAULT current_timestamp() ON UPDATE current_timestamp(),
  PRIMARY KEY (`id`),
  UNIQUE KEY `uq_plo` (`program_id`,`code`(20)),
  UNIQUE KEY `uq_program_code` (`program_id`,`code`) USING HASH,
  KEY `idx_plos_program` (`program_id`),
  CONSTRAINT `fk_plo_prog` FOREIGN KEY (`program_id`) REFERENCES `programs` (`id`) ON DELETE CASCADE
) ENGINE=InnoDB DEFAULT CHARSET=utf8mb4 COLLATE=utf8mb4_general_ci;
/*!40101 SET character_set_client = @saved_cs_client */;

--
-- Dumping data for table `plos`
--

LOCK TABLES `plos` WRITE;
/*!40000 ALTER TABLE `plos` DISABLE KEYS */;
INSERT INTO `plos` VALUES ('4cdd99cb-273d-11f1-9355-00090ffe0001','00000000-0000-0000-0000-000000000001','PLO1','พัฒนาตนเองจากการเรียนรู้เมื่อได้รับคำวิพากษ์วิจารณ์',1,'2026-03-24 11:52:46','2026-03-24 11:52:46'),('4cddae92-273d-11f1-9355-00090ffe0001','00000000-0000-0000-0000-000000000001','PLO2','วิเคราะห์และนำเสนอข้อมูลต่อผู้บริหารเพื่อการตัดสินใจ',2,'2026-03-24 11:52:46','2026-03-24 11:52:46'),('4cddc0ec-273d-11f1-9355-00090ffe0001','00000000-0000-0000-0000-000000000001','PLO3','ประยุกต์ความรู้ทางด้านบริหารธุรกิจเพื่อวางแผนกลยุทธ์ให้องค์กร',3,'2026-03-24 11:52:46','2026-03-24 11:52:46'),('4cddd1ee-273d-11f1-9355-00090ffe0001','00000000-0000-0000-0000-000000000001','PLO4','ประยุกต์กรอบแนวคิดความเป็นผู้ประกอบการ (Entrepreneurial Mindset) เพื่อการสร้างธุรกิจ',4,'2026-03-24 11:52:46','2026-03-24 11:52:46'),('4cdde1d9-273d-11f1-9355-00090ffe0001','00000000-0000-0000-0000-000000000001','PLO5','ประยุกต์ใช้กระบวนการวิจัยเพื่อแก้ไขปัญหาทางธุรกิจ',5,'2026-03-24 11:52:46','2026-03-24 11:52:46'),('4cddf15f-273d-11f1-9355-00090ffe0001','00000000-0000-0000-0000-000000000001','PLO6','สื่อสารภายใต้ความหลากหลายทางสังคมและวัฒนธรรม',6,'2026-03-24 11:52:46','2026-03-24 11:52:46'),('4cde00ba-273d-11f1-9355-00090ffe0001','00000000-0000-0000-0000-000000000001','PLO7','ทำงานร่วมกับผู้อื่นในองค์กร',7,'2026-03-24 11:52:46','2026-03-24 11:52:46'),('4cde10b2-273d-11f1-9355-00090ffe0001','00000000-0000-0000-0000-000000000001','PLO8','เลือกใช้เทคโนโลยีดิจิทัลในการทำงานให้บรรลุเป้าหมาย',8,'2026-03-24 11:52:46','2026-03-24 11:52:46'),('4cde2bc8-273d-11f1-9355-00090ffe0001','00000000-0000-0000-0000-000000000001','PLO9','แสดงพฤติกรรมที่แสดงถึงการมีจริยธรรมและความรับผิดชอบต่อสังคม',9,'2026-03-24 11:52:46','2026-03-24 11:52:46'),('736063a0-2299-11f1-a590-00090ffe0001','00000000-0000-0000-0000-000000000002','PLO1','มีทักษะและความรู้พื้นฐานทางด้านเทคโนโลยี\r\nสารสนเทศ สามารถติดตั้งและจัดการระบบ\r\nคอมพิวเตอร์ให้สามารถใช้งานได้อย่างต่อเนื่อง',6,'2026-03-18 14:09:48','2026-03-21 23:08:30'),('736184e6-2299-11f1-a590-00090ffe0001','00000000-0000-0000-0000-000000000002','PLO2','มีความเข้าใจและสามารถวิเคราะห์ระบบสำหรับ\r\nองค์กรและออกแบบระบบฐานข้อมูลสำหรับระบบ\r\nสารสนเทศเพื่อการจัดการ',7,'2026-03-18 14:09:48','2026-03-21 23:08:31'),('7362e826-2299-11f1-a590-00090ffe0001','00000000-0000-0000-0000-000000000002','PLO3','มีความเข้าใจและสามารถวิเคราะห์และออกแบบ\r\nระบบเครือข่ายคอมพิวเตอร์และความมั่นคงของ\r\nระบบสารสนเทศ',8,'2026-03-18 14:09:48','2026-03-21 23:08:31'),('736413a8-2299-11f1-a590-00090ffe0001','00000000-0000-0000-0000-000000000002','PLO4','มีความเข้าใจหลักการการบริหารจัดการและ\r\nสามารถบูรณาการองค์ความรู้ทางบริหารธุรกิจและ\r\nเทคโนโลยีสารสนเทศได้อย่างเหมาะสม',1,'2026-03-18 14:09:48','2026-03-21 23:08:30'),('7364eb24-2299-11f1-a590-00090ffe0001','00000000-0000-0000-0000-000000000002','PLO5','สามารถประยุกต์ใช้ซอฟต์แวร์เพื่อการบริหาร\r\nจัดการทางธุรกิจได้อย่างเหมาะสม',2,'2026-03-18 14:09:48','2026-03-21 23:08:30'),('73669137-2299-11f1-a590-00090ffe0001','00000000-0000-0000-0000-000000000002','PLO6','มีความสามารถในการพัฒนาโปรแกรมสําหรับงาน\r\nธุรกิจที่สามารถทำงานบนอุปกรณ์คอมพิวเตอร์ \r\nอุปกรณ์พกพาและเว็บ',9,'2026-03-18 14:09:48','2026-03-21 23:08:31'),('7367e971-2299-11f1-a590-00090ffe0001','00000000-0000-0000-0000-000000000002','PLO7','สามารถพัฒนาโครงงานทางระบบสารสนเทศโดย\r\nใช้กระบวนการวิจัยเป็นฐาน',10,'2026-03-18 14:09:48','2026-03-21 23:08:31'),('73692ddb-2299-11f1-a590-00090ffe0001','00000000-0000-0000-0000-000000000002','PLO8','มีทักษะด้านภาวะผู้นำ และความรับผิดชอบ \r\nตลอดจนมีวินัยในตนเอง',3,'2026-03-18 14:09:48','2026-03-21 23:08:30'),('736a140f-2299-11f1-a590-00090ffe0001','00000000-0000-0000-0000-000000000002','PLO9','มีจรรยาบรรณ และจริยธรรมวิชาชีพ',4,'2026-03-18 14:09:48','2026-03-21 23:08:30'),('736b6eec-2299-11f1-a590-00090ffe0001','00000000-0000-0000-0000-000000000002','PLO10','มีความรู้และทักษะทั่วไปด้านภาษาต่างประเทศ \r\nการใช้ชีวิตในสังคม กีฬาและนันทนาการ และการ\r\nคิดวิเคราะห์เชิงตัวเลข',5,'2026-03-18 14:09:48','2026-03-21 23:08:30');
/*!40000 ALTER TABLE `plos` ENABLE KEYS */;
UNLOCK TABLES;

--
-- Table structure for table `programs`
--

DROP TABLE IF EXISTS `programs`;
/*!40101 SET @saved_cs_client     = @@character_set_client */;
/*!40101 SET character_set_client = utf8 */;
CREATE TABLE `programs` (
  `id` char(36) NOT NULL DEFAULT uuid(),
  `course_id` int(11) DEFAULT NULL,
  `code` text NOT NULL,
  `name_th` text NOT NULL,
  `name_en` text DEFAULT NULL,
  `faculty` text DEFAULT NULL,
  `year` int(11) DEFAULT NULL,
  `created_at` datetime NOT NULL DEFAULT current_timestamp(),
  `updated_at` datetime NOT NULL DEFAULT current_timestamp() ON UPDATE current_timestamp(),
  PRIMARY KEY (`id`),
  KEY `idx_programs_course` (`course_id`),
  CONSTRAINT `fk_prog_course` FOREIGN KEY (`course_id`) REFERENCES `courses` (`id`) ON DELETE SET NULL
) ENGINE=InnoDB DEFAULT CHARSET=utf8mb4 COLLATE=utf8mb4_general_ci;
/*!40101 SET character_set_client = @saved_cs_client */;

--
-- Dumping data for table `programs`
--

LOCK TABLES `programs` WRITE;
/*!40000 ALTER TABLE `programs` DISABLE KEYS */;
INSERT INTO `programs` VALUES ('00000000-0000-0000-0000-000000000001',5,'BA-2566','บริหารธุรกิจบัณฑิต','Bachelor of Business Administration','คณะวิทยาการจัดการ',2566,'2026-03-13 17:17:57','2026-03-18 15:25:03'),('00000000-0000-0000-0000-000000000002',5,'BA-STAKE','บริหารธุรกิจบัณฑิต (Stakeholder)',NULL,NULL,2566,'2026-03-18 15:25:03','2026-03-18 15:25:03');
/*!40000 ALTER TABLE `programs` ENABLE KEYS */;
UNLOCK TABLES;

--
-- Table structure for table `publish_state`
--

DROP TABLE IF EXISTS `publish_state`;
/*!40101 SET @saved_cs_client     = @@character_set_client */;
/*!40101 SET character_set_client = utf8 */;
CREATE TABLE `publish_state` (
  `id` tinyint(3) unsigned NOT NULL DEFAULT 1,
  `published` tinyint(1) DEFAULT 0,
  `published_at` datetime DEFAULT NULL,
  `updated_at` timestamp NOT NULL DEFAULT current_timestamp() ON UPDATE current_timestamp(),
  PRIMARY KEY (`id`)
) ENGINE=InnoDB DEFAULT CHARSET=utf8mb4 COLLATE=utf8mb4_general_ci;
/*!40101 SET character_set_client = @saved_cs_client */;

--
-- Dumping data for table `publish_state`
--

LOCK TABLES `publish_state` WRITE;
/*!40000 ALTER TABLE `publish_state` DISABLE KEYS */;
INSERT INTO `publish_state` VALUES (1,1,'2026-03-17 11:52:23','2026-03-17 04:52:23'),(2,1,'2026-03-17 20:31:25','2026-03-17 13:31:25');
/*!40000 ALTER TABLE `publish_state` ENABLE KEYS */;
UNLOCK TABLES;

--
-- Table structure for table `sankey_courses`
--

DROP TABLE IF EXISTS `sankey_courses`;
/*!40101 SET @saved_cs_client     = @@character_set_client */;
/*!40101 SET character_set_client = utf8 */;
CREATE TABLE `sankey_courses` (
  `id` char(36) NOT NULL DEFAULT uuid(),
  `major` text NOT NULL,
  `code` text NOT NULL,
  `name` text NOT NULL,
  `group_type` text NOT NULL,
  `plo_mapping` longtext CHARACTER SET utf8mb4 COLLATE utf8mb4_bin DEFAULT json_object() CHECK (json_valid(`plo_mapping`)),
  `created_at` datetime DEFAULT current_timestamp(),
  `updated_at` datetime DEFAULT current_timestamp() ON UPDATE current_timestamp(),
  PRIMARY KEY (`id`),
  UNIQUE KEY `uq_sankey` (`major`(50),`code`(20))
) ENGINE=InnoDB DEFAULT CHARSET=utf8mb4 COLLATE=utf8mb4_general_ci;
/*!40101 SET character_set_client = @saved_cs_client */;

--
-- Dumping data for table `sankey_courses`
--

LOCK TABLES `sankey_courses` WRITE;
/*!40000 ALTER TABLE `sankey_courses` DISABLE KEYS */;
INSERT INTO `sankey_courses` VALUES ('260e71e9-25c7-11f1-aae2-00090ffe0001','fin','473-001G2','เงินทองต้องรอบรู้','ge','{\"PLO1\": \"I\", \"PLO7\": \"R\", \"PLO8\": \"R\", \"PLO9\": \"R\"}','2026-03-22 15:14:28','2026-03-22 15:14:28'),('260eb379-25c7-11f1-aae2-00090ffe0001','fin','473-002G2','อ่านงบการเงิน GE','ge','{\"PLO1\": \"I\", \"PLO7\": \"R\", \"PLO8\": \"R\", \"PLO9\": \"R\"}','2026-03-22 15:14:28','2026-03-22 15:14:28'),('260eb579-25c7-11f1-aae2-00090ffe0001','fin','460-101','หลักการตลาด','core','{\"PLO1\": \"I\", \"PLO2\": \"I\", \"PLO3\": \"I\", \"PLO4\": \"I\", \"PLO5\": \"I\", \"PLO8\": \"I\", \"PLO9\": \"I\"}','2026-03-22 15:14:28','2026-03-22 15:14:28'),('260eb5e8-25c7-11f1-aae2-00090ffe0001','fin','460-102','หลักการจัดการ','core','{\"PLO1\": \"I\", \"PLO2\": \"I\", \"PLO4\": \"I\", \"PLO8\": \"I\"}','2026-03-22 15:14:28','2026-03-22 15:14:28'),('260eb642-25c7-11f1-aae2-00090ffe0001','fin','460-103','หลักการเงิน','core','{\"PLO1\": \"I\", \"PLO2\": \"I\", \"PLO4\": \"I\", \"PLO9\": \"I\"}','2026-03-22 15:14:28','2026-03-22 15:14:28'),('260eb68a-25c7-11f1-aae2-00090ffe0001','fin','460-104','การจัดการผลิต','core','{\"PLO1\": \"I\", \"PLO2\": \"I\", \"PLO8\": \"I\"}','2026-03-22 15:14:28','2026-03-22 15:14:28'),('260eb6d4-25c7-11f1-aae2-00090ffe0001','fin','460-105','การจัดการ HR','core','{\"PLO1\": \"I\", \"PLO2\": \"I\", \"PLO4\": \"I\", \"PLO8\": \"I\"}','2026-03-22 15:14:28','2026-03-22 15:14:28'),('260eb71b-25c7-11f1-aae2-00090ffe0001','fin','464-101','บัญชีการเงิน','core','{\"PLO1\": \"I\", \"PLO4\": \"I\", \"PLO9\": \"I\"}','2026-03-22 15:14:28','2026-03-22 15:14:28'),('260eb774-25c7-11f1-aae2-00090ffe0001','fin','876-106','เศรษฐศาสตร์','core','{\"PLO1\": \"I\", \"PLO9\": \"I\"}','2026-03-22 15:14:28','2026-03-22 15:14:28'),('260eb7c5-25c7-11f1-aae2-00090ffe0001','fin','460-201','สื่อสารธุรกิจ','core','{\"PLO3\": \"I\", \"PLO5\": \"I\", \"PLO8\": \"I\"}','2026-03-22 15:14:28','2026-03-22 15:14:28'),('260eb808-25c7-11f1-aae2-00090ffe0001','fin','460-202','ธุรกิจอัจฉริยะ','core','{\"PLO2\": \"I\", \"PLO5\": \"I\", \"PLO9\": \"I\"}','2026-03-22 15:14:28','2026-03-22 15:14:28'),('260eb84e-25c7-11f1-aae2-00090ffe0001','fin','460-301','กฎหมายและจริยธรรม','core','{\"PLO4\": \"I\", \"PLO6\": \"I\", \"PLO7\": \"I\"}','2026-03-22 15:14:28','2026-03-22 15:14:28'),('260eb894-25c7-11f1-aae2-00090ffe0001','fin','460-302','สถิติวิจัย','core','{\"PLO2\": \"R\", \"PLO9\": \"R\"}','2026-03-22 15:14:28','2026-03-22 15:14:28'),('260eba84-25c7-11f1-aae2-00090ffe0001','fin','460-303','ผู้ประกอบการ/นวัตกรรม','core','{\"PLO4\": \"I\", \"PLO5\": \"R\", \"PLO6\": \"R\", \"PLO7\": \"R\", \"PLO8\": \"R\"}','2026-03-22 15:14:28','2026-03-22 15:14:28'),('260ebad3-25c7-11f1-aae2-00090ffe0001','fin','464-301','การภาษีอากร','core','{\"PLO1\": \"I\", \"PLO4\": \"I\", \"PLO9\": \"I\"}','2026-03-22 15:14:28','2026-03-22 15:14:28'),('260ebb1a-25c7-11f1-aae2-00090ffe0001','fin','460-401','การจัดการเชิงกลยุทธ์','core','{\"PLO1\": \"M\", \"PLO2\": \"M\", \"PLO3\": \"M\", \"PLO4\": \"M\", \"PLO6\": \"M\", \"PLO9\": \"M\"}','2026-03-22 15:14:28','2026-03-22 15:14:28'),('260ebb64-25c7-11f1-aae2-00090ffe0001','fin','460-402','เตรียมสหกิจ','core','{\"PLO1\": \"M\", \"PLO2\": \"M\", \"PLO3\": \"M\", \"PLO4\": \"M\", \"PLO6\": \"M\", \"PLO9\": \"M\"}','2026-03-22 15:14:28','2026-03-22 15:14:28'),('260ebbce-25c7-11f1-aae2-00090ffe0001','fin','460-403','สหกิจศึกษา','required','{\"PLO1\": \"M\", \"PLO2\": \"M\", \"PLO3\": \"M\", \"PLO4\": \"M\", \"PLO5\": \"M\", \"PLO6\": \"M\", \"PLO8\": \"M\", \"PLO9\": \"M\"}','2026-03-22 15:14:28','2026-03-22 15:14:28'),('260ebc1c-25c7-11f1-aae2-00090ffe0001','fin','464-201','บัญชีบริหาร','required','{\"PLO1\": \"R\", \"PLO2\": \"R\", \"MLO1_1\": \"I\"}','2026-03-22 15:14:28','2026-03-22 15:14:28'),('260ebc65-25c7-11f1-aae2-00090ffe0001','fin','473-200','บริหารและวิเคราะห์การเงิน','required','{\"PLO1\": \"R\", \"PLO2\": \"R\", \"MLO1_3\": \"R\"}','2026-03-22 15:14:28','2026-03-22 15:14:28'),('260ebcb3-25c7-11f1-aae2-00090ffe0001','fin','473-201','วางแผนการเงินส่วนบุคคล','required','{\"PLO1\": \"I\", \"PLO2\": \"I\", \"PLO4\": \"I\", \"PLO5\": \"I\", \"PLO6\": \"I\", \"PLO9\": \"I\", \"MLO1_2\": \"R\"}','2026-03-22 15:14:28','2026-03-22 15:14:28'),('260ebd02-25c7-11f1-aae2-00090ffe0001','fin','473-202','สถาบันการเงิน','required','{\"PLO1\": \"I\", \"PLO2\": \"I\", \"MLO1_3\": \"R\"}','2026-03-22 15:14:28','2026-03-22 15:14:28'),('260ebd71-25c7-11f1-aae2-00090ffe0001','fin','473-300','ตราสารทุนและกองทุน','required','{\"PLO1\": \"R\", \"PLO2\": \"R\", \"PLO9\": \"R\", \"MLO1_2\": \"I\", \"MLO1_3\": \"M\"}','2026-03-22 15:14:28','2026-03-22 15:14:28'),('260ebdbc-25c7-11f1-aae2-00090ffe0001','fin','473-301','จรรยาบรรณวิชาชีพ','required','{\"PLO1\": \"R\", \"PLO2\": \"R\", \"PLO4\": \"R\", \"PLO6\": \"R\", \"MLO1_1\": \"R\", \"MLO1_2\": \"R\"}','2026-03-22 15:14:28','2026-03-22 15:14:28'),('260ebe0a-25c7-11f1-aae2-00090ffe0001','fin','473-302','บริหารความเสี่ยงและอนุพันธ์','required','{\"PLO1\": \"M\", \"PLO2\": \"R\", \"PLO5\": \"R\", \"PLO9\": \"M\", \"MLO1_3\": \"R\"}','2026-03-22 15:14:28','2026-03-22 15:14:28'),('260ebe94-25c7-11f1-aae2-00090ffe0001','fin','473-303','วิจัยการเงิน 1','required','{\"PLO1\": \"R\", \"PLO2\": \"R\", \"PLO3\": \"R\", \"PLO4\": \"R\", \"PLO5\": \"R\", \"PLO6\": \"R\", \"PLO8\": \"R\", \"PLO9\": \"R\", \"MLO1_1\": \"R\", \"MLO1_2\": \"R\", \"MLO1_3\": \"R\"}','2026-03-22 15:14:28','2026-03-22 15:14:28'),('260ebee6-25c7-11f1-aae2-00090ffe0001','fin','473-304','ฝึกงานการเงิน','required','{\"PLO1\": \"R\", \"PLO2\": \"R\", \"PLO3\": \"R\", \"PLO4\": \"R\", \"PLO5\": \"R\", \"PLO6\": \"R\", \"PLO8\": \"R\", \"PLO9\": \"R\", \"MLO1_1\": \"R\", \"MLO1_2\": \"R\", \"MLO1_3\": \"R\"}','2026-03-22 15:14:28','2026-03-22 15:14:28'),('260ebf2a-25c7-11f1-aae2-00090ffe0001','fin','473-305','แบบจำลองทางการเงิน','required','{\"PLO1\": \"R\", \"PLO2\": \"R\", \"PLO5\": \"R\", \"PLO6\": \"R\", \"PLO8\": \"R\", \"PLO9\": \"R\", \"MLO1_1\": \"R\", \"MLO1_2\": \"R\", \"MLO1_3\": \"R\"}','2026-03-22 15:14:28','2026-03-22 15:14:28'),('260ebf75-25c7-11f1-aae2-00090ffe0001','fin','473-400','การเงินระหว่างประเทศ','required','{\"PLO1\": \"R\", \"PLO2\": \"R\", \"PLO5\": \"M\", \"PLO6\": \"R\", \"PLO8\": \"R\", \"PLO9\": \"R\", \"MLO1_1\": \"R\", \"MLO1_3\": \"R\"}','2026-03-22 15:14:28','2026-03-22 15:14:28'),('260ebfb8-25c7-11f1-aae2-00090ffe0001','fin','473-401','วิจัยการเงิน 2','required','{\"PLO1\": \"M\", \"PLO2\": \"M\", \"PLO5\": \"M\", \"PLO6\": \"M\", \"PLO8\": \"M\", \"PLO9\": \"M\", \"MLO1_1\": \"M\", \"MLO1_2\": \"M\", \"MLO1_3\": \"M\"}','2026-03-22 15:14:28','2026-03-22 15:14:28'),('260ebff9-25c7-11f1-aae2-00090ffe0001','fin','473-306','วางแผนเกษียณ','elective','{\"PLO1\": \"I\", \"PLO2\": \"I\", \"PLO4\": \"I\", \"PLO6\": \"R\", \"PLO8\": \"I\", \"MLO1_2\": \"R\"}','2026-03-22 15:14:28','2026-03-22 15:14:28'),('260ec03e-25c7-11f1-aae2-00090ffe0001','fin','473-307','วางแผนประกันภัย','elective','{\"PLO1\": \"R\", \"PLO2\": \"I\", \"PLO4\": \"I\", \"MLO1_2\": \"R\"}','2026-03-22 15:14:28','2026-03-22 15:14:28'),('260ec081-25c7-11f1-aae2-00090ffe0001','fin','473-308','วิเคราะห์ตราสารหนี้','elective','{\"PLO1\": \"R\", \"PLO2\": \"R\", \"PLO9\": \"R\", \"MLO1_1\": \"R\"}','2026-03-22 15:14:28','2026-03-22 15:14:28'),('260ec0c4-25c7-11f1-aae2-00090ffe0001','fin','473-309','นโยบายการคลัง','elective','{\"PLO1\": \"R\", \"PLO2\": \"R\", \"PLO5\": \"R\", \"PLO9\": \"R\", \"MLO1_3\": \"R\"}','2026-03-22 15:14:28','2026-03-22 15:14:28'),('260ec10c-25c7-11f1-aae2-00090ffe0001','fin','473-310','บริหารกลุ่มสินทรัพย์','elective','{\"PLO1\": \"R\", \"PLO2\": \"R\", \"PLO9\": \"R\"}','2026-03-22 15:14:28','2026-03-22 15:14:28'),('260ec150-25c7-11f1-aae2-00090ffe0001','fin','473-311','บริหารสินเชื่อ','elective','{\"PLO1\": \"I\", \"PLO2\": \"R\", \"PLO4\": \"R\", \"PLO9\": \"R\", \"MLO1_3\": \"M\"}','2026-03-22 15:14:28','2026-03-22 15:14:28'),('260ec1a0-25c7-11f1-aae2-00090ffe0001','fin','473-312','คณิตศาสตร์การเงิน','elective','{\"PLO2\": \"R\", \"PLO9\": \"R\", \"MLO1_3\": \"R\"}','2026-03-22 15:14:28','2026-03-22 15:14:28'),('260ec1e1-25c7-11f1-aae2-00090ffe0001','fin','473-313','บริหารความเสี่ยง/ตรวจสอบ','elective','{\"PLO2\": \"R\", \"PLO4\": \"R\", \"PLO9\": \"R\", \"MLO1_1\": \"R\"}','2026-03-22 15:14:28','2026-03-22 15:14:28'),('260ec224-25c7-11f1-aae2-00090ffe0001','fin','473-314','การเงินการค้าระหว่างประเทศ','elective','{\"PLO1\": \"R\", \"PLO2\": \"R\", \"PLO5\": \"R\", \"PLO6\": \"R\", \"PLO8\": \"R\", \"PLO9\": \"R\"}','2026-03-22 15:14:28','2026-03-22 15:14:28'),('260ec267-25c7-11f1-aae2-00090ffe0001','fin','473-402','วางแผนภาษีและมรดก','elective','{\"PLO1\": \"R\", \"PLO2\": \"R\", \"PLO6\": \"R\", \"PLO9\": \"R\"}','2026-03-22 15:14:28','2026-03-22 15:14:28'),('260ec2b7-25c7-11f1-aae2-00090ffe0001','fin','473-403','แผนการเงินบูรณาการ','elective','{\"PLO1\": \"M\", \"PLO2\": \"M\", \"PLO4\": \"M\", \"PLO5\": \"M\", \"PLO6\": \"M\", \"PLO8\": \"M\", \"MLO1_1\": \"M\", \"MLO1_2\": \"M\", \"MLO1_3\": \"M\"}','2026-03-22 15:14:28','2026-03-22 15:14:28'),('260ec31f-25c7-11f1-aae2-00090ffe0001','fin','473-404','บริหารความเสี่ยงยั่งยืน','elective','{\"PLO2\": \"R\", \"PLO4\": \"R\", \"PLO7\": \"R\", \"PLO9\": \"M\"}','2026-03-22 15:14:28','2026-03-22 15:14:28'),('260ec36d-25c7-11f1-aae2-00090ffe0001','fin','473-405','หัวข้อพิเศษการเงิน','elective','{\"PLO1\": \"R\", \"PLO2\": \"M\", \"PLO5\": \"M\", \"PLO8\": \"M\", \"PLO9\": \"M\", \"MLO1_1\": \"M\", \"MLO1_2\": \"M\", \"MLO1_3\": \"M\"}','2026-03-22 15:14:28','2026-03-22 15:14:28'),('260ec3ba-25c7-11f1-aae2-00090ffe0001','mkt','473-001G2','เงินทองต้องรอบรู้','ge','{\"PLO1\": \"I\", \"PLO7\": \"R\", \"PLO8\": \"R\", \"PLO9\": \"R\"}','2026-03-22 15:14:28','2026-03-22 15:14:28'),('260ec401-25c7-11f1-aae2-00090ffe0001','mkt','473-002G2','อ่านงบการเงิน GE','ge','{\"PLO1\": \"I\", \"PLO7\": \"R\", \"PLO8\": \"R\", \"PLO9\": \"R\"}','2026-03-22 15:14:28','2026-03-22 15:14:28'),('260ec447-25c7-11f1-aae2-00090ffe0001','mkt','460-101','หลักการตลาด','core','{\"PLO1\": \"I\", \"PLO2\": \"I\", \"PLO3\": \"I\", \"PLO4\": \"I\", \"PLO5\": \"I\", \"PLO8\": \"I\", \"PLO9\": \"I\"}','2026-03-22 15:14:28','2026-03-22 15:14:28'),('260ec492-25c7-11f1-aae2-00090ffe0001','mkt','460-102','หลักการจัดการ','core','{\"PLO1\": \"I\", \"PLO2\": \"I\", \"PLO4\": \"I\", \"PLO8\": \"I\"}','2026-03-22 15:14:28','2026-03-22 15:14:28'),('260ec4e7-25c7-11f1-aae2-00090ffe0001','mkt','460-103','หลักการเงิน','core','{\"PLO1\": \"I\", \"PLO2\": \"I\", \"PLO4\": \"I\", \"PLO9\": \"I\"}','2026-03-22 15:14:28','2026-03-22 15:14:28'),('260ec52c-25c7-11f1-aae2-00090ffe0001','mkt','460-104','การจัดการผลิต','core','{\"PLO1\": \"I\", \"PLO2\": \"I\", \"PLO8\": \"I\"}','2026-03-22 15:14:28','2026-03-22 15:14:28'),('260ec572-25c7-11f1-aae2-00090ffe0001','mkt','460-105','การจัดการ HR','core','{\"PLO1\": \"I\", \"PLO2\": \"I\", \"PLO4\": \"I\", \"PLO8\": \"I\"}','2026-03-22 15:14:28','2026-03-22 15:14:28'),('260ec5bd-25c7-11f1-aae2-00090ffe0001','mkt','464-101','บัญชีการเงิน','core','{\"PLO1\": \"I\", \"PLO4\": \"I\", \"PLO9\": \"I\"}','2026-03-22 15:14:28','2026-03-22 15:14:28'),('260ec602-25c7-11f1-aae2-00090ffe0001','mkt','876-106','เศรษฐศาสตร์','core','{\"PLO1\": \"I\", \"PLO9\": \"I\"}','2026-03-22 15:14:28','2026-03-22 15:14:28'),('260ec650-25c7-11f1-aae2-00090ffe0001','mkt','460-201','สื่อสารธุรกิจ','core','{\"PLO3\": \"I\", \"PLO5\": \"I\", \"PLO8\": \"I\"}','2026-03-22 15:14:28','2026-03-22 15:14:28'),('260ec68f-25c7-11f1-aae2-00090ffe0001','mkt','460-202','ธุรกิจอัจฉริยะ','core','{\"PLO2\": \"I\", \"PLO5\": \"I\", \"PLO9\": \"I\"}','2026-03-22 15:14:28','2026-03-22 15:14:28'),('260ec6cd-25c7-11f1-aae2-00090ffe0001','mkt','460-301','กฎหมายและจริยธรรม','core','{\"PLO4\": \"I\", \"PLO6\": \"I\", \"PLO7\": \"I\"}','2026-03-22 15:14:28','2026-03-22 15:14:28'),('260ec709-25c7-11f1-aae2-00090ffe0001','mkt','460-302','สถิติวิจัย','core','{\"PLO2\": \"R\", \"PLO9\": \"R\"}','2026-03-22 15:14:28','2026-03-22 15:14:28'),('260ec747-25c7-11f1-aae2-00090ffe0001','mkt','460-303','ผู้ประกอบการ/นวัตกรรม','core','{\"PLO4\": \"I\", \"PLO5\": \"R\", \"PLO6\": \"R\", \"PLO7\": \"R\", \"PLO8\": \"R\"}','2026-03-22 15:14:28','2026-03-22 15:14:28'),('260ec78b-25c7-11f1-aae2-00090ffe0001','mkt','464-301','การภาษีอากร','core','{\"PLO1\": \"I\", \"PLO4\": \"I\", \"PLO9\": \"I\"}','2026-03-22 15:14:28','2026-03-22 15:14:28'),('260ec7d9-25c7-11f1-aae2-00090ffe0001','mkt','460-401','การจัดการเชิงกลยุทธ์','core','{\"PLO1\": \"M\", \"PLO2\": \"M\", \"PLO3\": \"M\", \"PLO4\": \"M\", \"PLO6\": \"M\", \"PLO9\": \"M\"}','2026-03-22 15:14:28','2026-03-22 15:14:28'),('260ec821-25c7-11f1-aae2-00090ffe0001','mkt','460-402','เตรียมสหกิจ','core','{\"PLO1\": \"M\", \"PLO2\": \"M\", \"PLO3\": \"M\", \"PLO4\": \"M\", \"PLO6\": \"M\", \"PLO9\": \"M\"}','2026-03-22 15:14:28','2026-03-22 15:14:28'),('260ec87f-25c7-11f1-aae2-00090ffe0001','mkt','460-403','สหกิจศึกษา','required','{\"PLO1\": \"M\", \"PLO2\": \"M\", \"PLO3\": \"M\", \"PLO4\": \"M\", \"PLO5\": \"M\", \"PLO6\": \"M\", \"PLO8\": \"M\", \"PLO9\": \"M\"}','2026-03-22 15:14:28','2026-03-22 15:14:28'),('260ec8cd-25c7-11f1-aae2-00090ffe0001','mkt','474-101','พฤติกรรมผู้บริโภค','required','{\"PLO1\": \"I\", \"PLO2\": \"I\", \"PLO3\": \"I\", \"PLO4\": \"I\", \"PLO5\": \"I\", \"PLO8\": \"I\", \"PLO9\": \"I\"}','2026-03-22 15:14:28','2026-03-22 15:14:28'),('260ec91d-25c7-11f1-aae2-00090ffe0001','mkt','474-201','จัดการแบรนด์/ผลิตภัณฑ์','required','{\"PLO1\": \"I\", \"PLO2\": \"I\", \"PLO3\": \"I\", \"PLO4\": \"I\", \"PLO5\": \"I\", \"PLO8\": \"I\", \"PLO9\": \"I\"}','2026-03-22 15:14:28','2026-03-22 15:14:28'),('260ec969-25c7-11f1-aae2-00090ffe0001','mkt','474-202','การตลาดเชิงนวัตกรรม','required','{\"PLO1\": \"I\", \"PLO2\": \"I\", \"PLO3\": \"I\", \"PLO4\": \"I\", \"PLO5\": \"I\", \"PLO6\": \"I\", \"PLO8\": \"I\", \"PLO9\": \"I\"}','2026-03-22 15:14:28','2026-03-22 15:14:28'),('260ec9b4-25c7-11f1-aae2-00090ffe0001','mkt','474-203','การตลาดเพื่อสังคม','required','{\"PLO1\": \"I\", \"PLO2\": \"I\", \"PLO3\": \"I\", \"PLO4\": \"I\", \"PLO6\": \"I\", \"PLO7\": \"I\", \"PLO8\": \"I\", \"PLO9\": \"I\"}','2026-03-22 15:14:28','2026-03-22 15:14:28'),('260eca00-25c7-11f1-aae2-00090ffe0001','mkt','474-204','กลยุทธ์และวิเคราะห์ราคา','required','{\"PLO1\": \"I\", \"PLO2\": \"I\", \"PLO3\": \"I\", \"PLO5\": \"I\", \"PLO9\": \"I\"}','2026-03-22 15:14:28','2026-03-22 15:14:28'),('260eca42-25c7-11f1-aae2-00090ffe0001','mkt','474-301','การตลาด Omnichannel','required','{\"PLO1\": \"R\", \"PLO2\": \"R\", \"PLO3\": \"R\", \"PLO5\": \"M\", \"PLO6\": \"M\", \"PLO8\": \"R\", \"PLO9\": \"R\"}','2026-03-22 15:14:28','2026-03-22 15:14:28'),('260eca87-25c7-11f1-aae2-00090ffe0001','mkt','474-302','วัดผลการตลาด','required','{\"PLO1\": \"R\", \"PLO2\": \"R\", \"PLO3\": \"R\", \"PLO5\": \"M\", \"PLO6\": \"M\", \"PLO8\": \"R\", \"PLO9\": \"M\"}','2026-03-22 15:14:28','2026-03-22 15:14:28'),('260ecac8-25c7-11f1-aae2-00090ffe0001','mkt','474-303','วิจัยการตลาด','required','{\"PLO1\": \"M\", \"PLO2\": \"R\", \"PLO3\": \"M\", \"PLO5\": \"M\", \"PLO8\": \"R\", \"PLO9\": \"R\", \"MLO2_1\": \"M\"}','2026-03-22 15:14:28','2026-03-22 15:14:28'),('260ecb04-25c7-11f1-aae2-00090ffe0001','mkt','474-304','ฝึกงานการตลาด','required','{\"PLO1\": \"R\", \"PLO2\": \"R\", \"PLO3\": \"R\", \"PLO4\": \"R\", \"PLO5\": \"R\", \"PLO6\": \"R\", \"PLO8\": \"R\", \"PLO9\": \"R\"}','2026-03-22 15:14:28','2026-03-22 15:14:28'),('260ecb46-25c7-11f1-aae2-00090ffe0001','mkt','474-305','IMC สื่อสารการตลาด','required','{\"PLO1\": \"R\", \"PLO2\": \"M\", \"PLO3\": \"M\", \"PLO5\": \"R\", \"PLO6\": \"M\", \"PLO8\": \"M\", \"PLO9\": \"R\", \"MLO2_1\": \"M\"}','2026-03-22 15:14:28','2026-03-22 15:14:28'),('260ecb9f-25c7-11f1-aae2-00090ffe0001','mkt','474-306','การตลาดดิจิทัล','required','{\"PLO1\": \"M\", \"PLO2\": \"R\", \"PLO3\": \"R\", \"PLO5\": \"M\", \"PLO6\": \"M\", \"PLO8\": \"R\", \"PLO9\": \"M\", \"MLO2_3\": \"M\"}','2026-03-22 15:14:28','2026-03-22 15:14:28'),('260ecbe7-25c7-11f1-aae2-00090ffe0001','mkt','474-401','กลยุทธ์การตลาด','required','{\"PLO1\": \"M\", \"PLO2\": \"M\", \"PLO3\": \"M\", \"PLO4\": \"M\", \"PLO5\": \"M\", \"PLO6\": \"M\", \"PLO8\": \"M\", \"PLO9\": \"M\"}','2026-03-22 15:14:28','2026-03-22 15:14:28'),('260ed4fb-25c7-11f1-aae2-00090ffe0001','mkt','474-307','การตลาดบริการ','elective','{\"PLO1\": \"R\", \"PLO2\": \"R\", \"PLO3\": \"R\", \"PLO5\": \"M\", \"PLO6\": \"M\", \"PLO8\": \"R\", \"PLO9\": \"R\"}','2026-03-22 15:14:28','2026-03-22 15:14:28'),('260eded2-25c7-11f1-aae2-00090ffe0001','mkt','474-308','การตลาดคลื่นลูกใหม่','elective','{\"PLO1\": \"M\", \"PLO2\": \"R\", \"PLO3\": \"M\", \"PLO5\": \"M\", \"PLO6\": \"R\", \"PLO8\": \"M\", \"PLO9\": \"M\", \"MLO2_1\": \"M\", \"MLO2_2\": \"R\", \"MLO2_3\": \"M\"}','2026-03-22 15:14:28','2026-03-22 15:14:28'),('26106822-25c7-11f1-aae2-00090ffe0001','mkt','474-309','การตลาดอย่างเซียน','elective','{\"PLO1\": \"M\", \"PLO2\": \"M\", \"PLO3\": \"M\", \"PLO5\": \"R\", \"PLO6\": \"R\", \"PLO8\": \"M\", \"PLO9\": \"M\", \"MLO2_1\": \"M\", \"MLO2_2\": \"M\", \"MLO2_3\": \"M\"}','2026-03-22 15:14:28','2026-03-22 15:14:28'),('26106b53-25c7-11f1-aae2-00090ffe0001','mkt','474-310','การตลาดแห่งความหลากหลาย','elective','{\"PLO1\": \"M\", \"PLO2\": \"R\", \"PLO3\": \"M\", \"PLO4\": \"R\", \"PLO6\": \"M\", \"PLO8\": \"R\", \"MLO2_1\": \"M\"}','2026-03-22 15:14:28','2026-03-22 15:14:28'),('26106c51-25c7-11f1-aae2-00090ffe0001','mkt','474-311','การตลาดเพื่อชุมชน','elective','{\"PLO1\": \"R\", \"PLO2\": \"M\", \"PLO3\": \"M\", \"PLO4\": \"M\", \"PLO6\": \"M\", \"PLO7\": \"M\", \"PLO8\": \"R\", \"PLO9\": \"R\"}','2026-03-22 15:14:28','2026-03-22 15:14:28'),('26106d13-25c7-11f1-aae2-00090ffe0001','mkt','474-404','การตลาดโลก','elective','{\"PLO1\": \"M\", \"PLO2\": \"M\", \"PLO3\": \"M\", \"PLO4\": \"M\", \"PLO5\": \"M\", \"PLO8\": \"M\", \"PLO9\": \"M\"}','2026-03-22 15:14:28','2026-03-22 15:14:28'),('26106de6-25c7-11f1-aae2-00090ffe0001','mkt','474-405','การตลาดผลิตภัณฑ์นวัตกรรม','elective','{\"PLO1\": \"M\", \"PLO2\": \"M\", \"PLO3\": \"M\", \"PLO5\": \"M\", \"PLO8\": \"M\", \"PLO9\": \"M\", \"MLO2_1\": \"M\", \"MLO2_2\": \"M\"}','2026-03-22 15:14:28','2026-03-22 15:14:28'),('26106ead-25c7-11f1-aae2-00090ffe0001','mkt','474-406','การตลาดยั่งยืน','elective','{\"PLO1\": \"M\", \"PLO2\": \"M\", \"PLO4\": \"M\", \"PLO5\": \"M\", \"PLO7\": \"M\", \"PLO8\": \"M\", \"PLO9\": \"M\"}','2026-03-22 15:14:28','2026-03-22 15:14:28'),('26106f70-25c7-11f1-aae2-00090ffe0001','mkt','474-407','นวัตกรรมการค้าปลีก','elective','{\"PLO1\": \"M\", \"PLO2\": \"M\", \"PLO3\": \"M\", \"PLO5\": \"M\", \"PLO8\": \"M\", \"PLO9\": \"M\", \"MLO2_1\": \"M\", \"MLO2_3\": \"M\"}','2026-03-22 15:14:28','2026-03-22 15:14:28'),('26107057-25c7-11f1-aae2-00090ffe0001','mkt','474-408','สัมมนาการตลาด','elective','{\"PLO1\": \"M\", \"PLO2\": \"M\", \"PLO3\": \"M\", \"PLO5\": \"M\", \"PLO6\": \"M\", \"PLO8\": \"M\", \"PLO9\": \"M\", \"MLO2_1\": \"M\", \"MLO2_2\": \"M\"}','2026-03-22 15:14:28','2026-03-22 15:14:28'),('261070ef-25c7-11f1-aae2-00090ffe0001','hrm','473-001G2','เงินทองต้องรอบรู้','ge','{\"PLO1\": \"I\", \"PLO7\": \"R\", \"PLO8\": \"R\", \"PLO9\": \"R\"}','2026-03-22 15:14:28','2026-03-22 15:14:28'),('26107178-25c7-11f1-aae2-00090ffe0001','hrm','473-002G2','อ่านงบการเงิน GE','ge','{\"PLO1\": \"I\", \"PLO7\": \"R\", \"PLO8\": \"R\", \"PLO9\": \"R\"}','2026-03-22 15:14:28','2026-03-22 15:14:28'),('261071e5-25c7-11f1-aae2-00090ffe0001','hrm','460-101','หลักการตลาด','core','{\"PLO1\": \"I\", \"PLO2\": \"I\", \"PLO3\": \"I\", \"PLO4\": \"I\", \"PLO5\": \"I\", \"PLO8\": \"I\", \"PLO9\": \"I\"}','2026-03-22 15:14:28','2026-03-22 15:14:28'),('26107256-25c7-11f1-aae2-00090ffe0001','hrm','460-102','หลักการจัดการ','core','{\"PLO1\": \"I\", \"PLO2\": \"I\", \"PLO4\": \"I\", \"PLO8\": \"I\"}','2026-03-22 15:14:28','2026-03-22 15:14:28'),('261072c4-25c7-11f1-aae2-00090ffe0001','hrm','460-103','หลักการเงิน','core','{\"PLO1\": \"I\", \"PLO2\": \"I\", \"PLO4\": \"I\", \"PLO9\": \"I\"}','2026-03-22 15:14:28','2026-03-22 15:14:28'),('2610732c-25c7-11f1-aae2-00090ffe0001','hrm','460-104','การจัดการผลิต','core','{\"PLO1\": \"I\", \"PLO2\": \"I\", \"PLO8\": \"I\"}','2026-03-22 15:14:28','2026-03-22 15:14:28'),('2610738a-25c7-11f1-aae2-00090ffe0001','hrm','460-105','การจัดการ HR','core','{\"PLO1\": \"I\", \"PLO2\": \"I\", \"PLO4\": \"I\", \"PLO8\": \"I\"}','2026-03-22 15:14:28','2026-03-22 15:14:28'),('261073f1-25c7-11f1-aae2-00090ffe0001','hrm','464-101','บัญชีการเงิน','core','{\"PLO1\": \"I\", \"PLO4\": \"I\", \"PLO9\": \"I\"}','2026-03-22 15:14:28','2026-03-22 15:14:28'),('26107462-25c7-11f1-aae2-00090ffe0001','hrm','876-106','เศรษฐศาสตร์','core','{\"PLO1\": \"I\", \"PLO9\": \"I\"}','2026-03-22 15:14:28','2026-03-22 15:14:28'),('26107509-25c7-11f1-aae2-00090ffe0001','hrm','460-201','สื่อสารธุรกิจ','core','{\"PLO3\": \"I\", \"PLO5\": \"I\", \"PLO8\": \"I\"}','2026-03-22 15:14:28','2026-03-22 15:14:28'),('261075ae-25c7-11f1-aae2-00090ffe0001','hrm','460-202','ธุรกิจอัจฉริยะ','core','{\"PLO2\": \"I\", \"PLO5\": \"I\", \"PLO9\": \"I\"}','2026-03-22 15:14:28','2026-03-22 15:14:28'),('2610764a-25c7-11f1-aae2-00090ffe0001','hrm','460-301','กฎหมายและจริยธรรม','core','{\"PLO4\": \"I\", \"PLO6\": \"I\", \"PLO7\": \"I\"}','2026-03-22 15:14:28','2026-03-22 15:14:28'),('26107706-25c7-11f1-aae2-00090ffe0001','hrm','460-302','สถิติวิจัย','core','{\"PLO2\": \"R\", \"PLO9\": \"R\"}','2026-03-22 15:14:28','2026-03-22 15:14:28'),('261077a9-25c7-11f1-aae2-00090ffe0001','hrm','460-303','ผู้ประกอบการ/นวัตกรรม','core','{\"PLO4\": \"I\", \"PLO5\": \"R\", \"PLO6\": \"R\", \"PLO7\": \"R\", \"PLO8\": \"R\"}','2026-03-22 15:14:28','2026-03-22 15:14:28'),('2610785b-25c7-11f1-aae2-00090ffe0001','hrm','464-301','การภาษีอากร','core','{\"PLO1\": \"I\", \"PLO4\": \"I\", \"PLO9\": \"I\"}','2026-03-22 15:14:28','2026-03-22 15:14:28'),('26107904-25c7-11f1-aae2-00090ffe0001','hrm','460-401','การจัดการเชิงกลยุทธ์','core','{\"PLO1\": \"M\", \"PLO2\": \"M\", \"PLO3\": \"M\", \"PLO4\": \"M\", \"PLO6\": \"M\", \"PLO9\": \"M\"}','2026-03-22 15:14:28','2026-03-22 15:14:28'),('261079ae-25c7-11f1-aae2-00090ffe0001','hrm','460-402','เตรียมสหกิจ','core','{\"PLO1\": \"M\", \"PLO2\": \"M\", \"PLO3\": \"M\", \"PLO4\": \"M\", \"PLO6\": \"M\", \"PLO9\": \"M\"}','2026-03-22 15:14:28','2026-03-22 15:14:28'),('26107a4f-25c7-11f1-aae2-00090ffe0001','hrm','460-403','สหกิจศึกษา','required','{\"PLO1\": \"M\", \"PLO2\": \"M\", \"PLO3\": \"M\", \"PLO4\": \"M\", \"PLO5\": \"M\", \"PLO6\": \"M\", \"PLO8\": \"M\", \"PLO9\": \"M\"}','2026-03-22 15:14:28','2026-03-22 15:14:28'),('26107b06-25c7-11f1-aae2-00090ffe0001','hrm','475-201','วางแผนทรัพยากรมนุษย์','required','{\"PLO1\": \"I\", \"PLO2\": \"I\", \"PLO3\": \"I\", \"PLO4\": \"I\", \"PLO8\": \"I\", \"PLO9\": \"I\"}','2026-03-22 15:14:28','2026-03-22 15:14:28'),('26107bc2-25c7-11f1-aae2-00090ffe0001','hrm','475-202','จิตวิทยาองค์กร','required','{\"PLO1\": \"I\", \"PLO2\": \"I\", \"PLO4\": \"I\", \"PLO8\": \"I\"}','2026-03-22 15:14:28','2026-03-22 15:14:28'),('26107c6d-25c7-11f1-aae2-00090ffe0001','hrm','475-203','ภาวะผู้นำ ศตวรรษที่ 21','required','{\"PLO1\": \"R\", \"PLO2\": \"R\", \"PLO3\": \"R\", \"PLO4\": \"R\", \"PLO6\": \"R\", \"PLO8\": \"R\", \"PLO9\": \"R\"}','2026-03-22 15:14:28','2026-03-22 15:14:28'),('26107d25-25c7-11f1-aae2-00090ffe0001','hrm','475-204','พัฒนาทรัพยากรมนุษย์','required','{\"PLO1\": \"R\", \"PLO2\": \"R\", \"PLO3\": \"R\", \"PLO4\": \"R\", \"PLO5\": \"R\", \"PLO6\": \"R\", \"PLO8\": \"R\", \"PLO9\": \"R\"}','2026-03-22 15:14:28','2026-03-22 15:14:28'),('26107de3-25c7-11f1-aae2-00090ffe0001','hrm','475-205','จัดการผลตอบแทน','required','{\"PLO1\": \"R\", \"PLO2\": \"R\", \"PLO4\": \"R\", \"PLO9\": \"R\"}','2026-03-22 15:14:28','2026-03-22 15:14:28'),('26107e7e-25c7-11f1-aae2-00090ffe0001','hrm','475-300','ฝึกงาน HRM','required','{\"PLO1\": \"R\", \"PLO2\": \"R\", \"PLO4\": \"M\", \"PLO6\": \"M\", \"PLO8\": \"M\", \"PLO9\": \"M\"}','2026-03-22 15:14:28','2026-03-22 15:14:28'),('26107f1a-25c7-11f1-aae2-00090ffe0001','hrm','475-301','จัดการประสิทธิภาพ','required','{\"PLO1\": \"R\", \"PLO2\": \"R\", \"PLO3\": \"R\", \"PLO4\": \"R\", \"PLO5\": \"R\", \"PLO6\": \"R\", \"PLO9\": \"R\"}','2026-03-22 15:14:28','2026-03-22 15:14:28'),('26107f7f-25c7-11f1-aae2-00090ffe0001','hrm','475-302','เจรจาต่อรอง/ความขัดแย้ง','required','{\"PLO1\": \"R\", \"PLO3\": \"R\", \"PLO4\": \"R\", \"PLO6\": \"R\", \"PLO8\": \"R\", \"PLO9\": \"R\"}','2026-03-22 15:14:28','2026-03-22 15:14:28'),('26107fe2-25c7-11f1-aae2-00090ffe0001','hrm','475-303','วิจัย HRM','required','{\"PLO1\": \"R\", \"PLO2\": \"R\", \"PLO4\": \"R\", \"PLO5\": \"R\", \"PLO8\": \"R\", \"PLO9\": \"R\"}','2026-03-22 15:14:28','2026-03-22 15:14:28'),('26108043-25c7-11f1-aae2-00090ffe0001','hrm','475-304','กฎหมาย HRM','required','{\"PLO4\": \"R\", \"PLO6\": \"R\", \"PLO9\": \"R\"}','2026-03-22 15:14:28','2026-03-22 15:14:28'),('261080b5-25c7-11f1-aae2-00090ffe0001','hrm','475-402','สัมมนา HRM','required','{\"PLO2\": \"R\", \"PLO4\": \"M\", \"PLO5\": \"M\", \"PLO6\": \"M\", \"PLO9\": \"M\"}','2026-03-22 15:14:28','2026-03-22 15:14:28'),('26109ce5-25c7-11f1-aae2-00090ffe0001','hrm','475-311','จัดการสำนักงานยุคใหม่','elective','{\"PLO2\": \"R\", \"PLO3\": \"R\", \"PLO8\": \"R\", \"PLO9\": \"R\"}','2026-03-22 15:14:28','2026-03-22 15:14:28'),('26109e52-25c7-11f1-aae2-00090ffe0001','hrm','475-312','ออกแบบสื่อ','elective','{\"PLO3\": \"R\", \"PLO5\": \"R\", \"PLO8\": \"R\", \"PLO9\": \"R\"}','2026-03-22 15:14:28','2026-03-22 15:14:28'),('26109f11-25c7-11f1-aae2-00090ffe0001','hrm','475-313','การทำงานในความหลากหลาย','elective','{\"PLO3\": \"R\", \"PLO4\": \"R\", \"PLO6\": \"R\", \"PLO7\": \"R\", \"PLO8\": \"R\", \"PLO9\": \"R\"}','2026-03-22 15:14:28','2026-03-22 15:14:28'),('26109fbe-25c7-11f1-aae2-00090ffe0001','hrm','475-321','HRIS','elective','{\"PLO2\": \"R\", \"PLO3\": \"R\", \"PLO5\": \"R\", \"PLO6\": \"R\", \"PLO8\": \"R\", \"PLO9\": \"R\"}','2026-03-22 15:14:28','2026-03-22 15:14:28'),('2610a038-25c7-11f1-aae2-00090ffe0001','hrm','475-322','ออกแบบองค์กร','elective','{\"PLO1\": \"R\", \"PLO2\": \"R\", \"PLO3\": \"R\", \"PLO4\": \"R\", \"PLO6\": \"R\", \"PLO9\": \"R\"}','2026-03-22 15:14:28','2026-03-22 15:14:28'),('2610a0af-25c7-11f1-aae2-00090ffe0001','hrm','475-323','จัดการการเปลี่ยนแปลง','elective','{\"PLO1\": \"R\", \"PLO2\": \"R\", \"PLO3\": \"R\", \"PLO4\": \"R\", \"PLO8\": \"R\", \"PLO9\": \"R\"}','2026-03-22 15:14:28','2026-03-22 15:14:28'),('2610a1a9-25c7-11f1-aae2-00090ffe0001','hrm','475-324','สร้างประสบการณ์พนักงาน','elective','{\"PLO1\": \"R\", \"PLO2\": \"R\", \"PLO3\": \"R\", \"PLO4\": \"R\", \"PLO8\": \"R\", \"PLO9\": \"R\"}','2026-03-22 15:14:28','2026-03-22 15:14:28'),('2610a212-25c7-11f1-aae2-00090ffe0001','hrm','475-325','การให้คำปรึกษา','elective','{\"PLO1\": \"R\", \"PLO2\": \"R\", \"PLO4\": \"R\", \"PLO6\": \"R\", \"PLO8\": \"R\", \"PLO9\": \"R\"}','2026-03-22 15:14:28','2026-03-22 15:14:28'),('2610a277-25c7-11f1-aae2-00090ffe0001','hrm','475-411','สัมมนาจัดการสมัยใหม่','elective','{\"PLO1\": \"R\", \"PLO2\": \"M\", \"PLO3\": \"M\", \"PLO4\": \"R\", \"PLO5\": \"R\", \"MLO3_1\": \"M\", \"MLO3_2\": \"M\"}','2026-03-22 15:14:28','2026-03-22 15:14:28'),('2610a2f9-25c7-11f1-aae2-00090ffe0001','hrm','475-421','HR เชิงกลยุทธ์','elective','{\"PLO1\": \"M\", \"PLO2\": \"M\", \"PLO3\": \"M\", \"PLO4\": \"M\", \"PLO6\": \"M\", \"PLO8\": \"M\", \"PLO9\": \"M\"}','2026-03-22 15:14:28','2026-03-22 15:14:28'),('2610a365-25c7-11f1-aae2-00090ffe0001','hrm','475-422','จัดการคนเก่ง','elective','{\"PLO1\": \"R\", \"PLO2\": \"R\", \"PLO4\": \"R\", \"PLO5\": \"R\", \"PLO6\": \"R\", \"PLO8\": \"R\", \"PLO9\": \"R\"}','2026-03-22 15:14:28','2026-03-22 15:14:28'),('2610a406-25c7-11f1-aae2-00090ffe0001','hrm','475-423','หัวข้อพิเศษ HRM','elective','{\"PLO1\": \"M\", \"PLO2\": \"R\", \"PLO3\": \"M\", \"PLO4\": \"M\", \"PLO5\": \"M\", \"PLO6\": \"R\", \"MLO3_1\": \"R\", \"MLO3_2\": \"M\"}','2026-03-22 15:14:28','2026-03-22 15:14:28'),('2610a4c1-25c7-11f1-aae2-00090ffe0001','log','473-001G2','เงินทองต้องรอบรู้','ge','{\"PLO1\": \"I\", \"PLO7\": \"R\", \"PLO8\": \"R\", \"PLO9\": \"R\"}','2026-03-22 15:14:28','2026-03-22 15:14:28'),('2610a578-25c7-11f1-aae2-00090ffe0001','log','473-002G2','อ่านงบการเงิน GE','ge','{\"PLO1\": \"I\", \"PLO7\": \"R\", \"PLO8\": \"R\", \"PLO9\": \"R\"}','2026-03-22 15:14:28','2026-03-22 15:14:28'),('2610a624-25c7-11f1-aae2-00090ffe0001','log','460-101','หลักการตลาด','core','{\"PLO1\": \"I\", \"PLO2\": \"I\", \"PLO3\": \"I\", \"PLO4\": \"I\", \"PLO5\": \"I\", \"PLO8\": \"I\", \"PLO9\": \"I\"}','2026-03-22 15:14:28','2026-03-22 15:14:28'),('2610a6d3-25c7-11f1-aae2-00090ffe0001','log','460-102','หลักการจัดการ','core','{\"PLO1\": \"I\", \"PLO2\": \"I\", \"PLO4\": \"I\", \"PLO8\": \"I\"}','2026-03-22 15:14:28','2026-03-22 15:14:28'),('2610a776-25c7-11f1-aae2-00090ffe0001','log','460-103','หลักการเงิน','core','{\"PLO1\": \"I\", \"PLO2\": \"I\", \"PLO4\": \"I\", \"PLO9\": \"I\"}','2026-03-22 15:14:28','2026-03-22 15:14:28'),('2610a81a-25c7-11f1-aae2-00090ffe0001','log','460-104','การจัดการผลิต','core','{\"PLO1\": \"I\", \"PLO2\": \"I\", \"PLO8\": \"I\"}','2026-03-22 15:14:28','2026-03-22 15:14:28'),('2610a8b5-25c7-11f1-aae2-00090ffe0001','log','460-105','การจัดการ HR','core','{\"PLO1\": \"I\", \"PLO2\": \"I\", \"PLO4\": \"I\", \"PLO8\": \"I\"}','2026-03-22 15:14:28','2026-03-22 15:14:28'),('2610a945-25c7-11f1-aae2-00090ffe0001','log','464-101','บัญชีการเงิน','core','{\"PLO1\": \"I\", \"PLO4\": \"I\", \"PLO9\": \"I\"}','2026-03-22 15:14:28','2026-03-22 15:14:28'),('2610a9db-25c7-11f1-aae2-00090ffe0001','log','876-106','เศรษฐศาสตร์','core','{\"PLO1\": \"I\", \"PLO9\": \"I\"}','2026-03-22 15:14:28','2026-03-22 15:14:28'),('2610aa8a-25c7-11f1-aae2-00090ffe0001','log','460-201','สื่อสารธุรกิจ','core','{\"PLO3\": \"I\", \"PLO5\": \"I\", \"PLO8\": \"I\"}','2026-03-22 15:14:28','2026-03-22 15:14:28'),('2610ab23-25c7-11f1-aae2-00090ffe0001','log','460-202','ธุรกิจอัจฉริยะ','core','{\"PLO2\": \"I\", \"PLO5\": \"I\", \"PLO9\": \"I\"}','2026-03-22 15:14:28','2026-03-22 15:14:28'),('2610abce-25c7-11f1-aae2-00090ffe0001','log','460-301','กฎหมายและจริยธรรม','core','{\"PLO4\": \"I\", \"PLO6\": \"I\", \"PLO7\": \"I\"}','2026-03-22 15:14:28','2026-03-22 15:14:28'),('2610ac7a-25c7-11f1-aae2-00090ffe0001','log','460-302','สถิติวิจัย','core','{\"PLO2\": \"R\", \"PLO9\": \"R\"}','2026-03-22 15:14:28','2026-03-22 15:14:28'),('2610ad25-25c7-11f1-aae2-00090ffe0001','log','460-303','ผู้ประกอบการ/นวัตกรรม','core','{\"PLO4\": \"I\", \"PLO5\": \"R\", \"PLO6\": \"R\", \"PLO7\": \"R\", \"PLO8\": \"R\"}','2026-03-22 15:14:28','2026-03-22 15:14:28'),('2610add4-25c7-11f1-aae2-00090ffe0001','log','464-301','การภาษีอากร','core','{\"PLO1\": \"I\", \"PLO4\": \"I\", \"PLO9\": \"I\"}','2026-03-22 15:14:28','2026-03-22 15:14:28'),('2610ae89-25c7-11f1-aae2-00090ffe0001','log','460-401','การจัดการเชิงกลยุทธ์','core','{\"PLO1\": \"M\", \"PLO2\": \"M\", \"PLO3\": \"M\", \"PLO4\": \"M\", \"PLO6\": \"M\", \"PLO9\": \"M\"}','2026-03-22 15:14:28','2026-03-22 15:14:28'),('2610af28-25c7-11f1-aae2-00090ffe0001','log','460-402','เตรียมสหกิจ','core','{\"PLO1\": \"M\", \"PLO2\": \"M\", \"PLO3\": \"M\", \"PLO4\": \"M\", \"PLO6\": \"M\", \"PLO9\": \"M\"}','2026-03-22 15:14:28','2026-03-22 15:14:28'),('2610afd8-25c7-11f1-aae2-00090ffe0001','log','460-403','สหกิจศึกษา','required','{\"PLO1\": \"M\", \"PLO2\": \"M\", \"PLO3\": \"M\", \"PLO4\": \"M\", \"PLO5\": \"M\", \"PLO6\": \"M\", \"PLO8\": \"M\", \"PLO9\": \"M\"}','2026-03-22 15:14:28','2026-03-22 15:14:28'),('2610b079-25c7-11f1-aae2-00090ffe0001','log','476-201','โลจิสติกส์เบื้องต้น','required','{\"PLO1\": \"I\", \"PLO2\": \"I\", \"PLO5\": \"I\", \"PLO9\": \"I\"}','2026-03-22 15:14:28','2026-03-22 15:14:28'),('2610b0ee-25c7-11f1-aae2-00090ffe0001','log','476-202','ธุรกิจระหว่างประเทศ','required','{\"PLO1\": \"I\", \"PLO5\": \"I\", \"PLO9\": \"I\"}','2026-03-22 15:14:28','2026-03-22 15:14:28'),('2610b156-25c7-11f1-aae2-00090ffe0001','log','476-203','การจัดการขนส่ง','required','{\"PLO1\": \"I\", \"PLO2\": \"I\", \"PLO5\": \"I\", \"PLO6\": \"I\", \"PLO9\": \"I\"}','2026-03-22 15:14:28','2026-03-22 15:14:28'),('2610b1c1-25c7-11f1-aae2-00090ffe0001','log','476-204','การจัดซื้อและจัดหา','required','{\"PLO1\": \"I\", \"PLO2\": \"I\", \"PLO5\": \"I\", \"PLO6\": \"I\", \"PLO8\": \"I\", \"PLO9\": \"I\"}','2026-03-22 15:14:28','2026-03-22 15:14:28'),('2610b22d-25c7-11f1-aae2-00090ffe0001','log','476-300','ฝึกงานโลจิสติกส์','required','{\"PLO1\": \"M\", \"PLO2\": \"M\", \"PLO5\": \"M\", \"PLO9\": \"M\"}','2026-03-22 15:14:28','2026-03-22 15:14:28'),('2610b293-25c7-11f1-aae2-00090ffe0001','log','476-301','คลังสินค้าและกระจายสินค้า','required','{\"PLO1\": \"M\", \"PLO2\": \"M\", \"PLO5\": \"M\", \"PLO9\": \"M\"}','2026-03-22 15:14:28','2026-03-22 15:14:28'),('2610b2f3-25c7-11f1-aae2-00090ffe0001','log','476-302','วิเคราะห์สินค้าคงคลัง','required','{\"PLO1\": \"M\", \"PLO2\": \"M\", \"PLO5\": \"M\", \"PLO9\": \"M\"}','2026-03-22 15:14:28','2026-03-22 15:14:28'),('2610b353-25c7-11f1-aae2-00090ffe0001','log','476-303','ตัวแบบหาค่าเหมาะสม','required','{\"PLO1\": \"M\", \"PLO2\": \"M\", \"PLO5\": \"M\", \"PLO6\": \"M\", \"PLO8\": \"M\", \"PLO9\": \"M\"}','2026-03-22 15:14:28','2026-03-22 15:14:28'),('2610b3e0-25c7-11f1-aae2-00090ffe0001','log','476-304','ส่งออก-นำเข้า','required','{\"PLO1\": \"M\", \"PLO2\": \"M\", \"PLO5\": \"M\", \"PLO6\": \"M\", \"PLO9\": \"M\"}','2026-03-22 15:14:28','2026-03-22 15:14:28'),('2610b47c-25c7-11f1-aae2-00090ffe0001','log','476-305','วิธีวิจัยโลจิสติกส์','required','{\"PLO2\": \"M\", \"PLO5\": \"M\", \"PLO8\": \"M\", \"PLO9\": \"M\"}','2026-03-22 15:14:28','2026-03-22 15:14:28'),('2610b514-25c7-11f1-aae2-00090ffe0001','log','476-401','ออกแบบโซ่อุปทาน','required','{\"PLO1\": \"R\", \"PLO2\": \"R\", \"PLO5\": \"M\", \"PLO9\": \"R\"}','2026-03-22 15:14:28','2026-03-22 15:14:28'),('2610b5ae-25c7-11f1-aae2-00090ffe0001','log','476-402','สัมมนาโลจิสติกส์','required','{\"PLO1\": \"R\", \"PLO2\": \"R\", \"PLO4\": \"R\", \"PLO5\": \"R\", \"PLO6\": \"R\", \"PLO8\": \"R\", \"PLO9\": \"R\", \"MLO4_1\": \"M\", \"MLO4_2\": \"R\"}','2026-03-22 15:14:28','2026-03-22 15:14:28'),('2610b659-25c7-11f1-aae2-00090ffe0001','log','476-403','โครงงานโลจิสติกส์','required','{\"PLO1\": \"R\", \"PLO2\": \"R\", \"PLO5\": \"R\", \"PLO6\": \"R\", \"PLO8\": \"R\", \"PLO9\": \"R\"}','2026-03-22 15:14:28','2026-03-22 15:14:28'),('2610b6f5-25c7-11f1-aae2-00090ffe0001','log','476-311','สร้างแบบจำลองโซ่อุปทาน','elective','{\"PLO1\": \"M\", \"PLO2\": \"M\", \"PLO5\": \"M\", \"PLO9\": \"M\"}','2026-03-22 15:14:28','2026-03-22 15:14:28'),('2610b7ac-25c7-11f1-aae2-00090ffe0001','log','476-312','บริหารความสัมพันธ์ลูกค้า','elective','{\"PLO1\": \"I\", \"PLO2\": \"M\", \"PLO5\": \"M\", \"PLO8\": \"M\", \"PLO9\": \"M\", \"MLO4_1\": \"M\"}','2026-03-22 15:14:28','2026-03-22 15:14:28'),('2610b862-25c7-11f1-aae2-00090ffe0001','log','476-313','วางแผนทรัพยากร ERP','elective','{\"PLO1\": \"M\", \"PLO2\": \"M\", \"PLO5\": \"M\", \"PLO9\": \"M\"}','2026-03-22 15:14:28','2026-03-22 15:14:28'),('2610b915-25c7-11f1-aae2-00090ffe0001','log','476-314','ธุรกิจพาณิชยนาวี','elective','{\"PLO1\": \"I\", \"PLO2\": \"M\", \"PLO5\": \"I\", \"PLO8\": \"M\", \"PLO9\": \"M\", \"MLO4_1\": \"M\"}','2026-03-22 15:14:28','2026-03-22 15:14:28'),('2610b9cb-25c7-11f1-aae2-00090ffe0001','log','476-315','บริหารท่าเรือ','elective','{\"PLO1\": \"M\", \"PLO2\": \"M\", \"PLO5\": \"M\", \"PLO9\": \"M\"}','2026-03-22 15:14:28','2026-03-22 15:14:28'),('2610ba87-25c7-11f1-aae2-00090ffe0001','log','476-316','พยากรณ์อุปสงค์','elective','{\"PLO2\": \"M\", \"PLO5\": \"M\", \"PLO9\": \"M\"}','2026-03-22 15:14:28','2026-03-22 15:14:28'),('2610baee-25c7-11f1-aae2-00090ffe0001','log','476-317','IT โลจิสติกส์','elective','{\"PLO2\": \"M\", \"PLO5\": \"M\", \"PLO8\": \"M\", \"PLO9\": \"M\"}','2026-03-22 15:14:28','2026-03-22 15:14:28'),('2610bb4d-25c7-11f1-aae2-00090ffe0001','log','476-318','สถิติวิจัยโลจิสติกส์','elective','{\"PLO1\": \"I\", \"PLO2\": \"M\", \"PLO5\": \"M\", \"PLO8\": \"R\", \"PLO9\": \"R\"}','2026-03-22 15:14:28','2026-03-22 15:14:28'),('2610bbad-25c7-11f1-aae2-00090ffe0001','log','476-411','ขนส่งต่อเนื่องหลายรูปแบบ','elective','{\"PLO1\": \"M\", \"PLO2\": \"I\", \"PLO5\": \"R\", \"PLO9\": \"R\"}','2026-03-22 15:14:28','2026-03-22 15:14:28'),('2610bc18-25c7-11f1-aae2-00090ffe0001','log','476-412','บริหารระวางสินค้า','elective','{\"PLO1\": \"M\", \"PLO2\": \"M\", \"PLO5\": \"R\", \"PLO9\": \"R\", \"MLO4_1\": \"R\"}','2026-03-22 15:14:28','2026-03-22 15:14:28'),('2610bc88-25c7-11f1-aae2-00090ffe0001','log','476-413','จัดการความเสี่ยงโซ่อุปทาน','elective','{\"PLO1\": \"M\", \"PLO2\": \"M\", \"PLO5\": \"R\", \"PLO9\": \"R\"}','2026-03-22 15:14:28','2026-03-22 15:14:28'),('2610bcf7-25c7-11f1-aae2-00090ffe0001','log','476-414','โลจิสติกส์ข้ามพรมแดน','elective','{\"PLO1\": \"M\", \"PLO2\": \"M\", \"PLO5\": \"I\", \"PLO6\": \"R\", \"PLO9\": \"M\", \"MLO4_1\": \"R\"}','2026-03-22 15:14:28','2026-03-22 15:14:28'),('2610bd67-25c7-11f1-aae2-00090ffe0001','log','476-415','โซ่อุปทานสินค้าเกษตร','elective','{\"PLO1\": \"R\", \"PLO2\": \"R\", \"PLO5\": \"M\", \"PLO9\": \"M\", \"MLO4_2\": \"R\"}','2026-03-22 15:14:28','2026-03-22 15:14:28'),('2610bdcf-25c7-11f1-aae2-00090ffe0001','log','476-416','โซ่อุปทานสุขภาพ','elective','{\"PLO1\": \"R\", \"PLO2\": \"R\", \"PLO5\": \"M\", \"PLO9\": \"M\", \"MLO4_2\": \"R\"}','2026-03-22 15:14:28','2026-03-22 15:14:28'),('2610be2f-25c7-11f1-aae2-00090ffe0001','log','476-417','โลจิสติกส์ท่องเที่ยว','elective','{\"PLO1\": \"R\", \"PLO2\": \"M\", \"PLO5\": \"M\", \"PLO9\": \"R\"}','2026-03-22 15:14:28','2026-03-22 15:14:28'),('2610bea7-25c7-11f1-aae2-00090ffe0001','log','476-418','โลจิสติกส์ภาคอุตสาหกรรม','elective','{\"PLO1\": \"R\", \"PLO2\": \"M\", \"PLO5\": \"R\", \"PLO8\": \"M\", \"PLO9\": \"R\"}','2026-03-22 15:14:28','2026-03-22 15:14:28'),('2610bf3f-25c7-11f1-aae2-00090ffe0001','log','476-419','ยั่งยืนโซ่อุปทาน','elective','{\"PLO2\": \"R\", \"PLO5\": \"M\", \"PLO7\": \"M\", \"PLO9\": \"R\"}','2026-03-22 15:14:28','2026-03-22 15:14:28'),('2610bfdc-25c7-11f1-aae2-00090ffe0001','log','476-420','ฮาลาลโลจิสติกส์','elective','{\"PLO1\": \"R\", \"PLO2\": \"R\", \"PLO5\": \"M\", \"PLO6\": \"M\", \"PLO9\": \"M\", \"MLO4_2\": \"R\"}','2026-03-22 15:14:28','2026-03-22 15:14:28'),('2610c073-25c7-11f1-aae2-00090ffe0001','bis','473-001G2','เงินทองต้องรอบรู้','ge','{\"PLO1\": \"I\", \"PLO7\": \"R\", \"PLO8\": \"R\", \"PLO9\": \"R\"}','2026-03-22 15:14:28','2026-03-22 15:14:28'),('2610c10f-25c7-11f1-aae2-00090ffe0001','bis','473-002G2','อ่านงบการเงิน GE','ge','{\"PLO1\": \"I\", \"PLO7\": \"R\", \"PLO8\": \"R\", \"PLO9\": \"R\"}','2026-03-22 15:14:28','2026-03-22 15:14:28'),('2610c1ad-25c7-11f1-aae2-00090ffe0001','bis','460-101','หลักการตลาด','core','{\"PLO1\": \"I\", \"PLO2\": \"I\", \"PLO3\": \"I\", \"PLO4\": \"I\", \"PLO5\": \"I\", \"PLO8\": \"I\", \"PLO9\": \"I\"}','2026-03-22 15:14:28','2026-03-22 15:14:28'),('2610c254-25c7-11f1-aae2-00090ffe0001','bis','460-102','หลักการจัดการ','core','{\"PLO1\": \"I\", \"PLO2\": \"I\", \"PLO4\": \"I\", \"PLO8\": \"I\"}','2026-03-22 15:14:28','2026-03-22 15:14:28'),('2610c2ff-25c7-11f1-aae2-00090ffe0001','bis','460-103','หลักการเงิน','core','{\"PLO1\": \"I\", \"PLO2\": \"I\", \"PLO4\": \"I\", \"PLO9\": \"I\"}','2026-03-22 15:14:28','2026-03-22 15:14:28'),('2610c3b0-25c7-11f1-aae2-00090ffe0001','bis','460-104','การจัดการผลิต','core','{\"PLO1\": \"I\", \"PLO2\": \"I\", \"PLO8\": \"I\"}','2026-03-22 15:14:28','2026-03-22 15:14:28'),('2610c42f-25c7-11f1-aae2-00090ffe0001','bis','460-105','การจัดการ HR','core','{\"PLO1\": \"I\", \"PLO2\": \"I\", \"PLO4\": \"I\", \"PLO8\": \"I\"}','2026-03-22 15:14:28','2026-03-22 15:14:28'),('2610c495-25c7-11f1-aae2-00090ffe0001','bis','464-101','บัญชีการเงิน','core','{\"PLO1\": \"I\", \"PLO4\": \"I\", \"PLO9\": \"I\"}','2026-03-22 15:14:28','2026-03-22 15:14:28'),('2610c4f2-25c7-11f1-aae2-00090ffe0001','bis','876-106','เศรษฐศาสตร์','core','{\"PLO1\": \"I\", \"PLO9\": \"I\"}','2026-03-22 15:14:28','2026-03-22 15:14:28'),('2610c556-25c7-11f1-aae2-00090ffe0001','bis','460-201','สื่อสารธุรกิจ','core','{\"PLO3\": \"I\", \"PLO5\": \"I\", \"PLO8\": \"I\"}','2026-03-22 15:14:28','2026-03-22 15:14:28'),('2610c5ba-25c7-11f1-aae2-00090ffe0001','bis','460-202','ธุรกิจอัจฉริยะ','core','{\"PLO2\": \"I\", \"PLO5\": \"I\", \"PLO9\": \"I\"}','2026-03-22 15:14:28','2026-03-22 15:14:28'),('2610c620-25c7-11f1-aae2-00090ffe0001','bis','460-301','กฎหมายและจริยธรรม','core','{\"PLO4\": \"I\", \"PLO6\": \"I\", \"PLO7\": \"I\"}','2026-03-22 15:14:28','2026-03-22 15:14:28'),('2610c684-25c7-11f1-aae2-00090ffe0001','bis','460-302','สถิติวิจัย','core','{\"PLO2\": \"R\", \"PLO9\": \"R\"}','2026-03-22 15:14:28','2026-03-22 15:14:28'),('2610c6e7-25c7-11f1-aae2-00090ffe0001','bis','460-303','ผู้ประกอบการ/นวัตกรรม','core','{\"PLO4\": \"I\", \"PLO5\": \"R\", \"PLO6\": \"R\", \"PLO7\": \"R\", \"PLO8\": \"R\"}','2026-03-22 15:14:28','2026-03-22 15:14:28'),('2610c74e-25c7-11f1-aae2-00090ffe0001','bis','464-301','การภาษีอากร','core','{\"PLO1\": \"I\", \"PLO4\": \"I\", \"PLO9\": \"I\"}','2026-03-22 15:14:28','2026-03-22 15:14:28'),('2610c7be-25c7-11f1-aae2-00090ffe0001','bis','460-401','การจัดการเชิงกลยุทธ์','core','{\"PLO1\": \"M\", \"PLO2\": \"M\", \"PLO3\": \"M\", \"PLO4\": \"M\", \"PLO6\": \"M\", \"PLO9\": \"M\"}','2026-03-22 15:14:28','2026-03-22 15:14:28'),('2610c85e-25c7-11f1-aae2-00090ffe0001','bis','460-402','เตรียมสหกิจ','core','{\"PLO1\": \"M\", \"PLO2\": \"M\", \"PLO3\": \"M\", \"PLO4\": \"M\", \"PLO6\": \"M\", \"PLO9\": \"M\"}','2026-03-22 15:14:28','2026-03-22 15:14:28'),('2610e9e7-25c7-11f1-aae2-00090ffe0001','bis','460-403','สหกิจศึกษา','required','{\"PLO1\": \"M\", \"PLO2\": \"M\", \"PLO3\": \"M\", \"PLO4\": \"M\", \"PLO5\": \"M\", \"PLO6\": \"M\", \"PLO8\": \"M\", \"PLO9\": \"M\"}','2026-03-22 15:14:28','2026-03-22 15:14:28'),('2610eb45-25c7-11f1-aae2-00090ffe0001','bis','477-101','หลักการ IS','required','{\"PLO1\": \"I\", \"PLO2\": \"I\", \"PLO5\": \"I\", \"PLO6\": \"I\", \"PLO8\": \"I\", \"PLO9\": \"I\"}','2026-03-22 15:14:28','2026-03-22 15:14:28'),('2610ec14-25c7-11f1-aae2-00090ffe0001','bis','477-102','ตรรกะโปรแกรม/โครงสร้างข้อมูล','required','{\"PLO2\": \"I\", \"PLO5\": \"I\", \"PLO6\": \"I\", \"PLO9\": \"I\"}','2026-03-22 15:14:28','2026-03-22 15:14:28'),('2610ecc0-25c7-11f1-aae2-00090ffe0001','bis','477-201','เขียนโปรแกรมเบื้องต้น','required','{\"PLO2\": \"I\", \"PLO5\": \"I\", \"PLO6\": \"I\", \"PLO9\": \"I\"}','2026-03-22 15:14:28','2026-03-22 15:14:28'),('2610ed74-25c7-11f1-aae2-00090ffe0001','bis','477-202','เครือข่าย+Cyber Security','required','{\"PLO2\": \"I\", \"PLO5\": \"I\", \"PLO9\": \"I\"}','2026-03-22 15:14:28','2026-03-22 15:14:28'),('2610ee18-25c7-11f1-aae2-00090ffe0001','bis','477-203','การจัดการฐานข้อมูล','required','{\"PLO2\": \"I\", \"PLO5\": \"I\", \"PLO6\": \"I\", \"PLO9\": \"I\"}','2026-03-22 15:14:28','2026-03-22 15:14:28'),('2610eeb7-25c7-11f1-aae2-00090ffe0001','bis','477-204','Cloud Platform','required','{\"PLO2\": \"I\", \"PLO5\": \"I\", \"PLO6\": \"I\", \"PLO8\": \"R\", \"PLO9\": \"R\", \"MLO5_1\": \"R\", \"MLO5_2\": \"R\"}','2026-03-22 15:14:28','2026-03-22 15:14:28'),('2610ef5b-25c7-11f1-aae2-00090ffe0001','bis','477-301','Full-stack Web','required','{\"PLO2\": \"R\", \"PLO5\": \"R\", \"PLO6\": \"R\", \"PLO8\": \"R\", \"PLO9\": \"R\", \"MLO5_1\": \"R\", \"MLO5_2\": \"R\"}','2026-03-22 15:14:28','2026-03-22 15:14:28'),('2610effd-25c7-11f1-aae2-00090ffe0001','bis','477-302','วิเคราะห์/ออกแบบระบบ IS','required','{\"PLO1\": \"R\", \"PLO2\": \"R\", \"PLO5\": \"R\", \"PLO6\": \"R\", \"PLO8\": \"R\", \"PLO9\": \"R\", \"MLO5_1\": \"R\", \"MLO5_2\": \"R\"}','2026-03-22 15:14:28','2026-03-22 15:14:28'),('2610f0a5-25c7-11f1-aae2-00090ffe0001','bis','477-303','MIS','required','{\"PLO1\": \"R\", \"PLO2\": \"R\", \"PLO5\": \"R\", \"PLO6\": \"R\", \"PLO8\": \"R\", \"PLO9\": \"R\"}','2026-03-22 15:14:28','2026-03-22 15:14:28'),('2610f141-25c7-11f1-aae2-00090ffe0001','bis','477-304','ฝึกงาน IS','required','{\"PLO2\": \"R\", \"PLO5\": \"R\", \"PLO6\": \"M\", \"PLO8\": \"M\", \"PLO9\": \"M\", \"MLO5_1\": \"M\", \"MLO5_2\": \"M\"}','2026-03-22 15:14:28','2026-03-22 15:14:28'),('2610f1e2-25c7-11f1-aae2-00090ffe0001','bis','477-401','สัมมนา BIS','required','{\"PLO1\": \"M\", \"PLO2\": \"R\", \"PLO5\": \"M\", \"PLO6\": \"M\", \"PLO8\": \"M\", \"PLO9\": \"M\"}','2026-03-22 15:14:28','2026-03-22 15:14:28'),('2610f27d-25c7-11f1-aae2-00090ffe0001','bis','477-402','โครงงาน IS 1','required','{\"PLO1\": \"M\", \"PLO2\": \"M\", \"PLO5\": \"M\", \"PLO6\": \"M\", \"PLO8\": \"M\", \"PLO9\": \"M\", \"MLO5_1\": \"M\", \"MLO5_2\": \"M\"}','2026-03-22 15:14:28','2026-03-22 15:14:28'),('2610f319-25c7-11f1-aae2-00090ffe0001','bis','477-403','โครงงาน IS 2','required','{\"PLO1\": \"M\", \"PLO2\": \"M\", \"PLO5\": \"M\", \"PLO6\": \"M\", \"PLO8\": \"M\", \"PLO9\": \"M\", \"MLO5_1\": \"M\", \"MLO5_2\": \"M\"}','2026-03-22 15:14:28','2026-03-22 15:14:28'),('26112822-25c7-11f1-aae2-00090ffe0001','bis','477-305','พาณิชย์อิเล็กทรอนิกส์','elective','{\"PLO1\": \"R\", \"PLO2\": \"R\", \"PLO5\": \"R\", \"PLO6\": \"R\", \"PLO8\": \"R\", \"PLO9\": \"R\", \"MLO5_1\": \"R\"}','2026-03-22 15:14:28','2026-03-22 15:14:28'),('261128e8-25c7-11f1-aae2-00090ffe0001','bis','477-306','AI/Machine Learning','elective','{\"PLO2\": \"R\", \"PLO5\": \"R\", \"PLO6\": \"R\", \"PLO9\": \"R\"}','2026-03-22 15:14:28','2026-03-22 15:14:28'),('26112940-25c7-11f1-aae2-00090ffe0001','bis','477-307','ทรัพย์สินทางปัญญาดิจิทัล','elective','{\"PLO2\": \"R\", \"PLO4\": \"R\", \"PLO5\": \"R\", \"PLO6\": \"R\", \"PLO8\": \"R\", \"PLO9\": \"R\"}','2026-03-22 15:14:28','2026-03-22 15:14:28'),('2611299a-25c7-11f1-aae2-00090ffe0001','bis','477-308','ค้นคืนสารสนเทศ','elective','{\"PLO2\": \"R\", \"PLO5\": \"R\", \"PLO6\": \"R\", \"PLO8\": \"R\", \"PLO9\": \"R\", \"MLO5_1\": \"R\", \"MLO5_2\": \"R\"}','2026-03-22 15:14:28','2026-03-22 15:14:28'),('261129ee-25c7-11f1-aae2-00090ffe0001','bis','477-309','Blockchain','elective','{\"PLO2\": \"R\", \"PLO5\": \"R\", \"PLO6\": \"R\", \"PLO8\": \"R\", \"PLO9\": \"R\"}','2026-03-22 15:14:28','2026-03-22 15:14:28'),('26112a44-25c7-11f1-aae2-00090ffe0001','bis','477-310','Digital Transform','elective','{\"PLO1\": \"R\", \"PLO2\": \"R\", \"PLO3\": \"R\", \"PLO5\": \"R\", \"PLO6\": \"R\", \"PLO8\": \"R\", \"PLO9\": \"R\"}','2026-03-22 15:14:28','2026-03-22 15:14:28'),('26112a8e-25c7-11f1-aae2-00090ffe0001','bis','477-311','ฐานข้อมูลขั้นสูง','elective','{\"PLO2\": \"R\", \"PLO5\": \"R\", \"PLO6\": \"R\", \"PLO9\": \"R\"}','2026-03-22 15:14:28','2026-03-22 15:14:28'),('26112ad6-25c7-11f1-aae2-00090ffe0001','bis','477-315','คลังข้อมูล/เหมืองข้อมูล','elective','{\"PLO2\": \"R\", \"PLO5\": \"R\", \"PLO6\": \"R\", \"PLO8\": \"R\", \"PLO9\": \"R\", \"MLO5_1\": \"R\", \"MLO5_2\": \"R\"}','2026-03-22 15:14:28','2026-03-22 15:14:28'),('26112b21-25c7-11f1-aae2-00090ffe0001','bis','477-321','UX Design','elective','{\"PLO2\": \"R\", \"PLO3\": \"R\", \"PLO5\": \"R\", \"PLO6\": \"R\", \"PLO8\": \"R\", \"PLO9\": \"R\", \"MLO5_1\": \"R\", \"MLO5_2\": \"R\"}','2026-03-22 15:14:28','2026-03-22 15:14:28'),('26112b6e-25c7-11f1-aae2-00090ffe0001','bis','477-322','จัดการโครงการ IS','elective','{\"PLO1\": \"R\", \"PLO2\": \"R\", \"PLO5\": \"R\", \"PLO6\": \"R\", \"PLO8\": \"R\", \"PLO9\": \"R\", \"MLO5_1\": \"R\", \"MLO5_2\": \"R\"}','2026-03-22 15:14:28','2026-03-22 15:14:28'),('26112d03-25c7-11f1-aae2-00090ffe0001','bis','477-323','Mobile App','elective','{\"PLO2\": \"R\", \"PLO5\": \"R\", \"PLO6\": \"R\", \"PLO8\": \"R\", \"PLO9\": \"R\", \"MLO5_1\": \"R\", \"MLO5_2\": \"R\"}','2026-03-22 15:14:28','2026-03-22 15:14:28'),('26112d5e-25c7-11f1-aae2-00090ffe0001','bis','477-324','Multimedia','elective','{\"PLO2\": \"R\", \"PLO3\": \"R\", \"PLO5\": \"R\", \"PLO6\": \"R\", \"PLO8\": \"R\", \"PLO9\": \"R\", \"MLO5_1\": \"R\", \"MLO5_2\": \"R\"}','2026-03-22 15:14:28','2026-03-22 15:14:28'),('26112dad-25c7-11f1-aae2-00090ffe0001','mice','473-001G2','เงินทองต้องรอบรู้','ge','{\"PLO1\": \"I\", \"PLO7\": \"R\", \"PLO8\": \"R\", \"PLO9\": \"R\"}','2026-03-22 15:14:28','2026-03-22 15:14:28'),('26112dfd-25c7-11f1-aae2-00090ffe0001','mice','473-002G2','อ่านงบการเงิน GE','ge','{\"PLO1\": \"I\", \"PLO7\": \"R\", \"PLO8\": \"R\", \"PLO9\": \"R\"}','2026-03-22 15:14:28','2026-03-22 15:14:28'),('26112e4f-25c7-11f1-aae2-00090ffe0001','mice','460-101','หลักการตลาด','core','{\"PLO1\": \"I\", \"PLO2\": \"I\", \"PLO3\": \"I\", \"PLO4\": \"I\", \"PLO5\": \"I\", \"PLO8\": \"I\", \"PLO9\": \"I\"}','2026-03-22 15:14:28','2026-03-22 15:14:28'),('26112e99-25c7-11f1-aae2-00090ffe0001','mice','460-102','หลักการจัดการ','core','{\"PLO1\": \"I\", \"PLO2\": \"I\", \"PLO4\": \"I\", \"PLO8\": \"I\"}','2026-03-22 15:14:28','2026-03-22 15:14:28'),('26112ee4-25c7-11f1-aae2-00090ffe0001','mice','460-103','หลักการเงิน','core','{\"PLO1\": \"I\", \"PLO2\": \"I\", \"PLO4\": \"I\", \"PLO9\": \"I\"}','2026-03-22 15:14:28','2026-03-22 15:14:28'),('26112f29-25c7-11f1-aae2-00090ffe0001','mice','460-104','การจัดการผลิต','core','{\"PLO1\": \"I\", \"PLO2\": \"I\", \"PLO8\": \"I\"}','2026-03-22 15:14:28','2026-03-22 15:14:28'),('26112f6b-25c7-11f1-aae2-00090ffe0001','mice','460-105','การจัดการ HR','core','{\"PLO1\": \"I\", \"PLO2\": \"I\", \"PLO4\": \"I\", \"PLO8\": \"I\"}','2026-03-22 15:14:28','2026-03-22 15:14:28'),('26112fba-25c7-11f1-aae2-00090ffe0001','mice','464-101','บัญชีการเงิน','core','{\"PLO1\": \"I\", \"PLO4\": \"I\", \"PLO9\": \"I\"}','2026-03-22 15:14:28','2026-03-22 15:14:28'),('26112ffe-25c7-11f1-aae2-00090ffe0001','mice','876-106','เศรษฐศาสตร์','core','{\"PLO1\": \"I\", \"PLO9\": \"I\"}','2026-03-22 15:14:28','2026-03-22 15:14:28'),('26113040-25c7-11f1-aae2-00090ffe0001','mice','460-201','สื่อสารธุรกิจ','core','{\"PLO3\": \"I\", \"PLO5\": \"I\", \"PLO8\": \"I\"}','2026-03-22 15:14:28','2026-03-22 15:14:28'),('26113081-25c7-11f1-aae2-00090ffe0001','mice','460-202','ธุรกิจอัจฉริยะ','core','{\"PLO2\": \"I\", \"PLO5\": \"I\", \"PLO9\": \"I\"}','2026-03-22 15:14:28','2026-03-22 15:14:28'),('261130d1-25c7-11f1-aae2-00090ffe0001','mice','460-301','กฎหมายและจริยธรรม','core','{\"PLO4\": \"I\", \"PLO6\": \"I\", \"PLO7\": \"I\"}','2026-03-22 15:14:28','2026-03-22 15:14:28'),('2611310d-25c7-11f1-aae2-00090ffe0001','mice','460-302','สถิติวิจัย','core','{\"PLO2\": \"R\", \"PLO9\": \"R\"}','2026-03-22 15:14:28','2026-03-22 15:14:28'),('2611314b-25c7-11f1-aae2-00090ffe0001','mice','460-303','ผู้ประกอบการ/นวัตกรรม','core','{\"PLO4\": \"I\", \"PLO5\": \"R\", \"PLO6\": \"R\", \"PLO7\": \"R\", \"PLO8\": \"R\"}','2026-03-22 15:14:28','2026-03-22 15:14:28'),('2611318e-25c7-11f1-aae2-00090ffe0001','mice','464-301','การภาษีอากร','core','{\"PLO1\": \"I\", \"PLO4\": \"I\", \"PLO9\": \"I\"}','2026-03-22 15:14:28','2026-03-22 15:14:28'),('261131cd-25c7-11f1-aae2-00090ffe0001','mice','460-401','การจัดการเชิงกลยุทธ์','core','{\"PLO1\": \"M\", \"PLO2\": \"M\", \"PLO3\": \"M\", \"PLO4\": \"M\", \"PLO6\": \"M\", \"PLO9\": \"M\"}','2026-03-22 15:14:28','2026-03-22 15:14:28'),('2611320c-25c7-11f1-aae2-00090ffe0001','mice','460-402','เตรียมสหกิจ','core','{\"PLO1\": \"M\", \"PLO2\": \"M\", \"PLO3\": \"M\", \"PLO4\": \"M\", \"PLO6\": \"M\", \"PLO9\": \"M\"}','2026-03-22 15:14:28','2026-03-22 15:14:28'),('2611324e-25c7-11f1-aae2-00090ffe0001','mice','460-403','สหกิจศึกษา','required','{\"PLO1\": \"M\", \"PLO2\": \"M\", \"PLO3\": \"M\", \"PLO4\": \"M\", \"PLO5\": \"M\", \"PLO6\": \"M\", \"PLO8\": \"M\", \"PLO9\": \"M\"}','2026-03-22 15:14:28','2026-03-22 15:14:28'),('2611328e-25c7-11f1-aae2-00090ffe0001','mice','478-200','ไมซ์เบื้องต้น','required','{\"PLO1\": \"I\", \"PLO2\": \"I\", \"PLO3\": \"I\", \"PLO6\": \"R\", \"PLO8\": \"I\"}','2026-03-22 15:14:28','2026-03-22 15:14:28'),('261132d0-25c7-11f1-aae2-00090ffe0001','mice','478-201','สื่อสารและเจรจาไมซ์','required','{\"PLO3\": \"I\", \"PLO6\": \"R\", \"PLO8\": \"I\"}','2026-03-22 15:14:28','2026-03-22 15:14:28'),('2611330f-25c7-11f1-aae2-00090ffe0001','mice','478-202','จัดการประชุมองค์กร','required','{\"PLO1\": \"R\", \"PLO2\": \"R\", \"PLO3\": \"I\", \"PLO6\": \"R\", \"PLO8\": \"I\"}','2026-03-22 15:14:28','2026-03-22 15:14:28'),('2611334f-25c7-11f1-aae2-00090ffe0001','mice','478-203','การท่องเที่ยวรางวัล','required','{\"PLO1\": \"R\", \"PLO2\": \"R\", \"PLO3\": \"I\", \"PLO6\": \"R\", \"PLO8\": \"R\", \"PLO9\": \"I\"}','2026-03-22 15:14:28','2026-03-22 15:14:28'),('2611339a-25c7-11f1-aae2-00090ffe0001','mice','478-205','ศิลปะการนำเสนอไมซ์','required','{\"PLO3\": \"R\", \"PLO6\": \"R\", \"PLO8\": \"R\"}','2026-03-22 15:14:28','2026-03-22 15:14:28'),('261133e5-25c7-11f1-aae2-00090ffe0001','mice','478-301','จัดการประชุมวิชาชีพ','required','{\"PLO1\": \"R\", \"PLO2\": \"R\", \"PLO3\": \"R\", \"PLO6\": \"R\", \"PLO9\": \"M\"}','2026-03-22 15:14:28','2026-03-22 15:14:28'),('26113421-25c7-11f1-aae2-00090ffe0001','mice','478-302','จัดการอีเวนต์','required','{\"PLO1\": \"R\", \"PLO2\": \"M\", \"PLO3\": \"R\", \"PLO4\": \"R\", \"PLO6\": \"R\", \"PLO8\": \"R\", \"PLO9\": \"R\", \"MLO6_1\": \"M\"}','2026-03-22 15:14:28','2026-03-22 15:14:28'),('26113464-25c7-11f1-aae2-00090ffe0001','mice','478-303','งานแสดงสินค้า','required','{\"PLO1\": \"R\", \"PLO2\": \"M\", \"PLO3\": \"R\", \"PLO4\": \"R\", \"PLO6\": \"R\", \"PLO8\": \"R\", \"PLO9\": \"R\", \"MLO6_1\": \"M\"}','2026-03-22 15:14:28','2026-03-22 15:14:28'),('261134a4-25c7-11f1-aae2-00090ffe0001','mice','478-304','ผลิตอีเวนต์ไมซ์','required','{\"PLO3\": \"R\", \"PLO5\": \"R\", \"PLO9\": \"M\"}','2026-03-22 15:14:28','2026-03-22 15:14:28'),('261134dd-25c7-11f1-aae2-00090ffe0001','mice','478-305','ฝึกงานไมซ์','required','{\"PLO1\": \"R\", \"PLO2\": \"R\", \"PLO3\": \"R\", \"PLO8\": \"R\"}','2026-03-22 15:14:28','2026-03-22 15:14:28'),('26113518-25c7-11f1-aae2-00090ffe0001','mice','478-401','จัดการสถานที่จัดงาน','required','{\"PLO1\": \"M\", \"PLO3\": \"R\", \"PLO6\": \"R\", \"PLO9\": \"M\"}','2026-03-22 15:14:28','2026-03-22 15:14:28'),('26113552-25c7-11f1-aae2-00090ffe0001','mice','478-402','วิจัยไมซ์','required','{\"PLO1\": \"M\", \"PLO2\": \"M\", \"PLO9\": \"R\"}','2026-03-22 15:14:28','2026-03-22 15:14:28'),('2611358c-25c7-11f1-aae2-00090ffe0001','mice','478-204','พัฒนาบุคลิกภาพไมซ์','elective','{\"PLO3\": \"R\", \"PLO6\": \"R\", \"PLO8\": \"R\", \"PLO9\": \"R\"}','2026-03-22 15:14:28','2026-03-22 15:14:28'),('261135cb-25c7-11f1-aae2-00090ffe0001','mice','478-206','พหุวัฒนธรรมไมซ์','elective','{\"PLO3\": \"R\", \"PLO6\": \"R\", \"PLO7\": \"R\", \"PLO8\": \"R\"}','2026-03-22 15:14:28','2026-03-22 15:14:28'),('26113608-25c7-11f1-aae2-00090ffe0001','mice','478-207','นวัตกรรมยั่งยืนไมซ์','elective','{\"PLO3\": \"I\", \"PLO5\": \"M\", \"PLO7\": \"R\", \"PLO8\": \"R\"}','2026-03-22 15:14:28','2026-03-22 15:14:28'),('26113648-25c7-11f1-aae2-00090ffe0001','mice','478-306','การตลาดไมซ์','elective','{\"PLO2\": \"R\", \"PLO3\": \"M\", \"PLO5\": \"M\", \"PLO6\": \"M\", \"PLO8\": \"M\", \"PLO9\": \"R\", \"MLO6_1\": \"M\"}','2026-03-22 15:14:28','2026-03-22 15:14:28'),('2611368b-25c7-11f1-aae2-00090ffe0001','mice','478-307','การจัดเลี้ยงไมซ์','elective','{\"PLO2\": \"M\", \"PLO3\": \"M\", \"PLO4\": \"R\", \"PLO6\": \"R\", \"PLO8\": \"R\", \"MLO6_1\": \"M\"}','2026-03-22 15:14:28','2026-03-22 15:14:28'),('261136d8-25c7-11f1-aae2-00090ffe0001','mice','478-308','ออกแบบงานไมซ์','elective','{\"PLO3\": \"R\", \"PLO4\": \"R\", \"PLO5\": \"M\", \"PLO6\": \"R\", \"PLO8\": \"M\", \"PLO9\": \"R\"}','2026-03-22 15:14:28','2026-03-22 15:14:28'),('2611371e-25c7-11f1-aae2-00090ffe0001','mice','478-309','Multimedia ไมซ์','elective','{\"PLO3\": \"R\", \"PLO5\": \"R\", \"PLO6\": \"M\", \"PLO8\": \"R\", \"PLO9\": \"R\", \"MLO6_2\": \"R\"}','2026-03-22 15:14:28','2026-03-22 15:14:28'),('2611375f-25c7-11f1-aae2-00090ffe0001','mice','478-310','นวัตกรรมในไมซ์','elective','{\"PLO2\": \"R\", \"PLO3\": \"R\", \"PLO5\": \"M\", \"PLO6\": \"M\", \"PLO8\": \"M\", \"PLO9\": \"R\"}','2026-03-22 15:14:28','2026-03-22 15:14:28'),('261137a1-25c7-11f1-aae2-00090ffe0001','mice','478-311','อีเวนต์กีฬามวลชน','elective','{\"PLO1\": \"M\", \"PLO2\": \"M\", \"PLO3\": \"M\", \"PLO4\": \"M\", \"PLO5\": \"M\", \"PLO6\": \"M\", \"PLO8\": \"M\", \"PLO9\": \"R\", \"MLO6_1\": \"M\"}','2026-03-22 15:14:28','2026-03-22 15:14:28'),('261137e2-25c7-11f1-aae2-00090ffe0001','mice','478-312','อัตลักษณ์จุดหมายปลายทาง','elective','{\"PLO1\": \"M\", \"PLO2\": \"M\", \"PLO3\": \"M\", \"PLO4\": \"R\", \"PLO6\": \"M\"}','2026-03-22 15:14:28','2026-03-22 15:14:28'),('2611381c-25c7-11f1-aae2-00090ffe0001','mice','478-405','จัดการพิธีการ','elective','{\"PLO3\": \"R\", \"PLO6\": \"M\", \"PLO8\": \"M\", \"PLO9\": \"M\", \"MLO6_1\": \"M\", \"MLO6_2\": \"M\"}','2026-03-22 15:14:28','2026-03-22 15:14:28'),('2611385e-25c7-11f1-aae2-00090ffe0001','mice','478-406','เจรจาต่อรองไมซ์','elective','{\"PLO3\": \"M\", \"PLO4\": \"M\", \"PLO6\": \"M\", \"PLO8\": \"M\", \"PLO9\": \"M\"}','2026-03-22 15:14:28','2026-03-22 15:14:28'),('2611389c-25c7-11f1-aae2-00090ffe0001','mice','478-407','โซ่อุปทานไมซ์','elective','{\"PLO2\": \"R\", \"PLO3\": \"R\", \"PLO5\": \"M\", \"PLO6\": \"M\", \"PLO9\": \"M\", \"MLO6_2\": \"M\"}','2026-03-22 15:14:28','2026-03-22 15:14:28'),('261138dc-25c7-11f1-aae2-00090ffe0001','mice','478-408','งานแต่งงาน','elective','{\"PLO2\": \"M\", \"PLO3\": \"M\", \"PLO5\": \"M\", \"PLO6\": \"M\", \"PLO8\": \"R\", \"PLO9\": \"M\"}','2026-03-22 15:14:28','2026-03-22 15:14:28'),('2611393c-25c7-11f1-aae2-00090ffe0001','mice','478-409','เมกะอีเวนต์','elective','{\"PLO1\": \"M\", \"PLO2\": \"M\", \"PLO3\": \"M\", \"PLO4\": \"M\", \"PLO5\": \"M\", \"PLO6\": \"M\", \"PLO8\": \"M\", \"PLO9\": \"R\", \"MLO6_1\": \"M\"}','2026-03-22 15:14:28','2026-03-22 15:14:28'),('26113982-25c7-11f1-aae2-00090ffe0001','mice','478-410','คอนเสิร์ต/เทศกาลดนตรี','elective','{\"PLO1\": \"R\", \"PLO2\": \"R\", \"PLO3\": \"M\", \"PLO4\": \"R\", \"PLO5\": \"M\", \"PLO6\": \"M\", \"PLO8\": \"M\", \"PLO9\": \"R\", \"MLO6_1\": \"M\"}','2026-03-22 15:14:28','2026-03-22 15:14:28');
/*!40000 ALTER TABLE `sankey_courses` ENABLE KEYS */;
UNLOCK TABLES;

--
-- Table structure for table `semester_subjects`
--

DROP TABLE IF EXISTS `semester_subjects`;
/*!40101 SET @saved_cs_client     = @@character_set_client */;
/*!40101 SET character_set_client = utf8 */;
CREATE TABLE `semester_subjects` (
  `id` int(11) NOT NULL AUTO_INCREMENT,
  `semester_id` int(11) NOT NULL,
  `subject_id` int(11) NOT NULL,
  `category` varchar(30) NOT NULL DEFAULT 'Core',
  `credits` int(11) DEFAULT NULL,
  `hour_structure` varchar(50) DEFAULT NULL,
  `sort_order` int(11) NOT NULL DEFAULT 1,
  `name_th` text DEFAULT NULL COMMENT 'override ชื่อวิชาตามหลักสูตร ถ้า NULL ให้ใช้ชื่อจาก subjects.name_th',
  PRIMARY KEY (`id`),
  KEY `idx_sem_subjects_sem` (`semester_id`),
  KEY `idx_sem_subjects_subj` (`subject_id`),
  CONSTRAINT `fk_semsubj_sem` FOREIGN KEY (`semester_id`) REFERENCES `semesters` (`id`) ON DELETE CASCADE,
  CONSTRAINT `fk_semsubj_subj` FOREIGN KEY (`subject_id`) REFERENCES `subjects` (`id`)
) ENGINE=InnoDB AUTO_INCREMENT=5155 DEFAULT CHARSET=utf8mb4 COLLATE=utf8mb4_general_ci;
/*!40101 SET character_set_client = @saved_cs_client */;

--
-- Dumping data for table `semester_subjects`
--

LOCK TABLES `semester_subjects` WRITE;
/*!40000 ALTER TABLE `semester_subjects` DISABLE KEYS */;
INSERT INTO `semester_subjects` VALUES (4059,1046,1628,'Core',2,'2((2)-0-4)',1,NULL),(4060,1046,1629,'Core',1,'1((1)-0-2)',2,NULL),(4061,1046,1630,'Core',3,'3((3)-0-6)',3,NULL),(4062,1046,1631,'Core',3,'3((3)-0-6)',4,NULL),(4063,1046,1632,'Core',3,'3((3)-0-6)',5,NULL),(4064,1046,1633,'Core',3,'3((3)-0-6)',6,NULL),(4065,1046,1634,'GE',2,'2((2)-0-4)',7,NULL),(4066,1047,1635,'Core',2,'2((2)-0-4)',1,NULL),(4067,1047,1491,'Core',3,'3((3)-0-6)',2,NULL),(4068,1047,1636,'Core',3,'3((3)-0-6)',3,NULL),(4069,1047,1637,'Core',3,'3((3)-0-6)',4,NULL),(4070,1047,1634,'GE',2,'2((2)-0-4)',5,NULL),(4071,1047,1638,'Core',2,'2((2)-0-4)',6,NULL),(4072,1047,1639,'GE',2,'2((2)-0-4)',7,NULL),(4073,1048,1640,'Core',1,'1((1)-0-2)',1,NULL),(4074,1048,1641,'Core',3,'3((2)-2-5)',2,NULL),(4075,1048,1642,'Core',2,'2((1)-2-3)',3,NULL),(4076,1048,1643,'Core',1,'1((1)-0-2)',4,NULL),(4077,1048,1507,'Core',3,'3((3)-0-6)',5,NULL),(4078,1048,1644,'Core',3,'3((2)-2-5)',6,NULL),(4079,1048,1645,'GE',2,'2((2)-0-4)',7,NULL),(4080,1048,1646,'Elective',3,NULL,8,NULL),(4081,1048,1647,'GE',1,'1((1)-0-2)',9,NULL),(4082,1049,1648,'Core',3,'3((3)-0-6)',1,NULL),(4083,1049,1649,'GE',2,'2((2)-0-4)',2,NULL),(4084,1049,1647,'GE',1,'1((1)-0-2)',3,NULL),(4085,1049,1639,'GE',2,'2((2)-0-4)',4,NULL),(4086,1049,1650,'Elective',3,NULL,5,NULL),(4087,1049,1496,'Core',7,'7((3)-8-10)',6,NULL),(4088,1050,1651,'Core',3,'3((2)-2-5)',1,NULL),(4089,1050,1652,'Core',3,'3((3)-0-6)',2,NULL),(4090,1050,1653,'GE',2,'2((2)-0-4)',3,NULL),(4091,1050,1639,'GE',2,'2((2)-0-4)',4,NULL),(4092,1050,1654,'Core',5,'5((4)-2-9)',5,NULL),(4093,1050,1650,'Elective',3,NULL,6,NULL),(4094,1051,1655,'Core',3,'3((2)-2-5)',1,NULL),(4095,1051,1656,'Core',3,'3((3)-0-6)',2,NULL),(4096,1051,1512,'Core',3,'3((3)-0-6)',3,NULL),(4097,1051,1657,'Core',2,'2((1)-2-3)',4,NULL),(4098,1051,1650,'Elective',3,NULL,5,NULL),(4099,1052,1658,'Core',3,'320 ชั่วโมง',1,NULL),(4100,1053,1659,'Core',3,'3((3)-0-6)',1,NULL),(4101,1053,1660,'Core',2,'2((1)-2-3)',2,NULL),(4102,1053,1650,'Elective',3,NULL,3,NULL),(4103,1054,1661,'Core',3,'3((2)-2-5)',1,NULL),(4104,1054,1650,'Elective',3,NULL,2,NULL),(4105,1054,1646,'Elective',3,NULL,3,NULL),(4106,1055,1628,'Core',2,'2((2)-0-4)',1,NULL),(4107,1055,1629,'Core',1,'1((1)-0-2)',2,NULL),(4108,1055,1630,'Core',3,'3((3)-0-6)',3,NULL),(4109,1055,1631,'Core',3,'3((3)-0-6)',4,NULL),(4110,1055,1632,'Core',3,'3((3)-0-6)',5,NULL),(4111,1055,1633,'Core',3,'3((3)-0-6)',6,NULL),(4112,1055,1634,'GE',2,'2((2)-0-4)',7,NULL),(4113,1056,1635,'Core',2,'2((2)-0-4)',1,NULL),(4114,1056,1491,'Core',3,'3((3)-0-6)',2,NULL),(4115,1056,1636,'Core',3,'3((3)-0-6)',3,NULL),(4116,1056,1637,'Core',3,'3((3)-0-6)',4,NULL),(4117,1056,1634,'GE',2,'2((2)-0-4)',5,NULL),(4118,1056,1638,'Core',2,'2((2)-0-4)',6,NULL),(4119,1056,1639,'GE',2,'2((2)-0-4)',7,NULL),(4120,1057,1640,'Core',1,'1((1)-0-2)',1,NULL),(4121,1057,1641,'Core',3,'3((2)-2-5)',2,NULL),(4122,1057,1642,'Core',2,'2((1)-2-3)',3,NULL),(4123,1057,1643,'Core',1,'1((1)-0-2)',4,NULL),(4124,1057,1507,'Core',3,'3((3)-0-6)',5,NULL),(4125,1057,1644,'Core',3,'3((2)-2-5)',6,NULL),(4126,1057,1645,'GE',2,'2((2)-0-4)',7,NULL),(4127,1057,1646,'Elective',3,NULL,8,NULL),(4128,1057,1647,'GE',1,'1((1)-0-2)',9,NULL),(4129,1058,1648,'Core',3,'3((3)-0-6)',1,NULL),(4130,1058,1649,'GE',2,'2((2)-0-4)',2,NULL),(4131,1058,1647,'GE',1,'1((1)-0-2)',3,NULL),(4132,1058,1639,'GE',2,'2((2)-0-4)',4,NULL),(4133,1058,1650,'Elective',3,NULL,5,NULL),(4134,1058,1496,'Core',7,'7((3)-8-10)',6,NULL),(4135,1059,1651,'Core',3,'3((2)-2-5)',1,NULL),(4136,1059,1652,'Core',3,'3((3)-0-6)',2,NULL),(4137,1059,1653,'GE',2,'2((2)-0-4)',3,NULL),(4138,1059,1639,'GE',2,'2((2)-0-4)',4,NULL),(4139,1059,1654,'Core',5,'5((4)-2-9)',5,NULL),(4140,1059,1650,'Elective',3,NULL,6,NULL),(4141,1060,1655,'Core',3,'3((2)-2-5)',1,NULL),(4142,1060,1656,'Core',3,'3((3)-0-6)',2,NULL),(4143,1060,1512,'Core',3,'3((3)-0-6)',3,NULL),(4144,1060,1657,'Core',2,'2((1)-2-3)',4,NULL),(4145,1060,1650,'Elective',3,NULL,5,NULL),(4146,1060,1646,'Elective',3,NULL,6,NULL),(4147,1061,1661,'Core',3,'3((2)-2-5)',1,NULL),(4148,1061,1662,'Core',1,'1((0)-2-1)',2,NULL),(4149,1061,1659,'Core',3,'3((3)-0-6)',3,NULL),(4150,1061,1660,'Core',2,'2((1)-2-3)',4,NULL),(4151,1061,1650,'Elective',3,NULL,5,NULL),(4152,1062,1663,'Core',8,'8((0)-48-0)',1,NULL),(4153,1063,1628,'Core',2,'2((2)-0-4)',1,NULL),(4154,1063,1629,'Core',1,'1((1)-0-2)',2,NULL),(4155,1063,1630,'Core',3,'3((3)-0-6)',3,NULL),(4156,1063,1631,'Core',3,'3((3)-0-6)',4,NULL),(4157,1063,1632,'Core',3,'3((3)-0-6)',5,NULL),(4158,1063,1633,'Core',3,'3((3)-0-6)',6,NULL),(4159,1063,1634,'GE',2,'2((2)-0-4)',7,NULL),(4160,1064,1635,'Core',2,'2((2)-0-4)',1,NULL),(4161,1064,1491,'Core',3,'3((3)-0-6)',2,NULL),(4162,1064,1636,'Core',3,'3((3)-0-6)',3,NULL),(4163,1064,1637,'Core',3,'3((3)-0-6)',4,NULL),(4164,1064,1664,'Core',3,'3((3)-0-6)',5,NULL),(4165,1064,1634,'GE',2,'2((2)-0-4)',6,NULL),(4166,1064,1638,'Core',2,'2((2)-0-4)',7,NULL),(4167,1064,1639,'GE',2,'2((2)-0-4)',8,NULL),(4168,1065,1640,'Core',1,'1((1)-0-2)',1,NULL),(4169,1065,1641,'Core',3,'3((2)-2-5)',2,NULL),(4170,1065,1642,'Core',2,'2((1)-2-3)',3,NULL),(4171,1065,1643,'Core',1,'1((1)-0-2)',4,NULL),(4172,1065,1665,'Core',3,'3((2)-2-5)',5,NULL),(4173,1065,1666,'Core',3,'3((2)-2-5)',6,NULL),(4174,1065,1667,'Core',3,'3((2)-2-5)',7,NULL),(4175,1065,1645,'GE',2,'2((2)-0-4)',8,NULL),(4176,1065,1647,'GE',1,'1((1)-0-2)',9,NULL),(4177,1066,1668,'Core',3,'3((3)-0-6)',1,NULL),(4178,1066,1669,'Core',3,'3((2)-2-5)',2,NULL),(4179,1066,1649,'GE',2,'2((2)-0-4)',3,NULL),(4180,1066,1647,'GE',1,'1((1)-0-2)',4,NULL),(4181,1066,1639,'GE',2,'2((2)-0-4)',5,NULL),(4182,1066,1496,'Core',7,'7((3)-8-10)',6,NULL),(4183,1067,1670,'Core',3,'3((3)-0-6)',1,NULL),(4184,1067,1671,'Core',3,'3((2)-2-5)',2,NULL),(4185,1067,1652,'Core',3,'3((3)-0-6)',3,NULL),(4186,1067,1653,'GE',2,'2((2)-0-4)',4,NULL),(4187,1067,1639,'GE',2,'2((2)-0-4)',5,NULL),(4188,1067,1672,'Elective',3,NULL,6,NULL),(4189,1068,1655,'Core',3,'3((2)-2-5)',1,NULL),(4190,1068,1673,'Core',3,'3((3)-0-6)',2,NULL),(4191,1068,1672,'Elective',3,NULL,3,NULL),(4192,1068,1674,'Elective',3,NULL,4,NULL),(4193,1069,1675,'Core',3,'320 ชั่วโมง',1,NULL),(4194,1070,1676,'Core',3,'3((2)-2-5)',1,NULL),(4195,1070,1672,'Elective',3,NULL,2,NULL),(4196,1070,1674,'Elective',3,NULL,3,NULL),(4197,1070,1646,'Elective',3,NULL,4,NULL),(4198,1071,1661,'Core',3,'3((2)-2-5)',1,NULL),(4199,1071,1674,'Elective',3,NULL,2,NULL),(4200,1071,1646,'Elective',3,NULL,3,NULL),(4201,1072,1628,'Core',2,'2((2)-0-4)',1,NULL),(4202,1072,1629,'Core',1,'1((1)-0-2)',2,NULL),(4203,1072,1630,'Core',3,'3((3)-0-6)',3,NULL),(4204,1072,1631,'Core',3,'3((3)-0-6)',4,NULL),(4205,1072,1632,'Core',3,'3((3)-0-6)',5,NULL),(4206,1072,1633,'Core',3,'3((3)-0-6)',6,NULL),(4207,1072,1634,'GE',2,'2((2)-0-4)',7,NULL),(4208,1073,1635,'Core',2,'2((2)-0-4)',1,NULL),(4209,1073,1491,'Core',3,'3((3)-0-6)',2,NULL),(4210,1073,1636,'Core',3,'3((3)-0-6)',3,NULL),(4211,1073,1637,'Core',3,'3((3)-0-6)',4,NULL),(4212,1073,1664,'Core',3,'3((3)-0-6)',5,NULL),(4213,1073,1634,'GE',2,'2((2)-0-4)',6,NULL),(4214,1073,1638,'Core',2,'2((2)-0-4)',7,NULL),(4215,1073,1639,'GE',2,'2((2)-0-4)',8,NULL),(4216,1074,1640,'Core',1,'1((1)-0-2)',1,NULL),(4217,1074,1641,'Core',3,'3((2)-2-5)',2,NULL),(4218,1074,1642,'Core',2,'2((1)-2-3)',3,NULL),(4219,1074,1643,'Core',1,'1((1)-0-2)',4,NULL),(4220,1074,1665,'Core',3,'3((2)-2-5)',5,NULL),(4221,1074,1666,'Core',3,'3((2)-2-5)',6,NULL),(4222,1074,1667,'Core',3,'3((2)-2-5)',7,NULL),(4223,1074,1645,'GE',2,'2((2)-0-4)',8,NULL),(4224,1074,1647,'GE',1,'1((1)-0-2)',9,NULL),(4225,1075,1668,'Core',3,'3((3)-0-6)',1,NULL),(4226,1075,1669,'Core',3,'3((2)-2-5)',2,NULL),(4227,1075,1649,'GE',2,'2((2)-0-4)',3,NULL),(4228,1075,1647,'GE',1,'1((1)-0-2)',4,NULL),(4229,1075,1639,'GE',2,'2((2)-0-4)',5,NULL),(4230,1075,1496,'Core',7,'7((3)-8-10)',6,NULL),(4231,1076,1670,'Core',3,'3((3)-0-6)',1,NULL),(4232,1076,1671,'Core',3,'3((2)-2-5)',2,NULL),(4233,1076,1652,'Core',3,'3((3)-0-6)',3,NULL),(4234,1076,1653,'GE',2,'2((2)-0-4)',4,NULL),(4235,1076,1639,'GE',2,'2((2)-0-4)',5,NULL),(4236,1076,1674,'Elective',3,NULL,6,NULL),(4237,1076,1646,'Elective',3,NULL,7,NULL),(4238,1077,1646,'Elective',3,NULL,1,NULL),(4239,1077,1655,'Core',3,'3((2)-2-5)',2,NULL),(4240,1077,1673,'Core',3,'3((3)-0-6)',3,NULL),(4241,1077,1674,'Elective',3,NULL,4,NULL),(4242,1078,1661,'Core',3,'3((2)-2-5)',1,NULL),(4243,1078,1662,'Core',1,'1((0)-2-1)',2,NULL),(4244,1078,1676,'Core',3,'3((2)-2-5)',3,NULL),(4245,1078,1672,'Elective',3,NULL,4,NULL),(4246,1078,1674,'Elective',3,NULL,5,NULL),(4247,1079,1677,'Core',8,'8((0)-48-0)',1,NULL),(4248,1080,1628,'Core',2,'2((2)-0-4)',1,NULL),(4249,1080,1629,'Core',1,'1((1)-0-2)',2,NULL),(4250,1080,1630,'Core',3,'3((3)-0-6)',3,NULL),(4251,1080,1631,'Core',3,'3((3)-0-6)',4,NULL),(4252,1080,1632,'Core',3,'3((3)-0-6)',5,NULL),(4253,1080,1633,'Core',3,'3((3)-0-6)',6,NULL),(4254,1080,1634,'GE',2,'2((2)-0-4)',7,NULL),(4255,1081,1635,'Core',2,'2((2)-0-4)',1,NULL),(4256,1081,1491,'Core',3,'3((3)-0-6)',2,NULL),(4257,1081,1636,'Core',3,'3((3)-0-6)',3,NULL),(4258,1081,1637,'Core',3,'3((3)-0-6)',4,NULL),(4259,1081,1634,'GE',2,'2((2)-0-4)',5,NULL),(4260,1081,1638,'Core',2,'2((2)-0-4)',6,NULL),(4261,1081,1639,'GE',2,'2((2)-0-4)',7,NULL),(4262,1082,1640,'Core',1,'1((1)-0-2)',1,NULL),(4263,1082,1641,'Core',3,'3((2)-2-5)',2,NULL),(4264,1082,1642,'Core',2,'2((1)-2-3)',3,NULL),(4265,1082,1643,'Core',1,'1((1)-0-2)',4,NULL),(4266,1082,1678,'Core',3,'3((3)-0-6)',5,NULL),(4267,1082,1645,'GE',2,'2((2)-0-4)',6,NULL),(4268,1082,1679,'Elective',3,NULL,7,NULL),(4269,1082,1647,'GE',1,'1((1)-0-2)',8,NULL),(4270,1083,1680,'Core',3,'3((3)-0-6)',1,NULL),(4271,1083,1649,'GE',2,'2((2)-0-4)',2,NULL),(4272,1083,1647,'GE',1,'1((1)-0-2)',3,NULL),(4273,1083,1639,'GE',2,'2((2)-0-4)',4,NULL),(4274,1083,1672,'Elective',3,NULL,5,NULL),(4275,1083,1496,'Core',7,'7((3)-8-10)',6,NULL),(4276,1084,1681,'Core',3,'3((2)-2-5)',1,NULL),(4277,1084,1682,'Core',3,'3((3)-0-6)',2,NULL),(4278,1084,1683,'Core',3,'3((2)-2-5)',3,NULL),(4279,1084,1652,'Core',3,'3((3)-0-6)',4,NULL),(4280,1084,1653,'GE',2,'2((2)-0-4)',5,NULL),(4281,1084,1639,'GE',2,'2((2)-0-4)',6,NULL),(4282,1085,1655,'Core',3,'3((2)-2-5)',1,NULL),(4283,1085,1684,'Core',3,'3((3)-0-6)',2,NULL),(4284,1085,1685,'Core',3,'3((2)-2-5)',3,NULL),(4285,1085,1686,'Core',3,'3((2)-2-5)',4,NULL),(4286,1085,1650,'Elective',3,NULL,5,NULL),(4287,1085,1679,'Elective',3,NULL,6,NULL),(4288,1086,1687,'Core',3,'320 ชั่วโมง',1,NULL),(4289,1087,1688,'Core',3,'3((1)-4-4)',1,NULL),(4290,1087,1689,'Core',3,'3((1)-4-4)',2,NULL),(4291,1087,1679,'Elective',3,NULL,3,NULL),(4292,1088,1661,'Core',3,'3((2)-2-5)',1,NULL),(4293,1088,1672,'Elective',3,NULL,2,NULL),(4294,1088,1679,'Elective',3,NULL,3,NULL),(4295,1089,1628,'Core',2,'2((2)-0-4)',1,NULL),(4296,1089,1629,'Core',1,'1((1)-0-2)',2,NULL),(4297,1089,1630,'Core',3,'3((3)-0-6)',3,NULL),(4298,1089,1631,'Core',3,'3((3)-0-6)',4,NULL),(4299,1089,1632,'Core',3,'3((3)-0-6)',5,NULL),(4300,1089,1633,'Core',3,'3((3)-0-6)',6,NULL),(4301,1089,1634,'GE',2,'2((2)-0-4)',7,NULL),(4302,1090,1635,'Core',2,'2((2)-0-4)',1,NULL),(4303,1090,1491,'Core',3,'3((3)-0-6)',2,NULL),(4304,1090,1636,'Core',3,'3((3)-0-6)',3,NULL),(4305,1090,1637,'Core',3,'3((3)-0-6)',4,NULL),(4306,1090,1634,'GE',2,'2((2)-0-4)',5,NULL),(4307,1090,1638,'Core',2,'2((2)-0-4)',6,NULL),(4308,1090,1639,'GE',2,'2((2)-0-4)',7,NULL),(4309,1091,1640,'Core',1,'1((1)-0-2)',1,NULL),(4310,1091,1641,'Core',3,'3((2)-2-5)',2,NULL),(4311,1091,1642,'Core',2,'2((1)-2-3)',3,NULL),(4312,1091,1643,'Core',1,'1((1)-0-2)',4,NULL),(4313,1091,1678,'Core',3,'3((3)-0-6)',5,NULL),(4314,1091,1645,'GE',2,'2((2)-0-4)',6,NULL),(4315,1091,1679,'Elective',3,NULL,7,NULL),(4316,1091,1647,'GE',1,'1((1)-0-2)',8,NULL),(4317,1092,1680,'Core',3,'3((3)-0-6)',1,NULL),(4318,1092,1649,'GE',2,'2((2)-0-4)',2,NULL),(4319,1092,1647,'GE',1,'1((1)-0-2)',3,NULL),(4320,1092,1639,'GE',2,'2((2)-0-4)',4,NULL),(4321,1092,1672,'Elective',3,NULL,5,NULL),(4322,1092,1496,'Core',7,'7((3)-8-10)',6,NULL),(4323,1093,1681,'Core',3,'3((2)-2-5)',1,NULL),(4324,1093,1682,'Core',3,'3((3)-0-6)',2,NULL),(4325,1093,1683,'Core',3,'3((2)-2-5)',3,NULL),(4326,1093,1652,'Core',3,'3((3)-0-6)',4,NULL),(4327,1093,1653,'GE',2,'2((2)-0-4)',5,NULL),(4328,1093,1639,'GE',2,'2((2)-0-4)',6,NULL),(4329,1094,1655,'Core',3,'3((2)-2-5)',1,NULL),(4330,1094,1684,'Core',3,'3((3)-0-6)',2,NULL),(4331,1094,1685,'Core',3,'3((2)-2-5)',3,NULL),(4332,1094,1686,'Core',3,'3((2)-2-5)',4,NULL),(4333,1094,1650,'Elective',3,NULL,5,NULL),(4334,1094,1679,'Elective',3,NULL,6,NULL),(4335,1095,1661,'Core',3,'3((2)-2-5)',1,NULL),(4336,1095,1662,'Core',1,'1((0)-2-1)',2,NULL),(4337,1095,1688,'Core',3,'3((1)-4-4)',3,NULL),(4338,1095,1689,'Core',3,'3((1)-4-4)',4,NULL),(4339,1095,1679,'Elective',3,NULL,5,NULL),(4340,1096,1690,'Core',8,'8((0)-48-0)',1,NULL),(4341,1097,1628,'Core',2,'2((2)-0-4)',1,NULL),(4342,1097,1629,'Core',1,'1((1)-0-2)',2,NULL),(4343,1097,1630,'Core',3,'3((3)-0-6)',3,NULL),(4344,1097,1631,'Core',3,'3((3)-0-6)',4,NULL),(4345,1097,1632,'Core',3,'3((3)-0-6)',5,NULL),(4346,1097,1633,'Core',3,'3((3)-0-6)',6,NULL),(4347,1097,1634,'GE',2,'2((2)-0-4)',7,NULL),(4348,1098,1635,'Core',2,'2((2)-0-4)',1,NULL),(4349,1098,1491,'Core',3,'3((3)-0-6)',2,NULL),(4350,1098,1636,'Core',3,'3((3)-0-6)',3,NULL),(4351,1098,1637,'Core',3,'3((3)-0-6)',4,NULL),(4352,1098,1634,'GE',2,'2((2)-0-4)',5,NULL),(4353,1098,1638,'Core',2,'2((2)-0-4)',6,NULL),(4354,1098,1639,'GE',2,'2((2)-0-4)',7,NULL),(4355,1099,1640,'Core',1,'1((1)-0-2)',1,NULL),(4356,1099,1641,'Core',3,'3((2)-2-5)',2,NULL),(4357,1099,1642,'Core',2,'2((1)-2-3)',3,NULL),(4358,1099,1643,'Core',1,'1((1)-0-2)',4,NULL),(4359,1099,1691,'Core',3,'3((3)-0-6)',5,NULL),(4360,1099,1645,'GE',2,'2((2)-0-4)',6,NULL),(4361,1099,1639,'GE',2,'2((2)-0-4)',7,NULL),(4362,1099,1646,'Elective',3,NULL,8,NULL),(4363,1099,1647,'GE',1,'1((1)-0-2)',9,NULL),(4364,1100,1692,'Core',3,'3((3)-0-6)',1,NULL),(4365,1100,1693,'Core',3,'3((2)-2-5)',2,NULL),(4366,1100,1649,'GE',2,'2((2)-0-4)',3,NULL),(4367,1100,1647,'GE',1,'1((1)-0-2)',4,NULL),(4368,1100,1694,'Elective',3,NULL,5,NULL),(4369,1100,1496,'Core',7,'7((3)-8-10)',6,NULL),(4370,1101,1695,'Core',3,'3((2)-2-5)',1,NULL),(4371,1101,1696,'Core',3,'3((3)-0-6)',2,NULL),(4372,1101,1652,'Core',3,'3((3)-0-6)',3,NULL),(4373,1101,1653,'GE',2,'2((2)-0-4)',4,NULL),(4374,1101,1639,'GE',2,'2((2)-0-4)',5,NULL),(4375,1101,1694,'Elective',3,NULL,6,NULL),(4376,1102,1655,'Core',3,'3((2)-2-5)',1,NULL),(4377,1102,1697,'Core',3,'3((3)-0-6)',2,NULL),(4378,1102,1698,'Core',3,'3((2)-2-5)',3,NULL),(4379,1102,1699,'Core',3,'3((2)-2-5)',4,NULL),(4380,1102,1694,'Elective',3,NULL,5,NULL),(4381,1102,1646,'Elective',3,NULL,6,NULL),(4382,1103,1700,'Core',3,'320 ชั่วโมง',1,NULL),(4383,1104,1701,'Core',3,'3((2)-2-5)',1,NULL),(4384,1104,1702,'Core',3,'3((2)-2-5)',2,NULL),(4385,1104,1694,'Elective',3,NULL,3,NULL),(4386,1105,1661,'Core',3,'3((2)-2-5)',1,NULL),(4387,1105,1703,'Core',3,'3((0)-9-0)',2,NULL),(4388,1105,1694,'Elective',3,NULL,3,NULL),(4389,1106,1628,'Core',2,'2((2)-0-4)',1,NULL),(4390,1106,1629,'Core',1,'1((1)-0-2)',2,NULL),(4391,1106,1630,'Core',3,'3((3)-0-6)',3,NULL),(4392,1106,1631,'Core',3,'3((3)-0-6)',4,NULL),(4393,1106,1632,'Core',3,'3((3)-0-6)',5,NULL),(4394,1106,1633,'Core',3,'3((3)-0-6)',6,NULL),(4395,1106,1634,'GE',2,'2((2)-0-4)',7,NULL),(4396,1107,1635,'Core',2,'2((2)-0-4)',1,NULL),(4397,1107,1491,'Core',3,'3((3)-0-6)',2,NULL),(4398,1107,1636,'Core',3,'3((3)-0-6)',3,NULL),(4399,1107,1637,'Core',3,'3((3)-0-6)',4,NULL),(4400,1107,1634,'GE',2,'2((2)-0-4)',5,NULL),(4401,1107,1638,'Core',2,'2((2)-0-4)',6,NULL),(4402,1107,1639,'GE',2,'2((2)-0-4)',7,NULL),(4403,1108,1640,'Core',1,'1((1)-0-2)',1,NULL),(4404,1108,1641,'Core',3,'3((2)-2-5)',2,NULL),(4405,1108,1642,'Core',2,'2((1)-2-3)',3,NULL),(4406,1108,1643,'Core',1,'1((1)-0-2)',4,NULL),(4407,1108,1691,'Core',3,'3((3)-0-6)',5,NULL),(4408,1108,1645,'GE',2,'2((2)-0-4)',6,NULL),(4409,1108,1639,'GE',2,'2((2)-0-4)',7,NULL),(4410,1108,1646,'Elective',3,NULL,8,NULL),(4411,1108,1647,'GE',1,'1((1)-0-2)',9,NULL),(4412,1109,1692,'Core',3,'3((3)-0-6)',1,NULL),(4413,1109,1693,'Core',3,'3((2)-2-5)',2,NULL),(4414,1109,1649,'GE',2,'2((2)-0-4)',3,NULL),(4415,1109,1647,'GE',1,'1((1)-0-2)',4,NULL),(4416,1109,1694,'Elective',3,NULL,5,NULL),(4417,1109,1496,'Core',7,'7((3)-8-10)',6,NULL),(4418,1110,1695,'Core',3,'3((2)-2-5)',1,NULL),(4419,1110,1696,'Core',3,'3((3)-0-6)',2,NULL),(4420,1110,1652,'Core',3,'3((3)-0-6)',3,NULL),(4421,1110,1653,'GE',2,'2((2)-0-4)',4,NULL),(4422,1110,1639,'GE',2,'2((2)-0-4)',5,NULL),(4423,1110,1694,'Elective',3,NULL,6,NULL),(4424,1111,1655,'Core',3,'3((2)-2-5)',1,NULL),(4425,1111,1697,'Core',3,'3((3)-0-6)',2,NULL),(4426,1111,1698,'Core',3,'3((2)-2-5)',3,NULL),(4427,1111,1699,'Core',3,'3((2)-2-5)',4,NULL),(4428,1111,1694,'Elective',3,NULL,5,NULL),(4429,1111,1646,'Elective',3,NULL,6,NULL),(4430,1112,1661,'Core',3,'3((2)-2-5)',1,NULL),(4431,1112,1662,'Core',1,'1((0)-2-1)',2,NULL),(4432,1112,1701,'Core',3,'3((2)-2-5)',3,NULL),(4433,1112,1702,'Core',3,'3((2)-2-5)',4,NULL),(4434,1112,1694,'Elective',3,NULL,5,NULL),(4435,1113,1704,'Core',8,'8((0)-48-0)',1,NULL),(4436,1114,1630,'Core',3,'3((3)-0-6)',1,NULL),(4437,1114,1631,'Core',3,'3((3)-0-6)',2,NULL),(4438,1114,1705,'Core',3,'3((3)-0-6)',3,NULL),(4439,1114,1632,'Core',3,'3((3)-0-6)',4,NULL),(4440,1114,1633,'Core',3,'3((3)-0-6)',5,NULL),(4441,1114,1647,'GE',1,'1((1)-0-2)',6,NULL),(4442,1114,1634,'GE',2,'2((2)-0-4)',7,NULL),(4443,1115,1635,'Core',2,'2((2)-0-4)',1,NULL),(4444,1115,1491,'Core',3,'3((3)-0-6)',2,NULL),(4445,1115,1636,'Core',3,'3((3)-0-6)',3,NULL),(4446,1115,1637,'Core',3,'3((3)-0-6)',4,NULL),(4447,1115,1706,'Core',3,'3((2)-2-5)',5,NULL),(4448,1115,1634,'GE',2,'2((2)-0-4)',6,NULL),(4449,1115,1638,'Core',2,'2((2)-0-4)',7,NULL),(4450,1116,1628,'Core',2,'2((2)-0-4)',1,NULL),(4451,1116,1640,'Core',1,'1((1)-0-2)',2,NULL),(4452,1116,1641,'Core',3,'3((2)-2-5)',3,NULL),(4453,1116,1629,'Core',1,'1((1)-0-2)',4,NULL),(4454,1116,1642,'Core',2,'2((1)-2-3)',5,NULL),(4455,1116,1643,'Core',1,'1((1)-0-2)',6,NULL),(4456,1116,1707,'Core',3,'3((2)-2-5)',7,NULL),(4457,1116,1645,'GE',2,'2((2)-0-4)',8,NULL),(4458,1116,1639,'GE',2,'2((2)-0-4)',9,NULL),(4459,1117,1708,'Core',3,'3((2)-2-5)',1,NULL),(4460,1117,1709,'Core',3,'3((2)-2-5)',2,NULL),(4461,1117,1649,'GE',2,'2((2)-0-4)',3,NULL),(4462,1117,1647,'GE',1,'1((1)-0-2)',4,NULL),(4463,1117,1639,'GE',2,'2((2)-0-4)',5,NULL),(4464,1117,1496,'Core',7,'7((3)-8-10)',6,NULL),(4465,1118,1710,'Core',3,'3((2)-2-5)',1,NULL),(4466,1118,1711,'Core',3,'3((2)-2-5)',2,NULL),(4467,1118,1652,'Core',3,'3((3)-0-6)',3,NULL),(4468,1118,1653,'GE',2,'2((2)-0-4)',4,NULL),(4469,1118,1639,'GE',2,'2((2)-0-4)',5,NULL),(4470,1118,1672,'Elective',3,NULL,6,NULL),(4471,1119,1655,'Core',3,'3((2)-2-5)',1,NULL),(4472,1119,1712,'Core',3,'3((2)-2-5)',2,NULL),(4473,1119,1694,'Elective',3,NULL,3,NULL),(4474,1119,1672,'Elective',3,NULL,4,NULL),(4475,1120,1713,'Core',3,'320 ชั่วโมง',1,NULL),(4476,1121,1714,'Core',3,'3((1)-4-4)',1,NULL),(4477,1121,1715,'Core',3,'3((0)-9-0)',2,NULL),(4478,1121,1694,'Elective',3,NULL,3,NULL),(4479,1121,1646,'Elective',3,NULL,4,NULL),(4480,1122,1661,'Core',3,'3((2)-2-5)',1,NULL),(4481,1122,1716,'Core',3,'3((0)-9-0)',2,NULL),(4482,1122,1694,'Elective',3,NULL,3,NULL),(4483,1122,1646,'Elective',3,NULL,4,NULL),(4484,1123,1630,'Core',3,'3((3)-0-6)',1,NULL),(4485,1123,1631,'Core',3,'3((3)-0-6)',2,NULL),(4486,1123,1705,'Core',3,'3((3)-0-6)',3,NULL),(4487,1123,1632,'Core',3,'3((3)-0-6)',4,NULL),(4488,1123,1633,'Core',3,'3((3)-0-6)',5,NULL),(4489,1123,1647,'GE',1,'1((1)-0-2)',6,NULL),(4490,1123,1634,'GE',2,'2((2)-0-4)',7,NULL),(4491,1124,1635,'Core',2,'2((2)-0-4)',1,NULL),(4492,1124,1491,'Core',3,'3((3)-0-6)',2,NULL),(4493,1124,1636,'Core',3,'3((3)-0-6)',3,NULL),(4494,1124,1637,'Core',3,'3((3)-0-6)',4,NULL),(4495,1124,1706,'Core',3,'3((2)-2-5)',5,NULL),(4496,1124,1634,'GE',2,'2((2)-0-4)',6,NULL),(4497,1124,1638,'Core',2,'2((2)-0-4)',7,NULL),(4498,1125,1628,'Core',2,'2((2)-0-4)',1,NULL),(4499,1125,1640,'Core',1,'1((1)-0-2)',2,NULL),(4500,1125,1641,'Core',3,'3((2)-2-5)',3,NULL),(4501,1125,1629,'Core',1,'1((1)-0-2)',4,NULL),(4502,1125,1642,'Core',2,'2((1)-2-3)',5,NULL),(4503,1125,1643,'Core',1,'1((1)-0-2)',6,NULL),(4504,1125,1707,'Core',3,'3((2)-2-5)',7,NULL),(4505,1125,1645,'GE',2,'2((2)-0-4)',8,NULL),(4506,1125,1639,'GE',2,'2((2)-0-4)',9,NULL),(4507,1126,1708,'Core',3,'3((2)-2-5)',1,NULL),(4508,1126,1709,'Core',3,'3((2)-2-5)',2,NULL),(4509,1126,1649,'GE',2,'2((2)-0-4)',3,NULL),(4510,1126,1647,'GE',1,'1((1)-0-2)',4,NULL),(4511,1126,1639,'GE',2,'2((2)-0-4)',5,NULL),(4512,1126,1496,'Core',7,'7((3)-8-10)',6,NULL),(4513,1127,1710,'Core',3,'3((2)-2-5)',1,NULL),(4514,1127,1711,'Core',3,'3((2)-2-5)',2,NULL),(4515,1127,1652,'Core',3,'3((3)-0-6)',3,NULL),(4516,1127,1653,'GE',2,'2((2)-0-4)',4,NULL),(4517,1127,1639,'GE',2,'2((2)-0-4)',5,NULL),(4518,1127,1694,'Elective',3,NULL,6,NULL),(4519,1127,1672,'Elective',3,NULL,7,NULL),(4520,1128,1655,'Core',3,'3((2)-2-5)',1,NULL),(4521,1128,1712,'Core',3,'3((2)-2-5)',2,NULL),(4522,1128,1694,'Elective',3,NULL,3,NULL),(4523,1128,1672,'Elective',3,NULL,4,NULL),(4524,1128,1646,'Elective',3,NULL,5,NULL),(4525,1129,1661,'Core',3,'3((2)-2-5)',1,NULL),(4526,1129,1662,'Core',1,'1((0)-2-1)',2,NULL),(4527,1129,1714,'Core',3,'3((1)-4-4)',3,NULL),(4528,1129,1715,'Core',3,'3((0)-9-0)',4,NULL),(4529,1129,1694,'Elective',3,NULL,5,NULL),(4530,1130,1717,'Core',8,'8((0)-48-0)',1,NULL),(4531,1131,1628,'Core',2,'2((2)-0-4)',1,NULL),(4532,1131,1629,'Core',1,'1((1)-0-2)',2,NULL),(4533,1131,1630,'Core',3,'3((3)-0-6)',3,NULL),(4534,1131,1631,'Core',3,'3((3)-0-6)',4,NULL),(4535,1131,1632,'Core',3,'3((3)-0-6)',5,NULL),(4536,1131,1633,'Core',3,'3((3)-0-6)',6,NULL),(4537,1131,1634,'GE',2,'2((2)-0-4)',7,NULL),(4538,1132,1635,'Core',2,'2((2)-0-4)',1,NULL),(4539,1132,1491,'Core',3,'3((3)-0-6)',2,NULL),(4540,1132,1636,'Core',3,'3((3)-0-6)',3,NULL),(4541,1132,1637,'Core',3,'3((3)-0-6)',4,NULL),(4542,1132,1634,'GE',2,'2((2)-0-4)',5,NULL),(4543,1132,1638,'Core',2,'2((2)-0-4)',6,NULL),(4544,1132,1639,'GE',2,'2((2)-0-4)',7,NULL),(4545,1133,1640,'Core',1,'1((1)-0-2)',1,NULL),(4546,1133,1641,'Core',3,'3((2)-2-5)',2,NULL),(4547,1133,1642,'Core',2,'2((1)-2-3)',3,NULL),(4548,1133,1643,'Core',1,'1((1)-0-2)',4,NULL),(4549,1133,1718,'Core',3,'3((3)-0-6)',5,NULL),(4550,1133,1719,'Core',3,'3((2)-2-5)',6,NULL),(4551,1133,1645,'GE',2,'2((2)-0-4)',7,NULL),(4552,1133,1647,'GE',1,'1((1)-0-2)',8,NULL),(4553,1133,1639,'GE',2,'2((2)-0-4)',9,NULL),(4554,1134,1720,'Core',3,'3((2)-2-5)',1,NULL),(4555,1134,1649,'GE',2,'2((2)-0-4)',2,NULL),(4556,1134,1647,'GE',1,'1((1)-0-2)',3,NULL),(4557,1134,1639,'GE',2,'2((2)-0-4)',4,NULL),(4558,1134,1721,'Elective',3,NULL,5,NULL),(4559,1134,1496,'Core',7,'7((3)-8-10)',6,NULL),(4560,1135,1722,'Core',3,'3((2)-2-5)',1,NULL),(4561,1135,1723,'Core',3,'3((2)-2-5)',2,NULL),(4562,1135,1724,'Core',3,'3((2)-2-5)',3,NULL),(4563,1135,1652,'Core',3,'3((3)-0-6)',4,NULL),(4564,1135,1653,'GE',2,'2((2)-0-4)',5,NULL),(4565,1135,1721,'Elective',3,NULL,6,NULL),(4566,1136,1655,'Core',3,'3((2)-2-5)',1,NULL),(4567,1136,1725,'Core',3,'3((2)-2-5)',2,NULL),(4568,1136,1726,'Core',3,'3((2)-2-5)',3,NULL),(4569,1136,1727,'Core',3,'3((1)-4-4)',4,NULL),(4570,1136,1721,'Elective',3,NULL,5,NULL),(4571,1137,1728,'Core',3,'320 ชั่วโมง',1,NULL),(4572,1138,1729,'Core',3,'3((1)-4-4)',1,NULL),(4573,1138,1721,'Elective',3,NULL,2,NULL),(4574,1138,1646,'Elective',3,NULL,3,NULL),(4575,1139,1661,'Core',3,'3((2)-2-5)',1,NULL),(4576,1139,1721,'Elective',3,NULL,2,NULL),(4577,1139,1646,'Elective',3,NULL,3,NULL),(4578,1140,1628,'Core',2,'2((2)-0-4)',1,NULL),(4579,1140,1629,'Core',1,'1((1)-0-2)',2,NULL),(4580,1140,1630,'Core',3,'3((3)-0-6)',3,NULL),(4581,1140,1631,'Core',3,'3((3)-0-6)',4,NULL),(4582,1140,1632,'Core',3,'3((3)-0-6)',5,NULL),(4583,1140,1633,'Core',3,'3((3)-0-6)',6,NULL),(4584,1140,1634,'GE',2,'2((2)-0-4)',7,NULL),(4585,1141,1635,'Core',2,'2((2)-0-4)',1,NULL),(4586,1141,1491,'Core',3,'3((3)-0-6)',2,NULL),(4587,1141,1636,'Core',3,'3((3)-0-6)',3,NULL),(4588,1141,1637,'Core',3,'3((3)-0-6)',4,NULL),(4589,1141,1634,'GE',2,'2((2)-0-4)',5,NULL),(4590,1141,1638,'Core',2,'2((2)-0-4)',6,NULL),(4591,1141,1639,'GE',2,'2((2)-0-4)',7,NULL),(4592,1142,1640,'Core',1,'1((1)-0-2)',1,NULL),(4593,1142,1641,'Core',3,'3((2)-2-5)',2,NULL),(4594,1142,1642,'Core',2,'2((1)-2-3)',3,NULL),(4595,1142,1643,'Core',1,'1((1)-0-2)',4,NULL),(4596,1142,1718,'Core',3,'3((3)-0-6)',5,NULL),(4597,1142,1719,'Core',3,'3((2)-2-5)',6,NULL),(4598,1142,1645,'GE',2,'2((2)-0-4)',7,NULL),(4599,1142,1647,'GE',1,'1((1)-0-2)',8,NULL),(4600,1142,1639,'GE',2,'2((2)-0-4)',9,NULL),(4601,1143,1720,'Core',3,'3((2)-2-5)',1,NULL),(4602,1143,1649,'GE',2,'2((2)-0-4)',2,NULL),(4603,1143,1647,'GE',1,'1((1)-0-2)',3,NULL),(4604,1143,1639,'GE',2,'2((2)-0-4)',4,NULL),(4605,1143,1721,'Elective',3,NULL,5,NULL),(4606,1143,1496,'Core',7,'7((3)-8-10)',6,NULL),(4607,1144,1722,'Core',3,'3((2)-2-5)',1,NULL),(4608,1144,1723,'Core',3,'3((2)-2-5)',2,NULL),(4609,1144,1724,'Core',3,'3((2)-2-5)',3,NULL),(4610,1144,1652,'Core',3,'3((3)-0-6)',4,NULL),(4611,1144,1653,'GE',2,'2((2)-0-4)',5,NULL),(4612,1144,1721,'Elective',3,NULL,6,NULL),(4613,1145,1655,'Core',3,'3((2)-2-5)',1,NULL),(4614,1145,1725,'Core',3,'3((2)-2-5)',2,NULL),(4615,1145,1726,'Core',3,'3((2)-2-5)',3,NULL),(4616,1145,1727,'Core',3,'3((1)-4-4)',4,NULL),(4617,1145,1721,'Elective',3,NULL,5,NULL),(4618,1145,1646,'Elective',3,NULL,6,NULL),(4619,1146,1661,'Core',3,'3((2)-2-5)',1,NULL),(4620,1146,1662,'Core',1,'1((0)-2-1)',2,NULL),(4621,1146,1729,'Core',3,'3((1)-4-4)',3,NULL),(4622,1146,1721,'Elective',3,NULL,4,NULL),(4623,1146,1646,'Elective',3,NULL,5,NULL),(4624,1147,1730,'Core',8,'8((0)-48-0)',1,NULL),(4625,1148,1630,'Core',3,'3((3)-0-6)',1,NULL),(4626,1148,1623,'Core',3,'3((3)-0-6)',2,'หลักการจัดการและจิตวิทยา'),(4627,1148,1631,'Core',3,'3((3)-0-6)',3,NULL),(4628,1148,1705,'Core',3,'3((3)-0-6)',4,NULL),(4629,1148,1593,'Core',3,'3((3)-0-6)',5,NULL),(4630,1148,1614,'GE',2,NULL,6,NULL),(4631,1148,1615,'GE',2,NULL,7,NULL),(4632,1149,1636,'Core',3,'3((3)-0-6)',1,NULL),(4633,1149,1637,'Core',3,'3((3)-0-6)',2,NULL),(4634,1149,1494,'Core',3,'3((3)-0-6)',3,NULL),(4635,1149,1706,'Core',3,'3((2)-2-5)',4,NULL),(4636,1149,1614,'GE',2,NULL,5,NULL),(4637,1149,1616,'GE',2,NULL,6,NULL),(4638,1149,1617,'GE',2,NULL,7,NULL),(4639,1150,1642,'Core',2,'2((1)-2-3)',1,NULL),(4640,1150,1707,'Core',3,'3((2)-2-5)',2,NULL),(4641,1150,1708,'Core',3,'3((2)-2-5)',3,NULL),(4642,1150,1618,'GE',2,NULL,4,NULL),(4643,1150,1619,'GE',2,NULL,5,NULL),(4644,1150,1603,'Elective',3,NULL,6,NULL),(4645,1151,1624,'Core',3,'3((2)-2-5)',1,'ธุรกิจอัจฉริยะและการวิเคราะห์ข้อมูลเชิงธุรกิจ'),(4646,1151,1709,'Core',3,'3((2)-2-5)',2,NULL),(4647,1151,1568,'Core',3,'3((2)-2-5)',3,NULL),(4648,1151,1620,'GE',2,NULL,4,NULL),(4649,1151,1621,'GE',2,NULL,5,NULL),(4650,1151,1603,'Elective',3,NULL,6,NULL),(4651,1152,1655,'Core',3,'3((3)-0-6)',1,NULL),(4652,1152,1498,'Core',3,'3((2)-2-5)',2,NULL),(4653,1152,1710,'Core',3,'3((2)-2-5)',3,NULL),(4654,1152,1711,'Core',3,'3((2)-2-5)',4,NULL),(4655,1152,1622,'GE',2,NULL,5,NULL),(4656,1152,1604,'Elective',3,NULL,6,NULL),(4657,1153,1499,'Core',4,'4((3)-2-7)',1,NULL),(4658,1153,1656,'Core',3,'3((3)-0-6)',2,NULL),(4659,1153,1712,'Core',3,'3((2)-2-5)',3,NULL),(4660,1153,1604,'Elective',3,NULL,4,NULL),(4661,1153,1605,'Elective',3,NULL,5,NULL),(4662,1154,1713,'Core',3,'320 ชั่วโมง',1,NULL),(4663,1155,1714,'Core',1,'1((1)-0-2)',1,NULL),(4664,1155,1715,'Core',2,'2((0)-6-0)',2,NULL),(4665,1155,1622,'GE',2,NULL,3,NULL),(4666,1155,1605,'Elective',3,NULL,4,NULL),(4667,1156,1661,'Core',3,'3((2)-2-5)',1,NULL),(4668,1156,1716,'Core',3,'3((0)-9-0)',2,NULL),(4669,1156,1605,'Elective',3,NULL,3,NULL),(4670,1157,1630,'Core',3,'3((3)-0-6)',1,NULL),(4671,1157,1623,'Core',3,'3((3)-0-6)',2,'หลักการจัดการและจิตวิทยา'),(4672,1157,1631,'Core',3,'3((3)-0-6)',3,NULL),(4673,1157,1705,'Core',3,'3((3)-0-6)',4,NULL),(4674,1157,1593,'Core',3,'3((3)-0-6)',5,NULL),(4675,1157,1614,'GE',2,NULL,6,NULL),(4676,1157,1615,'GE',2,NULL,7,NULL),(4677,1158,1636,'Core',3,'3((3)-0-6)',1,NULL),(4678,1158,1637,'Core',3,'3((3)-0-6)',2,NULL),(4679,1158,1494,'Core',3,'3((3)-0-6)',3,NULL),(4680,1158,1706,'Core',3,'3((2)-2-5)',4,NULL),(4681,1158,1614,'GE',2,NULL,5,NULL),(4682,1158,1616,'GE',2,NULL,6,NULL),(4683,1158,1617,'GE',2,NULL,7,NULL),(4684,1159,1642,'Core',2,'2((1)-2-3)',1,NULL),(4685,1159,1707,'Core',3,'3((2)-2-5)',2,NULL),(4686,1159,1708,'Core',3,'3((2)-2-5)',3,NULL),(4687,1159,1618,'GE',2,NULL,4,NULL),(4688,1159,1619,'GE',2,NULL,5,NULL),(4689,1159,1603,'Elective',3,NULL,6,NULL),(4690,1160,1624,'Core',3,'3((2)-2-5)',1,'ธุรกิจอัจฉริยะและการวิเคราะห์ข้อมูลเชิงธุรกิจ'),(4691,1160,1709,'Core',3,'3((2)-2-5)',2,NULL),(4692,1160,1568,'Core',3,'3((2)-2-5)',3,NULL),(4693,1160,1620,'GE',2,NULL,4,NULL),(4694,1160,1621,'GE',2,NULL,5,NULL),(4695,1160,1603,'Elective',3,NULL,6,NULL),(4696,1161,1655,'Core',3,'3((3)-0-6)',1,NULL),(4697,1161,1498,'Core',3,'3((2)-2-5)',2,NULL),(4698,1161,1710,'Core',3,'3((2)-2-5)',3,NULL),(4699,1161,1711,'Core',3,'3((2)-2-5)',4,NULL),(4700,1161,1622,'GE',2,NULL,5,NULL),(4701,1161,1604,'Elective',3,NULL,6,NULL),(4702,1162,1499,'Core',4,'4((3)-2-7)',1,NULL),(4703,1162,1656,'Core',3,'3((3)-0-6)',2,NULL),(4704,1162,1712,'Core',3,'3((2)-2-5)',3,NULL),(4705,1162,1605,'Elective',3,NULL,4,NULL),(4706,1163,1661,'Core',3,'3((2)-2-5)',1,NULL),(4707,1163,1502,'Core',1,'30 ชั่วโมง',2,NULL),(4708,1163,1605,'Elective',3,NULL,3,NULL),(4709,1163,1622,'GE',2,NULL,4,NULL),(4710,1164,1503,'Core',6,'6((0)-36-0)',1,NULL),(4711,1165,1630,'Core',3,'3((3)-0-6)',1,NULL),(4712,1165,1623,'Core',3,'3((3)-0-6)',2,'หลักการจัดการและจิตวิทยา'),(4713,1165,1631,'Core',3,'3((3)-0-6)',3,NULL),(4714,1165,1593,'Core',3,'3((3)-0-6)',4,NULL),(4715,1165,1614,'GE',2,NULL,5,NULL),(4716,1165,1615,'GE',2,NULL,6,NULL),(4717,1166,1636,'Core',3,'3((3)-0-6)',1,NULL),(4718,1166,1637,'Core',3,'3((3)-0-6)',2,NULL),(4719,1166,1494,'Core',3,'3((3)-0-6)',3,NULL),(4720,1166,1614,'GE',2,NULL,4,NULL),(4721,1166,1616,'GE',2,NULL,5,NULL),(4722,1166,1617,'GE',2,NULL,6,NULL),(4723,1167,1642,'Core',2,'2((1)-2-3)',1,NULL),(4724,1167,1625,'Core',5,'5((4)-2-9)',2,'ชุดวิชาการบริหารและการวิเคราะห์การเงิน'),(4725,1167,1644,'Core',3,'3((2)-2-5)',3,NULL),(4726,1167,1618,'GE',2,NULL,4,NULL),(4727,1167,1619,'GE',2,NULL,5,NULL),(4728,1167,1603,'Elective',3,NULL,6,NULL),(4729,1167,1605,'Elective',3,NULL,7,NULL),(4730,1168,1624,'Core',3,'3((2)-2-5)',1,'ธุรกิจอัจฉริยะและการวิเคราะห์ข้อมูลเชิงธุรกิจ'),(4731,1168,1505,'Core',3,'3((3)-0-6)',2,NULL),(4732,1168,1648,'Core',3,'3((3)-0-6)',3,NULL),(4733,1168,1620,'GE',2,NULL,4,NULL),(4734,1168,1621,'GE',2,NULL,5,NULL),(4735,1168,1605,'Elective',3,NULL,6,NULL),(4736,1169,1655,'Core',3,'3((3)-0-6)',1,NULL),(4737,1169,1498,'Core',3,'3((2)-2-5)',2,NULL),(4738,1169,1654,'Core',5,'5((4)-2-9)',3,NULL),(4739,1169,1651,'Core',2,'2((1)-2-3)',4,NULL),(4740,1169,1605,'Elective',3,NULL,5,NULL),(4741,1169,1622,'GE',2,NULL,6,NULL),(4742,1170,1499,'Core',4,'4((3)-2-7)',1,NULL),(4743,1170,1656,'Core',3,'3((3)-0-6)',2,NULL),(4744,1170,1626,'Core',5,'5((4)-2-9)',3,'ชุดวิชาบริหารความเสี่ยงทางการเงินและตราสารอนุพันธ์'),(4745,1170,1657,'Core',2,'2((1)-2-3)',4,NULL),(4746,1170,1515,'Core',3,'3((2)-2-5)',5,NULL),(4747,1170,1622,'GE',2,NULL,6,NULL),(4748,1171,1658,'Core',3,'320 ชั่วโมง',1,NULL),(4749,1172,1659,'Core',3,'3((2)-2-5)',1,NULL),(4750,1172,1660,'Core',2,'2((1)-2-3)',2,NULL),(4751,1172,1622,'GE',2,NULL,3,NULL),(4752,1172,1605,'Elective',3,NULL,4,NULL),(4753,1173,1661,'Core',3,'3((2)-2-5)',1,NULL),(4754,1173,1603,'Elective',3,NULL,2,NULL),(4755,1173,1605,'Elective',3,NULL,3,NULL),(4756,1174,1630,'Core',3,'3((3)-0-6)',1,NULL),(4757,1174,1623,'Core',3,'3((3)-0-6)',2,'หลักการจัดการและจิตวิทยา'),(4758,1174,1631,'Core',3,'3((3)-0-6)',3,NULL),(4759,1174,1593,'Core',3,'3((3)-0-6)',4,NULL),(4760,1174,1614,'GE',2,NULL,5,NULL),(4761,1174,1615,'GE',2,NULL,6,NULL),(4762,1175,1636,'Core',3,'3((3)-0-6)',1,NULL),(4763,1175,1637,'Core',3,'3((3)-0-6)',2,NULL),(4764,1175,1494,'Core',3,'3((3)-0-6)',3,NULL),(4765,1175,1614,'GE',2,NULL,4,NULL),(4766,1175,1616,'GE',2,NULL,5,NULL),(4767,1175,1617,'GE',2,NULL,6,NULL),(4768,1176,1642,'Core',2,'2((1)-2-3)',1,NULL),(4769,1176,1625,'Core',5,'5((4)-2-9)',2,'ชุดวิชาการบริหารและการวิเคราะห์การเงิน'),(4770,1176,1644,'Core',3,'3((2)-2-5)',3,NULL),(4771,1176,1618,'GE',2,NULL,4,NULL),(4772,1176,1619,'GE',2,NULL,5,NULL),(4773,1176,1603,'Elective',3,NULL,6,NULL),(4774,1177,1624,'Core',3,'3((2)-2-5)',1,'ธุรกิจอัจฉริยะและการวิเคราะห์ข้อมูลเชิงธุรกิจ'),(4775,1177,1505,'Core',3,'3((3)-0-6)',2,NULL),(4776,1177,1648,'Core',3,'3((3)-0-6)',3,NULL),(4777,1177,1620,'GE',2,NULL,4,NULL),(4778,1177,1621,'GE',2,NULL,5,NULL),(4779,1177,1603,'Elective',3,NULL,6,NULL),(4780,1178,1655,'Core',3,'3((3)-0-6)',1,NULL),(4781,1178,1498,'Core',3,'3((2)-2-5)',2,NULL),(4782,1178,1654,'Core',5,'5((4)-2-9)',3,NULL),(4783,1178,1651,'Core',2,'2((1)-2-3)',4,NULL),(4784,1178,1605,'Elective',3,NULL,5,NULL),(4785,1178,1622,'GE',2,NULL,6,NULL),(4786,1179,1499,'Core',4,'4((3)-2-7)',1,NULL),(4787,1179,1656,'Core',3,'3((3)-0-6)',2,NULL),(4788,1179,1626,'Core',5,'5((4)-2-9)',3,'ชุดวิชาบริหารความเสี่ยงทางการเงินและตราสารอนุพันธ์'),(4789,1179,1657,'Core',2,'2((1)-2-3)',4,NULL),(4790,1179,1515,'Core',3,'3((2)-2-5)',5,NULL),(4791,1179,1622,'GE',2,NULL,6,NULL),(4792,1180,1661,'Core',3,'3((2)-2-5)',1,NULL),(4793,1180,1502,'Core',1,'30 ชั่วโมง',2,NULL),(4794,1180,1659,'Core',3,'3((2)-2-5)',3,NULL),(4795,1180,1660,'Core',2,'2((1)-2-3)',4,NULL),(4796,1180,1605,'Elective',3,NULL,5,NULL),(4797,1180,1622,'GE',2,NULL,6,NULL),(4798,1181,1503,'Core',6,'6((0)-36-0)',1,NULL),(4799,1182,1630,'Core',3,'3((3)-0-6)',1,NULL),(4800,1182,1623,'Core',3,'3((3)-0-6)',2,'หลักการจัดการและจิตวิทยา'),(4801,1182,1631,'Core',3,'3((3)-0-6)',3,NULL),(4802,1182,1593,'Core',3,'3((3)-0-6)',4,NULL),(4803,1182,1614,'GE',2,NULL,5,NULL),(4804,1182,1615,'GE',2,NULL,6,NULL),(4805,1183,1636,'Core',3,'3((3)-0-6)',1,NULL),(4806,1183,1637,'Core',3,'3((3)-0-6)',2,NULL),(4807,1183,1494,'Core',3,'3((3)-0-6)',3,NULL),(4808,1183,1614,'GE',2,NULL,4,NULL),(4809,1183,1616,'GE',2,NULL,5,NULL),(4810,1183,1617,'GE',2,NULL,6,NULL),(4811,1184,1642,'Core',2,'2((1)-2-3)',1,NULL),(4812,1184,1624,'Core',3,'3((2)-2-5)',2,'ธุรกิจอัจฉริยะและการวิเคราะห์ข้อมูลเชิงธุรกิจ'),(4813,1184,1678,'Core',3,'3((3)-0-6)',3,NULL),(4814,1184,1536,'Core',3,'3((2)-2-5)',4,'ภาวะผู้นําสําหรับศตวรรษที่ 21'),(4815,1184,1618,'GE',2,NULL,5,NULL),(4816,1184,1619,'GE',2,NULL,6,NULL),(4817,1184,1606,'Elective',3,NULL,7,NULL),(4818,1185,1680,'Core',3,'3((3)-0-6)',1,NULL),(4819,1185,1537,'Core',3,'3((2)-2-5)',2,NULL),(4820,1185,1538,'Core',3,'3((3)-0-6)',3,NULL),(4821,1185,1620,'GE',2,NULL,4,NULL),(4822,1185,1621,'GE',2,NULL,5,NULL),(4823,1185,1606,'Elective',3,NULL,6,NULL),(4824,1186,1655,'Core',3,'3((3)-0-6)',1,NULL),(4825,1186,1498,'Core',3,'3((2)-2-5)',2,NULL),(4826,1186,1681,'Core',3,'3((2)-2-5)',3,NULL),(4827,1186,1684,'Core',3,'3((2)-2-5)',4,NULL),(4828,1186,1622,'GE',2,NULL,5,NULL),(4829,1187,1499,'Core',4,'4((3)-2-7)',1,NULL),(4830,1187,1656,'Core',3,'3((3)-0-6)',2,NULL),(4831,1187,1682,'Core',3,'3((1)-4-4)',3,NULL),(4832,1187,1685,'Core',3,'3((3)-0-6)',4,NULL),(4833,1187,1604,'Elective',3,NULL,5,NULL),(4834,1187,1606,'Elective',3,NULL,6,NULL),(4835,1188,1687,'Core',3,'320 ชั่วโมง',1,NULL),(4836,1189,1689,'Core',3,'3((1)-4-4)',1,NULL),(4837,1189,1604,'Elective',3,NULL,2,NULL),(4838,1189,1606,'Elective',3,NULL,3,NULL),(4839,1189,1622,'GE',2,NULL,4,NULL),(4840,1190,1661,'Core',3,'3((2)-2-5)',1,NULL),(4841,1190,1604,'Elective',3,NULL,2,NULL),(4842,1190,1606,'Elective',3,NULL,3,NULL),(4843,1191,1630,'Core',3,'3((3)-0-6)',1,NULL),(4844,1191,1623,'Core',3,'3((3)-0-6)',2,'หลักการจัดการและจิตวิทยา'),(4845,1191,1631,'Core',3,'3((3)-0-6)',3,NULL),(4846,1191,1593,'Core',3,'3((3)-0-6)',4,NULL),(4847,1191,1614,'GE',2,NULL,5,NULL),(4848,1191,1615,'GE',2,NULL,6,NULL),(4849,1192,1636,'Core',3,'3((3)-0-6)',1,NULL),(4850,1192,1637,'Core',3,'3((3)-0-6)',2,NULL),(4851,1192,1494,'Core',3,'3((3)-0-6)',3,NULL),(4852,1192,1614,'GE',2,NULL,4,NULL),(4853,1192,1616,'GE',2,NULL,5,NULL),(4854,1192,1617,'GE',2,NULL,6,NULL),(4855,1193,1642,'Core',2,'2((1)-2-3)',1,NULL),(4856,1193,1624,'Core',3,'3((2)-2-5)',2,'ธุรกิจอัจฉริยะและการวิเคราะห์ข้อมูลเชิงธุรกิจ'),(4857,1193,1678,'Core',3,'3((3)-0-6)',3,NULL),(4858,1193,1536,'Core',3,'3((2)-2-5)',4,'ภาวะผู้นําสําหรับศตวรรษที่ 21'),(4859,1193,1618,'GE',2,NULL,5,NULL),(4860,1193,1619,'GE',2,NULL,6,NULL),(4861,1193,1606,'Elective',3,NULL,7,NULL),(4862,1194,1680,'Core',3,'3((3)-0-6)',1,NULL),(4863,1194,1537,'Core',3,'3((2)-2-5)',2,NULL),(4864,1194,1538,'Core',3,'3((3)-0-6)',3,NULL),(4865,1194,1620,'GE',2,NULL,4,NULL),(4866,1194,1621,'GE',2,NULL,5,NULL),(4867,1194,1606,'Elective',3,NULL,6,NULL),(4868,1195,1655,'Core',3,'3((3)-0-6)',1,NULL),(4869,1195,1498,'Core',3,'3((2)-2-5)',2,NULL),(4870,1195,1681,'Core',3,'3((2)-2-5)',3,NULL),(4871,1195,1684,'Core',3,'3((2)-2-5)',4,NULL),(4872,1195,1606,'Elective',3,NULL,5,NULL),(4873,1195,1622,'GE',2,NULL,6,NULL),(4874,1196,1499,'Core',4,'4((3)-2-7)',1,NULL),(4875,1196,1656,'Core',3,'3((3)-0-6)',2,NULL),(4876,1196,1682,'Core',3,'3((1)-4-4)',3,NULL),(4877,1196,1685,'Core',3,'3((3)-0-6)',4,NULL),(4878,1196,1604,'Elective',3,NULL,5,NULL),(4879,1196,1606,'Elective',3,NULL,6,NULL),(4880,1197,1661,'Core',3,'3((2)-2-5)',1,NULL),(4881,1197,1502,'Core',1,'30 ชั่วโมง',2,NULL),(4882,1197,1689,'Core',3,'3((1)-4-4)',3,NULL),(4883,1197,1604,'Elective',3,NULL,4,NULL),(4884,1197,1606,'Elective',3,NULL,5,NULL),(4885,1197,1622,'GE',2,NULL,6,NULL),(4886,1198,1503,'Core',6,'6((0)-36-0)',1,NULL),(4887,1199,1630,'Core',3,'3((3)-0-6)',1,NULL),(4888,1199,1623,'Core',3,'3((3)-0-6)',2,'หลักการจัดการและจิตวิทยา'),(4889,1199,1631,'Core',3,'3((3)-0-6)',3,NULL),(4890,1199,1593,'Core',3,'3((3)-0-6)',4,NULL),(4891,1199,1614,'GE',2,NULL,5,NULL),(4892,1199,1615,'GE',2,NULL,6,NULL),(4893,1200,1636,'Core',3,'3((3)-0-6)',1,NULL),(4894,1200,1637,'Core',3,'3((3)-0-6)',2,NULL),(4895,1200,1494,'Core',3,'3((3)-0-6)',3,NULL),(4896,1200,1614,'GE',2,NULL,4,NULL),(4897,1200,1616,'GE',2,NULL,5,NULL),(4898,1200,1617,'GE',2,NULL,6,NULL),(4899,1200,1622,'GE',2,NULL,7,NULL),(4900,1201,1642,'Core',2,'2((1)-2-3)',1,NULL),(4901,1201,1691,'Core',3,'3((3)-0-6)',2,NULL),(4902,1201,1692,'Core',3,'3((3)-0-6)',3,NULL),(4903,1201,1618,'GE',2,NULL,4,NULL),(4904,1201,1619,'GE',2,NULL,5,NULL),(4905,1201,1603,'Elective',3,NULL,6,NULL),(4906,1201,1622,'GE',2,NULL,7,NULL),(4907,1202,1624,'Core',3,'3((2)-2-5)',1,'ธุรกิจอัจฉริยะและการวิเคราะห์ข้อมูลเชิงธุรกิจ'),(4908,1202,1693,'Core',3,'3((3)-0-6)',2,NULL),(4909,1202,1552,'Core',3,'3((2)-2-5)',3,NULL),(4910,1202,1605,'Elective',3,NULL,4,NULL),(4911,1202,1620,'GE',2,NULL,5,NULL),(4912,1202,1621,'GE',2,NULL,6,NULL),(4913,1202,1622,'GE',2,NULL,7,NULL),(4914,1203,1655,'Core',3,'3((3)-0-6)',1,NULL),(4915,1203,1498,'Core',3,'3((2)-2-5)',2,NULL),(4916,1203,1695,'Core',3,'3((3)-0-6)',3,NULL),(4917,1203,1696,'Core',3,'3((3)-0-6)',4,NULL),(4918,1203,1697,'Core',3,'3((3)-0-6)',5,NULL),(4919,1203,1605,'Elective',3,NULL,6,NULL),(4920,1204,1499,'Core',4,'4((3)-2-7)',1,NULL),(4921,1204,1656,'Core',3,'3((3)-0-6)',2,NULL),(4922,1204,1698,'Core',3,'3((3)-0-6)',3,NULL),(4923,1204,1699,'Core',3,'3((2)-2-5)',4,NULL),(4924,1204,1605,'Elective',3,NULL,5,NULL),(4925,1205,1700,'Core',3,'320 ชั่วโมง',1,NULL),(4926,1206,1701,'Core',3,'3((3)-0-6)',1,NULL),(4927,1206,1702,'Core',3,'3((2)-2-5)',2,NULL),(4928,1206,1605,'Elective',3,NULL,3,NULL),(4929,1207,1661,'Core',3,'3((2)-2-5)',1,NULL),(4930,1207,1703,'Core',3,'3((0)-9-0)',2,NULL),(4931,1207,1605,'Elective',3,NULL,3,NULL),(4932,1207,1603,'Elective',3,NULL,4,NULL),(4933,1208,1630,'Core',3,'3((3)-0-6)',1,NULL),(4934,1208,1623,'Core',3,'3((3)-0-6)',2,'หลักการจัดการและจิตวิทยา'),(4935,1208,1631,'Core',3,'3((3)-0-6)',3,NULL),(4936,1208,1593,'Core',3,'3((3)-0-6)',4,NULL),(4937,1208,1614,'GE',2,NULL,5,NULL),(4938,1208,1615,'GE',2,NULL,6,NULL),(4939,1209,1636,'Core',3,'3((3)-0-6)',1,NULL),(4940,1209,1637,'Core',3,'3((3)-0-6)',2,NULL),(4941,1209,1494,'Core',3,'3((3)-0-6)',3,NULL),(4942,1209,1614,'GE',2,NULL,4,NULL),(4943,1209,1616,'GE',2,NULL,5,NULL),(4944,1209,1617,'GE',2,NULL,6,NULL),(4945,1209,1622,'GE',2,NULL,7,NULL),(4946,1210,1642,'Core',2,'2((1)-2-3)',1,NULL),(4947,1210,1691,'Core',3,'3((3)-0-6)',2,NULL),(4948,1210,1692,'Core',3,'3((3)-0-6)',3,NULL),(4949,1210,1618,'GE',2,NULL,4,NULL),(4950,1210,1619,'GE',2,NULL,5,NULL),(4951,1210,1603,'Elective',3,NULL,6,NULL),(4952,1210,1622,'GE',2,NULL,7,NULL),(4953,1211,1624,'Core',3,'3((2)-2-5)',1,'ธุรกิจอัจฉริยะและการวิเคราะห์ข้อมูลเชิงธุรกิจ'),(4954,1211,1693,'Core',3,'3((3)-0-6)',2,NULL),(4955,1211,1552,'Core',3,'3((2)-2-5)',3,NULL),(4956,1211,1605,'Elective',3,NULL,4,NULL),(4957,1211,1620,'GE',2,NULL,5,NULL),(4958,1211,1621,'GE',2,NULL,6,NULL),(4959,1211,1622,'GE',2,NULL,7,NULL),(4960,1212,1655,'Core',3,'3((3)-0-6)',1,NULL),(4961,1212,1498,'Core',3,'3((2)-2-5)',2,NULL),(4962,1212,1695,'Core',3,'3((3)-0-6)',3,NULL),(4963,1212,1696,'Core',3,'3((3)-0-6)',4,NULL),(4964,1212,1697,'Core',3,'3((3)-0-6)',5,NULL),(4965,1212,1605,'Elective',3,NULL,6,NULL),(4966,1213,1499,'Core',4,'4((3)-2-7)',1,NULL),(4967,1213,1656,'Core',3,'3((3)-0-6)',2,NULL),(4968,1213,1698,'Core',3,'3((3)-0-6)',3,NULL),(4969,1213,1699,'Core',3,'3((2)-2-5)',4,NULL),(4970,1213,1605,'Elective',3,NULL,5,NULL),(4971,1214,1661,'Core',3,'3((2)-2-5)',1,NULL),(4972,1214,1502,'Core',1,'30 ชั่วโมง',2,NULL),(4973,1214,1701,'Core',3,'3((3)-0-6)',3,NULL),(4974,1214,1702,'Core',3,'3((2)-2-5)',4,NULL),(4975,1214,1605,'Elective',3,NULL,5,NULL),(4976,1214,1603,'Elective',3,NULL,6,NULL),(4977,1215,1503,'Core',6,'6((0)-36-0)',1,NULL),(4978,1216,1630,'Core',3,'3((3)-0-6)',1,NULL),(4979,1216,1623,'Core',3,'3((3)-0-6)',2,'หลักการจัดการและจิตวิทยา'),(4980,1216,1631,'Core',3,'3((3)-0-6)',3,NULL),(4981,1216,1593,'Core',3,'3((3)-0-6)',4,NULL),(4982,1216,1614,'GE',2,NULL,5,NULL),(4983,1216,1615,'GE',2,NULL,6,NULL),(4984,1217,1636,'Core',3,'3((3)-0-6)',1,NULL),(4985,1217,1637,'Core',3,'3((3)-0-6)',2,NULL),(4986,1217,1494,'Core',3,'3((3)-0-6)',3,NULL),(4987,1217,1664,'Core',3,'3((2)-2-5)',4,NULL),(4988,1217,1614,'GE',2,NULL,5,NULL),(4989,1217,1616,'GE',2,NULL,6,NULL),(4990,1217,1617,'GE',2,NULL,7,NULL),(4991,1218,1642,'Core',2,'2((1)-2-3)',1,NULL),(4992,1218,1624,'Core',3,'3((2)-2-5)',2,'ธุรกิจอัจฉริยะและการวิเคราะห์ข้อมูลเชิงธุรกิจ'),(4993,1218,1665,'Core',3,'3((2)-2-5)',3,NULL),(4994,1218,1666,'Core',3,'3((2)-2-5)',4,NULL),(4995,1218,1618,'GE',2,NULL,5,NULL),(4996,1218,1619,'GE',2,NULL,6,NULL),(4997,1218,1604,'Elective',3,NULL,7,NULL),(4998,1219,1667,'Core',3,'3((2)-2-5)',1,NULL),(4999,1219,1668,'Core',3,'3((2)-2-5)',2,NULL),(5000,1219,1620,'GE',2,NULL,3,NULL),(5001,1219,1621,'GE',2,NULL,4,NULL),(5002,1219,1604,'Elective',3,NULL,5,NULL),(5003,1219,1607,'Elective',3,NULL,6,NULL),(5004,1220,1655,'Core',3,'3((3)-0-6)',1,NULL),(5005,1220,1498,'Core',3,'3((2)-2-5)',2,NULL),(5006,1220,1670,'Core',3,'3((2)-2-5)',3,NULL),(5007,1220,1671,'Core',3,'3((2)-2-5)',4,NULL),(5008,1220,1622,'GE',2,NULL,5,NULL),(5009,1220,1607,'Elective',3,NULL,6,NULL),(5010,1221,1499,'Core',4,'4((3)-2-7)',1,NULL),(5011,1221,1656,'Core',3,'3((3)-0-6)',2,NULL),(5012,1221,1673,'Core',3,'3((2)-2-5)',3,NULL),(5013,1221,1530,'Core',3,'3((2)-2-5)',4,NULL),(5014,1221,1531,'Core',3,'3((2)-2-5)',5,NULL),(5015,1221,1607,'Elective',3,NULL,6,NULL),(5016,1222,1675,'Core',3,'320 ชั่วโมง',1,NULL),(5017,1223,1607,'Elective',3,NULL,1,NULL),(5018,1223,1603,'Elective',3,NULL,2,NULL),(5019,1223,1622,'GE',2,NULL,3,NULL),(5020,1224,1661,'Core',3,'3((2)-2-5)',1,NULL),(5021,1224,1676,'Core',3,'3((2)-2-5)',2,NULL),(5022,1225,1630,'Core',3,'3((3)-0-6)',1,NULL),(5023,1225,1623,'Core',3,'3((3)-0-6)',2,'หลักการจัดการและจิตวิทยา'),(5024,1225,1631,'Core',3,'3((3)-0-6)',3,NULL),(5025,1225,1593,'Core',3,'3((3)-0-6)',4,NULL),(5026,1225,1614,'GE',2,NULL,5,NULL),(5027,1225,1615,'GE',2,NULL,6,NULL),(5028,1226,1636,'Core',3,'3((3)-0-6)',1,NULL),(5029,1226,1637,'Core',3,'3((3)-0-6)',2,NULL),(5030,1226,1494,'Core',3,'3((3)-0-6)',3,NULL),(5031,1226,1664,'Core',3,'3((2)-2-5)',4,NULL),(5032,1226,1614,'GE',2,NULL,5,NULL),(5033,1226,1616,'GE',2,NULL,6,NULL),(5034,1226,1617,'GE',2,NULL,7,NULL),(5035,1227,1642,'Core',2,'2((1)-2-3)',1,NULL),(5036,1227,1624,'Core',3,'3((2)-2-5)',2,'ธุรกิจอัจฉริยะและการวิเคราะห์ข้อมูลเชิงธุรกิจ'),(5037,1227,1665,'Core',3,'3((2)-2-5)',3,NULL),(5038,1227,1666,'Core',3,'3((2)-2-5)',4,NULL),(5039,1227,1618,'GE',2,NULL,5,NULL),(5040,1227,1619,'GE',2,NULL,6,NULL),(5041,1227,1604,'Elective',3,NULL,7,NULL),(5042,1228,1667,'Core',3,'3((2)-2-5)',1,NULL),(5043,1228,1668,'Core',3,'3((2)-2-5)',2,NULL),(5044,1228,1620,'GE',2,NULL,3,NULL),(5045,1228,1621,'GE',2,NULL,4,NULL),(5046,1228,1604,'Elective',3,NULL,5,NULL),(5047,1228,1607,'Elective',3,NULL,6,NULL),(5048,1229,1655,'Core',3,'3((3)-0-6)',1,NULL),(5049,1229,1498,'Core',3,'3((2)-2-5)',2,NULL),(5050,1229,1670,'Core',3,'3((2)-2-5)',3,NULL),(5051,1229,1671,'Core',3,'3((2)-2-5)',4,NULL),(5052,1229,1622,'GE',2,NULL,5,NULL),(5053,1229,1607,'Elective',3,NULL,6,NULL),(5054,1230,1499,'Core',4,'4((3)-2-7)',1,NULL),(5055,1230,1656,'Core',3,'3((3)-0-6)',2,NULL),(5056,1230,1673,'Core',3,'3((2)-2-5)',3,NULL),(5057,1230,1530,'Core',3,'3((2)-2-5)',4,NULL),(5058,1230,1531,'Core',3,'3((2)-2-5)',5,NULL),(5059,1230,1607,'Elective',3,NULL,6,NULL),(5060,1231,1661,'Core',3,'3((2)-2-5)',1,NULL),(5061,1231,1502,'Core',1,'30 ชั่วโมง',2,NULL),(5062,1231,1676,'Core',3,'3((2)-2-5)',3,NULL),(5063,1231,1607,'Elective',3,NULL,4,NULL),(5064,1231,1622,'GE',2,NULL,5,NULL),(5065,1232,1503,'Core',6,'6((0)-36-0)',1,NULL),(5066,1233,1630,'Core',3,'3((3)-0-6)',1,NULL),(5067,1233,1623,'Core',3,'3((3)-0-6)',2,'หลักการจัดการและจิตวิทยา'),(5068,1233,1631,'Core',3,'3((3)-0-6)',3,NULL),(5069,1233,1593,'Core',3,'3((3)-0-6)',4,NULL),(5070,1233,1614,'GE',2,NULL,5,NULL),(5071,1233,1615,'GE',2,NULL,6,NULL),(5072,1234,1636,'Core',3,'3((3)-0-6)',1,NULL),(5073,1234,1637,'Core',3,'3((3)-0-6)',2,NULL),(5074,1234,1494,'Core',3,'3((3)-0-6)',3,NULL),(5075,1234,1614,'GE',2,NULL,4,NULL),(5076,1234,1616,'GE',2,NULL,5,NULL),(5077,1234,1617,'GE',2,NULL,6,NULL),(5078,1235,1642,'Core',2,'2((1)-2-3)',1,NULL),(5079,1235,1624,'Core',3,'3((2)-2-5)',2,'ธุรกิจอัจฉริยะและการวิเคราะห์ข้อมูลเชิงธุรกิจ'),(5080,1235,1718,'Core',3,'3((3)-0-6)',3,NULL),(5081,1235,1719,'Core',3,'3((2)-2-5)',4,NULL),(5082,1235,1618,'GE',2,NULL,5,NULL),(5083,1235,1619,'GE',2,NULL,6,NULL),(5084,1235,1622,'GE',2,NULL,7,NULL),(5085,1236,1722,'Core',3,'3((2)-2-5)',1,NULL),(5086,1236,1720,'Core',3,'3((2)-2-5)',2,NULL),(5087,1236,1620,'GE',2,NULL,3,NULL),(5088,1236,1621,'GE',2,NULL,4,NULL),(5089,1236,1605,'Elective',3,NULL,5,NULL),(5090,1236,1603,'Elective',3,NULL,6,NULL),(5091,1237,1655,'Core',3,'3((3)-0-6)',1,NULL),(5092,1237,1498,'Core',3,'3((2)-2-5)',2,NULL),(5093,1237,1723,'Core',3,'3((2)-2-5)',3,NULL),(5094,1237,1724,'Core',3,'3((2)-2-5)',4,NULL),(5095,1237,1622,'GE',2,NULL,5,NULL),(5096,1237,1605,'Elective',3,NULL,6,NULL),(5097,1238,1499,'Core',4,'4((3)-2-7)',1,NULL),(5098,1238,1656,'Core',3,'3((3)-0-6)',2,NULL),(5099,1238,1581,'Core',3,'3((2)-2-5)',3,NULL),(5100,1238,1725,'Core',3,'3((2)-2-5)',4,NULL),(5101,1238,1726,'Core',3,'3((2)-2-5)',5,NULL),(5102,1238,1605,'Elective',3,NULL,6,NULL),(5103,1239,1728,'Core',3,'320 ชั่วโมง',1,NULL),(5104,1240,1729,'Core',3,'3((2)-2-5)',1,NULL),(5105,1240,1589,'Core',3,'3((2)-2-5)',2,NULL),(5106,1240,1605,'Elective',3,NULL,3,NULL),(5107,1241,1661,'Core',3,'3((2)-2-5)',1,NULL),(5108,1241,1605,'Elective',3,NULL,2,NULL),(5109,1241,1603,'Elective',3,NULL,3,NULL),(5110,1242,1630,'Core',3,'3((3)-0-6)',1,NULL),(5111,1242,1623,'Core',3,'3((3)-0-6)',2,'หลักการจัดการและจิตวิทยา'),(5112,1242,1631,'Core',3,'3((3)-0-6)',3,NULL),(5113,1242,1593,'Core',3,'3((3)-0-6)',4,NULL),(5114,1242,1614,'GE',2,NULL,5,NULL),(5115,1242,1615,'GE',2,NULL,6,NULL),(5116,1243,1636,'Core',3,'3((3)-0-6)',1,NULL),(5117,1243,1637,'Core',3,'3((3)-0-6)',2,NULL),(5118,1243,1494,'Core',3,'3((3)-0-6)',3,NULL),(5119,1243,1614,'GE',2,NULL,4,NULL),(5120,1243,1616,'GE',2,NULL,5,NULL),(5121,1243,1617,'GE',2,NULL,6,NULL),(5122,1244,1642,'Core',2,'2((1)-2-3)',1,NULL),(5123,1244,1624,'Core',3,'3((2)-2-5)',2,'ธุรกิจอัจฉริยะและการวิเคราะห์ข้อมูลเชิงธุรกิจ'),(5124,1244,1718,'Core',3,'3((3)-0-6)',3,NULL),(5125,1244,1719,'Core',3,'3((2)-2-5)',4,NULL),(5126,1244,1618,'GE',2,NULL,5,NULL),(5127,1244,1619,'GE',2,NULL,6,NULL),(5128,1244,1622,'GE',2,NULL,7,NULL),(5129,1245,1722,'Core',3,'3((2)-2-5)',1,NULL),(5130,1245,1720,'Core',3,'3((2)-2-5)',2,NULL),(5131,1245,1620,'GE',2,NULL,3,NULL),(5132,1245,1621,'GE',2,NULL,4,NULL),(5133,1245,1605,'Elective',3,NULL,5,NULL),(5134,1245,1603,'Elective',3,NULL,6,NULL),(5135,1246,1655,'Core',3,'3((3)-0-6)',1,NULL),(5136,1246,1498,'Core',3,'3((2)-2-5)',2,NULL),(5137,1246,1723,'Core',3,'3((2)-2-5)',3,NULL),(5138,1246,1724,'Core',3,'3((2)-2-5)',4,NULL),(5139,1246,1622,'GE',2,NULL,5,NULL),(5140,1246,1605,'Elective',3,NULL,6,NULL),(5141,1247,1499,'Core',4,'4((3)-2-7)',1,NULL),(5142,1247,1656,'Core',3,'3((3)-0-6)',2,NULL),(5143,1247,1581,'Core',3,'3((2)-2-5)',3,NULL),(5144,1247,1725,'Core',3,'3((2)-2-5)',4,NULL),(5145,1247,1726,'Core',3,'3((2)-2-5)',5,NULL),(5146,1247,1605,'Elective',3,NULL,6,NULL),(5147,1248,1661,'Core',3,'3((2)-2-5)',1,NULL),(5148,1248,1502,'Core',1,'30 ชั่วโมง',2,NULL),(5149,1248,1729,'Core',3,'3((2)-2-5)',3,NULL),(5150,1248,1589,'Core',3,'3((2)-2-5)',4,NULL),(5151,1248,1605,'Elective',3,NULL,5,NULL),(5152,1248,1603,'Elective',3,NULL,6,NULL),(5153,1249,1503,'Core',6,'6((0)-36-0)',1,NULL),(5154,1250,1731,'Core',NULL,NULL,1,NULL);
/*!40000 ALTER TABLE `semester_subjects` ENABLE KEYS */;
UNLOCK TABLES;

--
-- Table structure for table `semesters`
--

DROP TABLE IF EXISTS `semesters`;
/*!40101 SET @saved_cs_client     = @@character_set_client */;
/*!40101 SET character_set_client = utf8 */;
CREATE TABLE `semesters` (
  `id` int(11) NOT NULL AUTO_INCREMENT,
  `study_plan_id` int(11) NOT NULL,
  `term_no` int(11) NOT NULL,
  `title` text DEFAULT NULL,
  `total_credits` int(11) NOT NULL DEFAULT 0,
  `sort_order` int(11) NOT NULL DEFAULT 1,
  PRIMARY KEY (`id`),
  UNIQUE KEY `uq_semester` (`study_plan_id`,`term_no`),
  KEY `idx_semesters_plan` (`study_plan_id`),
  CONSTRAINT `fk_sem_plan` FOREIGN KEY (`study_plan_id`) REFERENCES `study_plans` (`id`) ON DELETE CASCADE,
  CONSTRAINT `chk_term_no` CHECK (`term_no` in (1,2,3))
) ENGINE=InnoDB AUTO_INCREMENT=1254 DEFAULT CHARSET=utf8mb4 COLLATE=utf8mb4_general_ci;
/*!40101 SET character_set_client = @saved_cs_client */;

--
-- Dumping data for table `semesters`
--

LOCK TABLES `semesters` WRITE;
/*!40000 ALTER TABLE `semesters` DISABLE KEYS */;
INSERT INTO `semesters` VALUES (1046,498,1,'ปี 1 - ภาคเรียนที่ 1',17,1),(1047,498,2,'ปี 1 - ภาคเรียนที่ 2',17,2),(1048,499,1,'ปี 2 - ภาคเรียนที่ 1',19,1),(1049,499,2,'ปี 2 - ภาคเรียนที่ 2',18,2),(1050,500,1,'ปี 3 - ภาคเรียนที่ 1',18,1),(1051,500,2,'ปี 3 - ภาคเรียนที่ 2',14,2),(1052,500,3,'ปี 3 - ภาคฤดูร้อน',3,3),(1053,501,1,'ปี 4 - ภาคเรียนที่ 1',8,1),(1054,501,2,'ปี 4 - ภาคเรียนที่ 2',9,2),(1055,502,1,'ปี 1 - ภาคเรียนที่ 1',17,1),(1056,502,2,'ปี 1 - ภาคเรียนที่ 2',17,2),(1057,503,1,'ปี 2 - ภาคเรียนที่ 1',19,1),(1058,503,2,'ปี 2 - ภาคเรียนที่ 2',18,2),(1059,504,1,'ปี 3 - ภาคเรียนที่ 1',18,1),(1060,504,2,'ปี 3 - ภาคเรียนที่ 2',17,2),(1061,505,1,'ปี 4 - ภาคเรียนที่ 1',12,1),(1062,505,2,'ปี 4 - ภาคเรียนที่ 2',8,2),(1063,506,1,'ปี 1 - ภาคเรียนที่ 1',17,1),(1064,506,2,'ปี 1 - ภาคเรียนที่ 2',20,2),(1065,507,1,'ปี 2 - ภาคเรียนที่ 1',19,1),(1066,507,2,'ปี 2 - ภาคเรียนที่ 2',18,2),(1067,508,1,'ปี 3 - ภาคเรียนที่ 1',16,1),(1068,508,2,'ปี 3 - ภาคเรียนที่ 2',12,2),(1069,508,3,'ปี 3 - ภาคฤดูร้อน',3,3),(1070,509,1,'ปี 4 - ภาคเรียนที่ 1',12,1),(1071,509,2,'ปี 4 - ภาคเรียนที่ 2',9,2),(1072,510,1,'ปี 1 - ภาคเรียนที่ 1',17,1),(1073,510,2,'ปี 1 - ภาคเรียนที่ 2',20,2),(1074,511,1,'ปี 2 - ภาคเรียนที่ 1',19,1),(1075,511,2,'ปี 2 - ภาคเรียนที่ 2',18,2),(1076,512,1,'ปี 3 - ภาคเรียนที่ 1',19,1),(1077,512,2,'ปี 3 - ภาคเรียนที่ 2',12,2),(1078,513,1,'ปี 4 - ภาคเรียนที่ 1',13,1),(1079,513,2,'ปี 4 - ภาคเรียนที่ 2',8,2),(1080,514,1,'ปี 1 - ภาคเรียนที่ 1',17,1),(1081,514,2,'ปี 1 - ภาคเรียนที่ 2',17,2),(1082,515,1,'ปี 2 - ภาคเรียนที่ 1',16,1),(1083,515,2,'ปี 2 - ภาคเรียนที่ 2',18,2),(1084,516,1,'ปี 3 - ภาคเรียนที่ 1',16,1),(1085,516,2,'ปี 3 - ภาคเรียนที่ 2',18,2),(1086,516,3,'ปี 3 - ภาคฤดูร้อน',3,3),(1087,517,1,'ปี 4 - ภาคเรียนที่ 1',9,1),(1088,517,2,'ปี 4 - ภาคเรียนที่ 2',9,2),(1089,518,1,'ปี 1 - ภาคเรียนที่ 1',17,1),(1090,518,2,'ปี 1 - ภาคเรียนที่ 2',17,2),(1091,519,1,'ปี 2 - ภาคเรียนที่ 1',16,1),(1092,519,2,'ปี 2 - ภาคเรียนที่ 2',18,2),(1093,520,1,'ปี 3 - ภาคเรียนที่ 1',16,1),(1094,520,2,'ปี 3 - ภาคเรียนที่ 2',18,2),(1095,521,1,'ปี 4 - ภาคเรียนที่ 1',13,1),(1096,521,2,'ปี 4 - ภาคเรียนที่ 2',8,2),(1097,522,1,'ปี 1 - ภาคเรียนที่ 1',17,1),(1098,522,2,'ปี 1 - ภาคเรียนที่ 2',17,2),(1099,523,1,'ปี 2 - ภาคเรียนที่ 1',18,1),(1100,523,2,'ปี 2 - ภาคเรียนที่ 2',19,2),(1101,524,1,'ปี 3 - ภาคเรียนที่ 1',16,1),(1102,524,2,'ปี 3 - ภาคเรียนที่ 2',18,2),(1103,524,3,'ปี 3 - ภาคฤดูร้อน',3,3),(1104,525,1,'ปี 4 - ภาคเรียนที่ 1',9,1),(1105,525,2,'ปี 4 - ภาคเรียนที่ 2',9,2),(1106,526,1,'ปี 1 - ภาคเรียนที่ 1',17,1),(1107,526,2,'ปี 1 - ภาคเรียนที่ 2',17,2),(1108,527,1,'ปี 2 - ภาคเรียนที่ 1',18,1),(1109,527,2,'ปี 2 - ภาคเรียนที่ 2',19,2),(1110,528,1,'ปี 3 - ภาคเรียนที่ 1',16,1),(1111,528,2,'ปี 3 - ภาคเรียนที่ 2',18,2),(1112,529,1,'ปี 4 - ภาคเรียนที่ 1',13,1),(1113,529,2,'ปี 4 - ภาคเรียนที่ 2',8,2),(1114,530,1,'ปี 1 - ภาคเรียนที่ 1',18,1),(1115,530,2,'ปี 1 - ภาคเรียนที่ 2',18,2),(1116,531,1,'ปี 2 - ภาคเรียนที่ 1',17,1),(1117,531,2,'ปี 2 - ภาคเรียนที่ 2',18,2),(1118,532,1,'ปี 3 - ภาคเรียนที่ 1',16,1),(1119,532,2,'ปี 3 - ภาคเรียนที่ 2',12,2),(1120,532,3,'ปี 3 - ภาคฤดูร้อน',3,3),(1121,533,1,'ปี 4 - ภาคเรียนที่ 1',12,1),(1122,533,2,'ปี 4 - ภาคเรียนที่ 2',12,2),(1123,534,1,'ปี 1 - ภาคเรียนที่ 1',18,1),(1124,534,2,'ปี 1 - ภาคเรียนที่ 2',18,2),(1125,535,1,'ปี 2 - ภาคเรียนที่ 1',17,1),(1126,535,2,'ปี 2 - ภาคเรียนที่ 2',18,2),(1127,536,1,'ปี 3 - ภาคเรียนที่ 1',19,1),(1128,536,2,'ปี 3 - ภาคเรียนที่ 2',15,2),(1129,537,1,'ปี 4 - ภาคเรียนที่ 1',13,1),(1130,537,2,'ปี 4 - ภาคเรียนที่ 2',8,2),(1131,538,1,'ปี 1 - ภาคเรียนที่ 1',17,1),(1132,538,2,'ปี 1 - ภาคเรียนที่ 2',17,2),(1133,539,1,'ปี 2 - ภาคเรียนที่ 1',18,1),(1134,539,2,'ปี 2 - ภาคเรียนที่ 2',18,2),(1135,540,1,'ปี 3 - ภาคเรียนที่ 1',17,1),(1136,540,2,'ปี 3 - ภาคเรียนที่ 2',15,2),(1137,540,3,'ปี 3 - ภาคฤดูร้อน',3,3),(1138,541,1,'ปี 4 - ภาคเรียนที่ 1',9,1),(1139,541,2,'ปี 4 - ภาคเรียนที่ 2',9,2),(1140,542,1,'ปี 1 - ภาคเรียนที่ 1',17,1),(1141,542,2,'ปี 1 - ภาคเรียนที่ 2',17,2),(1142,543,1,'ปี 2 - ภาคเรียนที่ 1',18,1),(1143,543,2,'ปี 2 - ภาคเรียนที่ 2',18,2),(1144,544,1,'ปี 3 - ภาคเรียนที่ 1',17,1),(1145,544,2,'ปี 3 - ภาคเรียนที่ 2',18,2),(1146,545,1,'ปี 4 - ภาคเรียนที่ 1',13,1),(1147,545,2,'ปี 4 - ภาคเรียนที่ 2',8,2),(1148,546,1,'ปี 1 - ภาคเรียนที่ 1',19,1),(1149,546,2,'ปี 1 - ภาคเรียนที่ 2',18,2),(1150,547,1,'ปี 2 - ภาคเรียนที่ 1',15,1),(1151,547,2,'ปี 2 - ภาคเรียนที่ 2',16,2),(1152,548,1,'ปี 3 - ภาคเรียนที่ 1',17,1),(1153,548,2,'ปี 3 - ภาคเรียนที่ 2',16,2),(1154,548,3,'ปี 3 - ภาคฤดูร้อน',3,3),(1155,549,1,'ปี 4 - ภาคเรียนที่ 1',8,1),(1156,549,2,'ปี 4 - ภาคเรียนที่ 2',9,2),(1157,550,1,'ปี 1 - ภาคเรียนที่ 1',19,1),(1158,550,2,'ปี 1 - ภาคเรียนที่ 2',18,2),(1159,551,1,'ปี 2 - ภาคเรียนที่ 1',15,1),(1160,551,2,'ปี 2 - ภาคเรียนที่ 2',16,2),(1161,552,1,'ปี 3 - ภาคเรียนที่ 1',17,1),(1162,552,2,'ปี 3 - ภาคเรียนที่ 2',13,2),(1163,553,1,'ปี 4 - ภาคเรียนที่ 1',9,1),(1164,553,2,'ปี 4 - ภาคเรียนที่ 2',6,2),(1165,554,1,'ปี 1 - ภาคเรียนที่ 1',16,1),(1166,554,2,'ปี 1 - ภาคเรียนที่ 2',15,2),(1167,555,1,'ปี 2 - ภาคเรียนที่ 1',20,1),(1168,555,2,'ปี 2 - ภาคเรียนที่ 2',16,2),(1169,556,1,'ปี 3 - ภาคเรียนที่ 1',18,1),(1170,556,2,'ปี 3 - ภาคเรียนที่ 2',19,2),(1171,556,3,'ปี 3 - ภาคฤดูร้อน',3,3),(1172,557,1,'ปี 4 - ภาคเรียนที่ 1',10,1),(1173,557,2,'ปี 4 - ภาคเรียนที่ 2',9,2),(1174,558,1,'ปี 1 - ภาคเรียนที่ 1',16,1),(1175,558,2,'ปี 1 - ภาคเรียนที่ 2',15,2),(1176,559,1,'ปี 2 - ภาคเรียนที่ 1',17,1),(1177,559,2,'ปี 2 - ภาคเรียนที่ 2',16,2),(1178,560,1,'ปี 3 - ภาคเรียนที่ 1',18,1),(1179,560,2,'ปี 3 - ภาคเรียนที่ 2',19,2),(1180,561,1,'ปี 4 - ภาคเรียนที่ 1',14,1),(1181,561,2,'ปี 4 - ภาคเรียนที่ 2',6,2),(1182,562,1,'ปี 1 - ภาคเรียนที่ 1',16,1),(1183,562,2,'ปี 1 - ภาคเรียนที่ 2',15,2),(1184,563,1,'ปี 2 - ภาคเรียนที่ 1',18,1),(1185,563,2,'ปี 2 - ภาคเรียนที่ 2',16,2),(1186,564,1,'ปี 3 - ภาคเรียนที่ 1',14,1),(1187,564,2,'ปี 3 - ภาคเรียนที่ 2',19,2),(1188,564,3,'ปี 3 - ภาคฤดูร้อน',3,3),(1189,565,1,'ปี 4 - ภาคเรียนที่ 1',11,1),(1190,565,2,'ปี 4 - ภาคเรียนที่ 2',9,2),(1191,566,1,'ปี 1 - ภาคเรียนที่ 1',16,1),(1192,566,2,'ปี 1 - ภาคเรียนที่ 2',15,2),(1193,567,1,'ปี 2 - ภาคเรียนที่ 1',18,1),(1194,567,2,'ปี 2 - ภาคเรียนที่ 2',16,2),(1195,568,1,'ปี 3 - ภาคเรียนที่ 1',17,1),(1196,568,2,'ปี 3 - ภาคเรียนที่ 2',19,2),(1197,569,1,'ปี 4 - ภาคเรียนที่ 1',15,1),(1198,569,2,'ปี 4 - ภาคเรียนที่ 2',6,2),(1199,570,1,'ปี 1 - ภาคเรียนที่ 1',16,1),(1200,570,2,'ปี 1 - ภาคเรียนที่ 2',17,2),(1201,571,1,'ปี 2 - ภาคเรียนที่ 1',17,1),(1202,571,2,'ปี 2 - ภาคเรียนที่ 2',18,2),(1203,572,1,'ปี 3 - ภาคเรียนที่ 1',18,1),(1204,572,2,'ปี 3 - ภาคเรียนที่ 2',16,2),(1205,572,3,'ปี 3 - ภาคฤดูร้อน',3,3),(1206,573,1,'ปี 4 - ภาคเรียนที่ 1',9,1),(1207,573,2,'ปี 4 - ภาคเรียนที่ 2',12,2),(1208,574,1,'ปี 1 - ภาคเรียนที่ 1',16,1),(1209,574,2,'ปี 1 - ภาคเรียนที่ 2',17,2),(1210,575,1,'ปี 2 - ภาคเรียนที่ 1',17,1),(1211,575,2,'ปี 2 - ภาคเรียนที่ 2',18,2),(1212,576,1,'ปี 3 - ภาคเรียนที่ 1',18,1),(1213,576,2,'ปี 3 - ภาคเรียนที่ 2',16,2),(1214,577,1,'ปี 4 - ภาคเรียนที่ 1',16,1),(1215,577,2,'ปี 4 - ภาคเรียนที่ 2',6,2),(1216,578,1,'ปี 1 - ภาคเรียนที่ 1',16,1),(1217,578,2,'ปี 1 - ภาคเรียนที่ 2',18,2),(1218,579,1,'ปี 2 - ภาคเรียนที่ 1',18,1),(1219,579,2,'ปี 2 - ภาคเรียนที่ 2',16,2),(1220,580,1,'ปี 3 - ภาคเรียนที่ 1',17,1),(1221,580,2,'ปี 3 - ภาคเรียนที่ 2',19,2),(1222,580,3,'ปี 3 - ภาคฤดูร้อน',3,3),(1223,581,1,'ปี 4 - ภาคเรียนที่ 1',8,1),(1224,581,2,'ปี 4 - ภาคเรียนที่ 2',6,2),(1225,582,1,'ปี 1 - ภาคเรียนที่ 1',16,1),(1226,582,2,'ปี 1 - ภาคเรียนที่ 2',18,2),(1227,583,1,'ปี 2 - ภาคเรียนที่ 1',18,1),(1228,583,2,'ปี 2 - ภาคเรียนที่ 2',16,2),(1229,584,1,'ปี 3 - ภาคเรียนที่ 1',17,1),(1230,584,2,'ปี 3 - ภาคเรียนที่ 2',19,2),(1231,585,1,'ปี 4 - ภาคเรียนที่ 1',12,1),(1232,585,2,'ปี 4 - ภาคเรียนที่ 2',6,2),(1233,586,1,'ปี 1 - ภาคเรียนที่ 1',16,1),(1234,586,2,'ปี 1 - ภาคเรียนที่ 2',15,2),(1235,587,1,'ปี 2 - ภาคเรียนที่ 1',17,1),(1236,587,2,'ปี 2 - ภาคเรียนที่ 2',16,2),(1237,588,1,'ปี 3 - ภาคเรียนที่ 1',17,1),(1238,588,2,'ปี 3 - ภาคเรียนที่ 2',19,2),(1239,588,3,'ปี 3 - ภาคฤดูร้อน',3,3),(1240,589,1,'ปี 4 - ภาคเรียนที่ 1',9,1),(1241,589,2,'ปี 4 - ภาคเรียนที่ 2',9,2),(1242,590,1,'ปี 1 - ภาคเรียนที่ 1',16,1),(1243,590,2,'ปี 1 - ภาคเรียนที่ 2',15,2),(1244,591,1,'ปี 2 - ภาคเรียนที่ 1',17,1),(1245,591,2,'ปี 2 - ภาคเรียนที่ 2',16,2),(1246,592,1,'ปี 3 - ภาคเรียนที่ 1',17,1),(1247,592,2,'ปี 3 - ภาคเรียนที่ 2',19,2),(1248,593,1,'ปี 4 - ภาคเรียนที่ 1',16,1),(1249,593,2,'ปี 4 - ภาคเรียนที่ 2',6,2),(1250,594,1,'ปี 1 - ภาคเรียนที่ 1',3,1);
/*!40000 ALTER TABLE `semesters` ENABLE KEYS */;
UNLOCK TABLES;

--
-- Table structure for table `stakeholder_custom_plos`
--

DROP TABLE IF EXISTS `stakeholder_custom_plos`;
/*!40101 SET @saved_cs_client     = @@character_set_client */;
/*!40101 SET character_set_client = utf8 */;
CREATE TABLE `stakeholder_custom_plos` (
  `id` char(36) NOT NULL DEFAULT uuid(),
  `program_id` char(36) NOT NULL,
  `survey_id` char(36) NOT NULL,
  `no` int(11) NOT NULL,
  `code` varchar(20) NOT NULL,
  `description` text NOT NULL,
  `type` varchar(20) DEFAULT 'Specific',
  `sort_order` int(11) DEFAULT 0,
  `created_at` datetime DEFAULT current_timestamp(),
  PRIMARY KEY (`id`),
  KEY `idx_survey` (`survey_id`),
  KEY `idx_program` (`program_id`)
) ENGINE=InnoDB DEFAULT CHARSET=utf8mb4 COLLATE=utf8mb4_general_ci;
/*!40101 SET character_set_client = @saved_cs_client */;

--
-- Dumping data for table `stakeholder_custom_plos`
--

LOCK TABLES `stakeholder_custom_plos` WRITE;
/*!40000 ALTER TABLE `stakeholder_custom_plos` DISABLE KEYS */;
/*!40000 ALTER TABLE `stakeholder_custom_plos` ENABLE KEYS */;
UNLOCK TABLES;

--
-- Table structure for table `stakeholder_evaluations`
--

DROP TABLE IF EXISTS `stakeholder_evaluations`;
/*!40101 SET @saved_cs_client     = @@character_set_client */;
/*!40101 SET character_set_client = utf8 */;
CREATE TABLE `stakeholder_evaluations` (
  `id` int(11) NOT NULL AUTO_INCREMENT,
  `survey_id` char(36) DEFAULT NULL,
  `stakeholder_id` char(36) DEFAULT NULL,
  `question_index` int(11) DEFAULT NULL,
  `value` enum('F','M','P') DEFAULT NULL,
  `created_at` timestamp NOT NULL DEFAULT current_timestamp(),
  `updated_at` timestamp NOT NULL DEFAULT current_timestamp() ON UPDATE current_timestamp(),
  PRIMARY KEY (`id`),
  UNIQUE KEY `unique_eval` (`survey_id`,`stakeholder_id`,`question_index`)
) ENGINE=InnoDB DEFAULT CHARSET=utf8mb4 COLLATE=utf8mb4_general_ci;
/*!40101 SET character_set_client = @saved_cs_client */;

--
-- Dumping data for table `stakeholder_evaluations`
--

LOCK TABLES `stakeholder_evaluations` WRITE;
/*!40000 ALTER TABLE `stakeholder_evaluations` DISABLE KEYS */;
/*!40000 ALTER TABLE `stakeholder_evaluations` ENABLE KEYS */;
UNLOCK TABLES;

--
-- Table structure for table `stakeholder_plo_mappings`
--

DROP TABLE IF EXISTS `stakeholder_plo_mappings`;
/*!40101 SET @saved_cs_client     = @@character_set_client */;
/*!40101 SET character_set_client = utf8 */;
CREATE TABLE `stakeholder_plo_mappings` (
  `id` char(36) NOT NULL DEFAULT uuid(),
  `survey_id` char(36) NOT NULL,
  `stakeholder_id` char(36) NOT NULL,
  `plo_id` char(36) NOT NULL,
  `level` char(1) DEFAULT NULL,
  `note` text DEFAULT NULL,
  `created_at` datetime NOT NULL DEFAULT current_timestamp(),
  `updated_at` datetime NOT NULL DEFAULT current_timestamp() ON UPDATE current_timestamp(),
  PRIMARY KEY (`id`),
  UNIQUE KEY `uq_spm` (`survey_id`,`stakeholder_id`,`plo_id`),
  KEY `idx_spm_survey` (`survey_id`),
  KEY `idx_spm_stake` (`stakeholder_id`),
  KEY `idx_spm_plo` (`plo_id`),
  CONSTRAINT `fk_spm_plo` FOREIGN KEY (`plo_id`) REFERENCES `plos` (`id`) ON DELETE CASCADE,
  CONSTRAINT `fk_spm_stake` FOREIGN KEY (`stakeholder_id`) REFERENCES `stakeholders` (`id`) ON DELETE CASCADE,
  CONSTRAINT `fk_spm_survey` FOREIGN KEY (`survey_id`) REFERENCES `stakeholder_surveys` (`id`) ON DELETE CASCADE,
  CONSTRAINT `chk_spm_level` CHECK (`level` in ('F','M','P'))
) ENGINE=InnoDB DEFAULT CHARSET=utf8mb4 COLLATE=utf8mb4_general_ci;
/*!40101 SET character_set_client = @saved_cs_client */;

--
-- Dumping data for table `stakeholder_plo_mappings`
--

LOCK TABLES `stakeholder_plo_mappings` WRITE;
/*!40000 ALTER TABLE `stakeholder_plo_mappings` DISABLE KEYS */;
INSERT INTO `stakeholder_plo_mappings` VALUES ('77b07b40-2299-11f1-a590-00090ffe0001','6f3d021c-2299-11f1-a590-00090ffe0001','7354d977-2299-11f1-a590-00090ffe0001','736063a0-2299-11f1-a590-00090ffe0001','F',NULL,'2026-03-18 14:09:55','2026-03-18 14:09:55'),('77b0e3dd-2299-11f1-a590-00090ffe0001','6f3d021c-2299-11f1-a590-00090ffe0001','73573cae-2299-11f1-a590-00090ffe0001','736063a0-2299-11f1-a590-00090ffe0001','M',NULL,'2026-03-18 14:09:55','2026-03-18 14:09:55'),('77b108ee-2299-11f1-a590-00090ffe0001','6f3d021c-2299-11f1-a590-00090ffe0001','73598189-2299-11f1-a590-00090ffe0001','736063a0-2299-11f1-a590-00090ffe0001','P',NULL,'2026-03-18 14:09:55','2026-03-18 14:09:55'),('77b1229e-2299-11f1-a590-00090ffe0001','6f3d021c-2299-11f1-a590-00090ffe0001','735f3aa6-2299-11f1-a590-00090ffe0001','736063a0-2299-11f1-a590-00090ffe0001','M',NULL,'2026-03-18 14:09:55','2026-03-18 14:09:55'),('77b1397a-2299-11f1-a590-00090ffe0001','6f3d021c-2299-11f1-a590-00090ffe0001','7354d977-2299-11f1-a590-00090ffe0001','736184e6-2299-11f1-a590-00090ffe0001','F',NULL,'2026-03-18 14:09:55','2026-03-18 14:09:55'),('77b14fef-2299-11f1-a590-00090ffe0001','6f3d021c-2299-11f1-a590-00090ffe0001','73573cae-2299-11f1-a590-00090ffe0001','736184e6-2299-11f1-a590-00090ffe0001','M',NULL,'2026-03-18 14:09:55','2026-03-18 14:09:55'),('77b16877-2299-11f1-a590-00090ffe0001','6f3d021c-2299-11f1-a590-00090ffe0001','7354d977-2299-11f1-a590-00090ffe0001','7362e826-2299-11f1-a590-00090ffe0001','F',NULL,'2026-03-18 14:09:55','2026-03-18 14:09:55'),('77b1827a-2299-11f1-a590-00090ffe0001','6f3d021c-2299-11f1-a590-00090ffe0001','73573cae-2299-11f1-a590-00090ffe0001','7362e826-2299-11f1-a590-00090ffe0001','M',NULL,'2026-03-18 14:09:55','2026-03-18 14:09:55'),('77b19acb-2299-11f1-a590-00090ffe0001','6f3d021c-2299-11f1-a590-00090ffe0001','7354d977-2299-11f1-a590-00090ffe0001','736413a8-2299-11f1-a590-00090ffe0001','F',NULL,'2026-03-18 14:09:55','2026-03-18 14:09:55'),('77b1b629-2299-11f1-a590-00090ffe0001','6f3d021c-2299-11f1-a590-00090ffe0001','73573cae-2299-11f1-a590-00090ffe0001','736413a8-2299-11f1-a590-00090ffe0001','F',NULL,'2026-03-18 14:09:55','2026-03-18 14:09:55'),('77b1d1fc-2299-11f1-a590-00090ffe0001','6f3d021c-2299-11f1-a590-00090ffe0001','73584ee5-2299-11f1-a590-00090ffe0001','736413a8-2299-11f1-a590-00090ffe0001','F',NULL,'2026-03-18 14:09:55','2026-03-18 14:09:55'),('77b1eaae-2299-11f1-a590-00090ffe0001','6f3d021c-2299-11f1-a590-00090ffe0001','735a36f9-2299-11f1-a590-00090ffe0001','736413a8-2299-11f1-a590-00090ffe0001','M',NULL,'2026-03-18 14:09:55','2026-03-18 14:09:55'),('77b2036e-2299-11f1-a590-00090ffe0001','6f3d021c-2299-11f1-a590-00090ffe0001','735b438b-2299-11f1-a590-00090ffe0001','736413a8-2299-11f1-a590-00090ffe0001','M',NULL,'2026-03-18 14:09:55','2026-03-18 14:09:55'),('77b21e6e-2299-11f1-a590-00090ffe0001','6f3d021c-2299-11f1-a590-00090ffe0001','735c22e0-2299-11f1-a590-00090ffe0001','736413a8-2299-11f1-a590-00090ffe0001','M',NULL,'2026-03-18 14:09:55','2026-03-18 14:09:55'),('77b235ad-2299-11f1-a590-00090ffe0001','6f3d021c-2299-11f1-a590-00090ffe0001','735d1361-2299-11f1-a590-00090ffe0001','736413a8-2299-11f1-a590-00090ffe0001','M',NULL,'2026-03-18 14:09:55','2026-03-18 14:09:55'),('77b24953-2299-11f1-a590-00090ffe0001','6f3d021c-2299-11f1-a590-00090ffe0001','735e7bb8-2299-11f1-a590-00090ffe0001','736413a8-2299-11f1-a590-00090ffe0001','M',NULL,'2026-03-18 14:09:55','2026-03-18 14:09:55'),('77b26338-2299-11f1-a590-00090ffe0001','6f3d021c-2299-11f1-a590-00090ffe0001','735f3aa6-2299-11f1-a590-00090ffe0001','736413a8-2299-11f1-a590-00090ffe0001','M',NULL,'2026-03-18 14:09:55','2026-03-18 14:09:55'),('77b27bee-2299-11f1-a590-00090ffe0001','6f3d021c-2299-11f1-a590-00090ffe0001','7354d977-2299-11f1-a590-00090ffe0001','7364eb24-2299-11f1-a590-00090ffe0001','F',NULL,'2026-03-18 14:09:55','2026-03-18 14:09:55'),('77b2938d-2299-11f1-a590-00090ffe0001','6f3d021c-2299-11f1-a590-00090ffe0001','73573cae-2299-11f1-a590-00090ffe0001','7364eb24-2299-11f1-a590-00090ffe0001','F',NULL,'2026-03-18 14:09:55','2026-03-18 14:09:55'),('77b2aa72-2299-11f1-a590-00090ffe0001','6f3d021c-2299-11f1-a590-00090ffe0001','73584ee5-2299-11f1-a590-00090ffe0001','7364eb24-2299-11f1-a590-00090ffe0001','F',NULL,'2026-03-18 14:09:55','2026-03-18 14:09:55'),('77b2c1a6-2299-11f1-a590-00090ffe0001','6f3d021c-2299-11f1-a590-00090ffe0001','735a36f9-2299-11f1-a590-00090ffe0001','7364eb24-2299-11f1-a590-00090ffe0001','M',NULL,'2026-03-18 14:09:55','2026-03-18 14:09:55'),('77b2f80b-2299-11f1-a590-00090ffe0001','6f3d021c-2299-11f1-a590-00090ffe0001','735b438b-2299-11f1-a590-00090ffe0001','7364eb24-2299-11f1-a590-00090ffe0001','M',NULL,'2026-03-18 14:09:55','2026-03-18 14:09:55'),('77b30ca6-2299-11f1-a590-00090ffe0001','6f3d021c-2299-11f1-a590-00090ffe0001','735c22e0-2299-11f1-a590-00090ffe0001','7364eb24-2299-11f1-a590-00090ffe0001','M',NULL,'2026-03-18 14:09:55','2026-03-18 14:09:55'),('77b31b78-2299-11f1-a590-00090ffe0001','6f3d021c-2299-11f1-a590-00090ffe0001','735d1361-2299-11f1-a590-00090ffe0001','7364eb24-2299-11f1-a590-00090ffe0001','M',NULL,'2026-03-18 14:09:55','2026-03-18 14:09:55'),('77b32b53-2299-11f1-a590-00090ffe0001','6f3d021c-2299-11f1-a590-00090ffe0001','735e7bb8-2299-11f1-a590-00090ffe0001','7364eb24-2299-11f1-a590-00090ffe0001','M',NULL,'2026-03-18 14:09:55','2026-03-18 14:09:55'),('77b3405c-2299-11f1-a590-00090ffe0001','6f3d021c-2299-11f1-a590-00090ffe0001','735f3aa6-2299-11f1-a590-00090ffe0001','7364eb24-2299-11f1-a590-00090ffe0001','M',NULL,'2026-03-18 14:09:55','2026-03-18 14:09:55'),('77b356d4-2299-11f1-a590-00090ffe0001','6f3d021c-2299-11f1-a590-00090ffe0001','7354d977-2299-11f1-a590-00090ffe0001','73669137-2299-11f1-a590-00090ffe0001','F',NULL,'2026-03-18 14:09:55','2026-03-18 14:09:55'),('77b37086-2299-11f1-a590-00090ffe0001','6f3d021c-2299-11f1-a590-00090ffe0001','73573cae-2299-11f1-a590-00090ffe0001','73669137-2299-11f1-a590-00090ffe0001','M',NULL,'2026-03-18 14:09:55','2026-03-18 14:09:55'),('77b3878b-2299-11f1-a590-00090ffe0001','6f3d021c-2299-11f1-a590-00090ffe0001','73584ee5-2299-11f1-a590-00090ffe0001','73669137-2299-11f1-a590-00090ffe0001','M',NULL,'2026-03-18 14:09:55','2026-03-18 14:09:55'),('77b39dfc-2299-11f1-a590-00090ffe0001','6f3d021c-2299-11f1-a590-00090ffe0001','735a36f9-2299-11f1-a590-00090ffe0001','73669137-2299-11f1-a590-00090ffe0001','P',NULL,'2026-03-18 14:09:55','2026-03-18 14:09:55'),('77b3b2d4-2299-11f1-a590-00090ffe0001','6f3d021c-2299-11f1-a590-00090ffe0001','7354d977-2299-11f1-a590-00090ffe0001','7367e971-2299-11f1-a590-00090ffe0001','F',NULL,'2026-03-18 14:09:55','2026-03-18 14:09:55'),('77b3c7ad-2299-11f1-a590-00090ffe0001','6f3d021c-2299-11f1-a590-00090ffe0001','73573cae-2299-11f1-a590-00090ffe0001','7367e971-2299-11f1-a590-00090ffe0001','F',NULL,'2026-03-18 14:09:55','2026-03-18 14:09:55'),('77b3dcae-2299-11f1-a590-00090ffe0001','6f3d021c-2299-11f1-a590-00090ffe0001','73584ee5-2299-11f1-a590-00090ffe0001','7367e971-2299-11f1-a590-00090ffe0001','F',NULL,'2026-03-18 14:09:55','2026-03-18 14:09:55'),('77b3f559-2299-11f1-a590-00090ffe0001','6f3d021c-2299-11f1-a590-00090ffe0001','735b438b-2299-11f1-a590-00090ffe0001','7367e971-2299-11f1-a590-00090ffe0001','M',NULL,'2026-03-18 14:09:55','2026-03-18 14:09:55'),('77b40e67-2299-11f1-a590-00090ffe0001','6f3d021c-2299-11f1-a590-00090ffe0001','735e7bb8-2299-11f1-a590-00090ffe0001','7367e971-2299-11f1-a590-00090ffe0001','M',NULL,'2026-03-18 14:09:55','2026-03-18 14:09:55'),('77b4262a-2299-11f1-a590-00090ffe0001','6f3d021c-2299-11f1-a590-00090ffe0001','735f3aa6-2299-11f1-a590-00090ffe0001','7367e971-2299-11f1-a590-00090ffe0001','M',NULL,'2026-03-18 14:09:55','2026-03-18 14:09:55'),('77b43bff-2299-11f1-a590-00090ffe0001','6f3d021c-2299-11f1-a590-00090ffe0001','7354d977-2299-11f1-a590-00090ffe0001','73692ddb-2299-11f1-a590-00090ffe0001','F',NULL,'2026-03-18 14:09:55','2026-03-18 14:09:55'),('77b450d2-2299-11f1-a590-00090ffe0001','6f3d021c-2299-11f1-a590-00090ffe0001','73573cae-2299-11f1-a590-00090ffe0001','73692ddb-2299-11f1-a590-00090ffe0001','M',NULL,'2026-03-18 14:09:55','2026-03-18 14:09:55'),('77b467f9-2299-11f1-a590-00090ffe0001','6f3d021c-2299-11f1-a590-00090ffe0001','73584ee5-2299-11f1-a590-00090ffe0001','73692ddb-2299-11f1-a590-00090ffe0001','M',NULL,'2026-03-18 14:09:55','2026-03-18 14:09:55'),('77b4805a-2299-11f1-a590-00090ffe0001','6f3d021c-2299-11f1-a590-00090ffe0001','73598189-2299-11f1-a590-00090ffe0001','73692ddb-2299-11f1-a590-00090ffe0001','M',NULL,'2026-03-18 14:09:55','2026-03-18 14:09:55'),('77b49c80-2299-11f1-a590-00090ffe0001','6f3d021c-2299-11f1-a590-00090ffe0001','735a36f9-2299-11f1-a590-00090ffe0001','73692ddb-2299-11f1-a590-00090ffe0001','M',NULL,'2026-03-18 14:09:55','2026-03-18 14:09:55'),('77b4b5a2-2299-11f1-a590-00090ffe0001','6f3d021c-2299-11f1-a590-00090ffe0001','735b438b-2299-11f1-a590-00090ffe0001','73692ddb-2299-11f1-a590-00090ffe0001','M',NULL,'2026-03-18 14:09:55','2026-03-18 14:09:55'),('77b4cbec-2299-11f1-a590-00090ffe0001','6f3d021c-2299-11f1-a590-00090ffe0001','735c22e0-2299-11f1-a590-00090ffe0001','73692ddb-2299-11f1-a590-00090ffe0001','M',NULL,'2026-03-18 14:09:55','2026-03-18 14:09:55'),('77b4dd83-2299-11f1-a590-00090ffe0001','6f3d021c-2299-11f1-a590-00090ffe0001','735d1361-2299-11f1-a590-00090ffe0001','73692ddb-2299-11f1-a590-00090ffe0001','M',NULL,'2026-03-18 14:09:55','2026-03-18 14:09:55'),('77b4ef0f-2299-11f1-a590-00090ffe0001','6f3d021c-2299-11f1-a590-00090ffe0001','7354d977-2299-11f1-a590-00090ffe0001','736a140f-2299-11f1-a590-00090ffe0001','F',NULL,'2026-03-18 14:09:55','2026-03-18 14:09:55'),('77b5071d-2299-11f1-a590-00090ffe0001','6f3d021c-2299-11f1-a590-00090ffe0001','73573cae-2299-11f1-a590-00090ffe0001','736a140f-2299-11f1-a590-00090ffe0001','F',NULL,'2026-03-18 14:09:55','2026-03-18 14:09:55'),('77b51cff-2299-11f1-a590-00090ffe0001','6f3d021c-2299-11f1-a590-00090ffe0001','73584ee5-2299-11f1-a590-00090ffe0001','736a140f-2299-11f1-a590-00090ffe0001','F',NULL,'2026-03-18 14:09:55','2026-03-18 14:09:55'),('77b532ba-2299-11f1-a590-00090ffe0001','6f3d021c-2299-11f1-a590-00090ffe0001','73598189-2299-11f1-a590-00090ffe0001','736a140f-2299-11f1-a590-00090ffe0001','M',NULL,'2026-03-18 14:09:55','2026-03-18 14:09:55'),('77b54935-2299-11f1-a590-00090ffe0001','6f3d021c-2299-11f1-a590-00090ffe0001','735a36f9-2299-11f1-a590-00090ffe0001','736a140f-2299-11f1-a590-00090ffe0001','M',NULL,'2026-03-18 14:09:55','2026-03-18 14:09:55'),('77b55ea9-2299-11f1-a590-00090ffe0001','6f3d021c-2299-11f1-a590-00090ffe0001','735b438b-2299-11f1-a590-00090ffe0001','736a140f-2299-11f1-a590-00090ffe0001','F',NULL,'2026-03-18 14:09:55','2026-03-18 14:09:55'),('77b573a4-2299-11f1-a590-00090ffe0001','6f3d021c-2299-11f1-a590-00090ffe0001','735c22e0-2299-11f1-a590-00090ffe0001','736a140f-2299-11f1-a590-00090ffe0001','M',NULL,'2026-03-18 14:09:55','2026-03-18 14:09:55'),('77b587f0-2299-11f1-a590-00090ffe0001','6f3d021c-2299-11f1-a590-00090ffe0001','735d1361-2299-11f1-a590-00090ffe0001','736a140f-2299-11f1-a590-00090ffe0001','F',NULL,'2026-03-18 14:09:55','2026-03-18 14:09:55'),('77b599f6-2299-11f1-a590-00090ffe0001','6f3d021c-2299-11f1-a590-00090ffe0001','735e7bb8-2299-11f1-a590-00090ffe0001','736a140f-2299-11f1-a590-00090ffe0001','F',NULL,'2026-03-18 14:09:55','2026-03-18 14:09:55'),('77b5a9f2-2299-11f1-a590-00090ffe0001','6f3d021c-2299-11f1-a590-00090ffe0001','735f3aa6-2299-11f1-a590-00090ffe0001','736a140f-2299-11f1-a590-00090ffe0001','F',NULL,'2026-03-18 14:09:55','2026-03-18 14:09:55'),('77b5bc5f-2299-11f1-a590-00090ffe0001','6f3d021c-2299-11f1-a590-00090ffe0001','7354d977-2299-11f1-a590-00090ffe0001','736b6eec-2299-11f1-a590-00090ffe0001','F',NULL,'2026-03-18 14:09:55','2026-03-18 14:09:55'),('77b5d3d8-2299-11f1-a590-00090ffe0001','6f3d021c-2299-11f1-a590-00090ffe0001','73573cae-2299-11f1-a590-00090ffe0001','736b6eec-2299-11f1-a590-00090ffe0001','M',NULL,'2026-03-18 14:09:55','2026-03-18 14:09:55'),('77b5e921-2299-11f1-a590-00090ffe0001','6f3d021c-2299-11f1-a590-00090ffe0001','73584ee5-2299-11f1-a590-00090ffe0001','736b6eec-2299-11f1-a590-00090ffe0001','M',NULL,'2026-03-18 14:09:55','2026-03-18 14:09:55'),('77b6016d-2299-11f1-a590-00090ffe0001','6f3d021c-2299-11f1-a590-00090ffe0001','73598189-2299-11f1-a590-00090ffe0001','736b6eec-2299-11f1-a590-00090ffe0001','P',NULL,'2026-03-18 14:09:55','2026-03-18 14:09:55'),('77b616b6-2299-11f1-a590-00090ffe0001','6f3d021c-2299-11f1-a590-00090ffe0001','735a36f9-2299-11f1-a590-00090ffe0001','736b6eec-2299-11f1-a590-00090ffe0001','M',NULL,'2026-03-18 14:09:55','2026-03-18 14:09:55'),('77b62b87-2299-11f1-a590-00090ffe0001','6f3d021c-2299-11f1-a590-00090ffe0001','735b438b-2299-11f1-a590-00090ffe0001','736b6eec-2299-11f1-a590-00090ffe0001','M',NULL,'2026-03-18 14:09:55','2026-03-18 14:09:55'),('77b64052-2299-11f1-a590-00090ffe0001','6f3d021c-2299-11f1-a590-00090ffe0001','735c22e0-2299-11f1-a590-00090ffe0001','736b6eec-2299-11f1-a590-00090ffe0001','M',NULL,'2026-03-18 14:09:55','2026-03-18 14:09:55'),('77b65589-2299-11f1-a590-00090ffe0001','6f3d021c-2299-11f1-a590-00090ffe0001','735d1361-2299-11f1-a590-00090ffe0001','736b6eec-2299-11f1-a590-00090ffe0001','M',NULL,'2026-03-18 14:09:55','2026-03-18 14:09:55'),('77b66c71-2299-11f1-a590-00090ffe0001','6f3d021c-2299-11f1-a590-00090ffe0001','735e7bb8-2299-11f1-a590-00090ffe0001','736b6eec-2299-11f1-a590-00090ffe0001','M',NULL,'2026-03-18 14:09:55','2026-03-18 14:09:55'),('77b6852f-2299-11f1-a590-00090ffe0001','6f3d021c-2299-11f1-a590-00090ffe0001','735f3aa6-2299-11f1-a590-00090ffe0001','736b6eec-2299-11f1-a590-00090ffe0001','M',NULL,'2026-03-18 14:09:55','2026-03-18 14:09:55'),('8d49c273-260e-11f1-9389-00090ffe0001','dcc78773-22a8-11f1-a590-00090ffe0001','e1943a2e-22a8-11f1-a590-00090ffe0001','736413a8-2299-11f1-a590-00090ffe0001','F',NULL,'2026-03-22 23:45:37','2026-03-22 23:45:37'),('8d49e11a-260e-11f1-9389-00090ffe0001','dcc78773-22a8-11f1-a590-00090ffe0001','e1970921-22a8-11f1-a590-00090ffe0001','736413a8-2299-11f1-a590-00090ffe0001','F',NULL,'2026-03-22 23:45:37','2026-03-22 23:45:37'),('8d49f99f-260e-11f1-9389-00090ffe0001','dcc78773-22a8-11f1-a590-00090ffe0001','e198c9dd-22a8-11f1-a590-00090ffe0001','736413a8-2299-11f1-a590-00090ffe0001','F',NULL,'2026-03-22 23:45:37','2026-03-22 23:45:37'),('8d4a1450-260e-11f1-9389-00090ffe0001','dcc78773-22a8-11f1-a590-00090ffe0001','e19c83e8-22a8-11f1-a590-00090ffe0001','736413a8-2299-11f1-a590-00090ffe0001','M',NULL,'2026-03-22 23:45:37','2026-03-22 23:45:37'),('8d4a32d1-260e-11f1-9389-00090ffe0001','dcc78773-22a8-11f1-a590-00090ffe0001','e19e1944-22a8-11f1-a590-00090ffe0001','736413a8-2299-11f1-a590-00090ffe0001','M',NULL,'2026-03-22 23:45:37','2026-03-22 23:45:37'),('8d4a47f6-260e-11f1-9389-00090ffe0001','dcc78773-22a8-11f1-a590-00090ffe0001','e1a02ad7-22a8-11f1-a590-00090ffe0001','736413a8-2299-11f1-a590-00090ffe0001','M',NULL,'2026-03-22 23:45:37','2026-03-22 23:45:37'),('8d4a59ad-260e-11f1-9389-00090ffe0001','dcc78773-22a8-11f1-a590-00090ffe0001','e1a28988-22a8-11f1-a590-00090ffe0001','736413a8-2299-11f1-a590-00090ffe0001','M',NULL,'2026-03-22 23:45:37','2026-03-22 23:45:37'),('8d4a6a4f-260e-11f1-9389-00090ffe0001','dcc78773-22a8-11f1-a590-00090ffe0001','e1a556e3-22a8-11f1-a590-00090ffe0001','736413a8-2299-11f1-a590-00090ffe0001','M',NULL,'2026-03-22 23:45:37','2026-03-22 23:45:37'),('8d4a79dd-260e-11f1-9389-00090ffe0001','dcc78773-22a8-11f1-a590-00090ffe0001','e1a67588-22a8-11f1-a590-00090ffe0001','736413a8-2299-11f1-a590-00090ffe0001','M',NULL,'2026-03-22 23:45:37','2026-03-22 23:45:37'),('8d4a8a11-260e-11f1-9389-00090ffe0001','dcc78773-22a8-11f1-a590-00090ffe0001','e1943a2e-22a8-11f1-a590-00090ffe0001','7364eb24-2299-11f1-a590-00090ffe0001','F',NULL,'2026-03-22 23:45:37','2026-03-22 23:45:37'),('8d4a98d8-260e-11f1-9389-00090ffe0001','dcc78773-22a8-11f1-a590-00090ffe0001','e1970921-22a8-11f1-a590-00090ffe0001','7364eb24-2299-11f1-a590-00090ffe0001','F',NULL,'2026-03-22 23:45:37','2026-03-22 23:45:37'),('8d4aa70f-260e-11f1-9389-00090ffe0001','dcc78773-22a8-11f1-a590-00090ffe0001','e198c9dd-22a8-11f1-a590-00090ffe0001','7364eb24-2299-11f1-a590-00090ffe0001','F',NULL,'2026-03-22 23:45:37','2026-03-22 23:45:37'),('8d4ab519-260e-11f1-9389-00090ffe0001','dcc78773-22a8-11f1-a590-00090ffe0001','e19c83e8-22a8-11f1-a590-00090ffe0001','7364eb24-2299-11f1-a590-00090ffe0001','M',NULL,'2026-03-22 23:45:37','2026-03-22 23:45:37'),('8d4ac3ae-260e-11f1-9389-00090ffe0001','dcc78773-22a8-11f1-a590-00090ffe0001','e19e1944-22a8-11f1-a590-00090ffe0001','7364eb24-2299-11f1-a590-00090ffe0001','M',NULL,'2026-03-22 23:45:37','2026-03-22 23:45:37'),('8d4ad1c0-260e-11f1-9389-00090ffe0001','dcc78773-22a8-11f1-a590-00090ffe0001','e1a02ad7-22a8-11f1-a590-00090ffe0001','7364eb24-2299-11f1-a590-00090ffe0001','M',NULL,'2026-03-22 23:45:37','2026-03-22 23:45:37'),('8d4ae1d3-260e-11f1-9389-00090ffe0001','dcc78773-22a8-11f1-a590-00090ffe0001','e1a28988-22a8-11f1-a590-00090ffe0001','7364eb24-2299-11f1-a590-00090ffe0001','M',NULL,'2026-03-22 23:45:37','2026-03-22 23:45:37'),('8d4af2e5-260e-11f1-9389-00090ffe0001','dcc78773-22a8-11f1-a590-00090ffe0001','e1a556e3-22a8-11f1-a590-00090ffe0001','7364eb24-2299-11f1-a590-00090ffe0001','M',NULL,'2026-03-22 23:45:37','2026-03-22 23:45:37'),('8d4b0204-260e-11f1-9389-00090ffe0001','dcc78773-22a8-11f1-a590-00090ffe0001','e1a67588-22a8-11f1-a590-00090ffe0001','7364eb24-2299-11f1-a590-00090ffe0001','M',NULL,'2026-03-22 23:45:37','2026-03-22 23:45:37'),('8d4b1018-260e-11f1-9389-00090ffe0001','dcc78773-22a8-11f1-a590-00090ffe0001','e1943a2e-22a8-11f1-a590-00090ffe0001','73692ddb-2299-11f1-a590-00090ffe0001','F',NULL,'2026-03-22 23:45:37','2026-03-22 23:45:37'),('8d4b27be-260e-11f1-9389-00090ffe0001','dcc78773-22a8-11f1-a590-00090ffe0001','e1970921-22a8-11f1-a590-00090ffe0001','73692ddb-2299-11f1-a590-00090ffe0001','M',NULL,'2026-03-22 23:45:37','2026-03-22 23:45:37'),('8d4b386a-260e-11f1-9389-00090ffe0001','dcc78773-22a8-11f1-a590-00090ffe0001','e198c9dd-22a8-11f1-a590-00090ffe0001','73692ddb-2299-11f1-a590-00090ffe0001','M',NULL,'2026-03-22 23:45:37','2026-03-22 23:45:37'),('8d4b47f1-260e-11f1-9389-00090ffe0001','dcc78773-22a8-11f1-a590-00090ffe0001','e19b1664-22a8-11f1-a590-00090ffe0001','73692ddb-2299-11f1-a590-00090ffe0001','M',NULL,'2026-03-22 23:45:37','2026-03-22 23:45:37'),('8d4b5748-260e-11f1-9389-00090ffe0001','dcc78773-22a8-11f1-a590-00090ffe0001','e19c83e8-22a8-11f1-a590-00090ffe0001','73692ddb-2299-11f1-a590-00090ffe0001','M',NULL,'2026-03-22 23:45:37','2026-03-22 23:45:37'),('8d4b6637-260e-11f1-9389-00090ffe0001','dcc78773-22a8-11f1-a590-00090ffe0001','e19e1944-22a8-11f1-a590-00090ffe0001','73692ddb-2299-11f1-a590-00090ffe0001','M',NULL,'2026-03-22 23:45:37','2026-03-22 23:45:37'),('8d4b750d-260e-11f1-9389-00090ffe0001','dcc78773-22a8-11f1-a590-00090ffe0001','e1a02ad7-22a8-11f1-a590-00090ffe0001','73692ddb-2299-11f1-a590-00090ffe0001','M',NULL,'2026-03-22 23:45:37','2026-03-22 23:45:37'),('8d4b8bef-260e-11f1-9389-00090ffe0001','dcc78773-22a8-11f1-a590-00090ffe0001','e1a28988-22a8-11f1-a590-00090ffe0001','73692ddb-2299-11f1-a590-00090ffe0001','M',NULL,'2026-03-22 23:45:37','2026-03-22 23:45:37'),('8d4ba944-260e-11f1-9389-00090ffe0001','dcc78773-22a8-11f1-a590-00090ffe0001','e1943a2e-22a8-11f1-a590-00090ffe0001','736a140f-2299-11f1-a590-00090ffe0001','F',NULL,'2026-03-22 23:45:37','2026-03-22 23:45:37'),('8d4bbe3b-260e-11f1-9389-00090ffe0001','dcc78773-22a8-11f1-a590-00090ffe0001','e1970921-22a8-11f1-a590-00090ffe0001','736a140f-2299-11f1-a590-00090ffe0001','F',NULL,'2026-03-22 23:45:37','2026-03-22 23:45:37'),('8d4bd8e8-260e-11f1-9389-00090ffe0001','dcc78773-22a8-11f1-a590-00090ffe0001','e198c9dd-22a8-11f1-a590-00090ffe0001','736a140f-2299-11f1-a590-00090ffe0001','F',NULL,'2026-03-22 23:45:37','2026-03-22 23:45:37'),('8d4c02f8-260e-11f1-9389-00090ffe0001','dcc78773-22a8-11f1-a590-00090ffe0001','e19b1664-22a8-11f1-a590-00090ffe0001','736a140f-2299-11f1-a590-00090ffe0001','M',NULL,'2026-03-22 23:45:37','2026-03-22 23:45:37'),('8d4c16f5-260e-11f1-9389-00090ffe0001','dcc78773-22a8-11f1-a590-00090ffe0001','e19c83e8-22a8-11f1-a590-00090ffe0001','736a140f-2299-11f1-a590-00090ffe0001','M',NULL,'2026-03-22 23:45:37','2026-03-22 23:45:37'),('8d4c2e28-260e-11f1-9389-00090ffe0001','dcc78773-22a8-11f1-a590-00090ffe0001','e19e1944-22a8-11f1-a590-00090ffe0001','736a140f-2299-11f1-a590-00090ffe0001','F',NULL,'2026-03-22 23:45:37','2026-03-22 23:45:37'),('8d4c54d1-260e-11f1-9389-00090ffe0001','dcc78773-22a8-11f1-a590-00090ffe0001','e1a02ad7-22a8-11f1-a590-00090ffe0001','736a140f-2299-11f1-a590-00090ffe0001','M',NULL,'2026-03-22 23:45:37','2026-03-22 23:45:37'),('8d4d0fc8-260e-11f1-9389-00090ffe0001','dcc78773-22a8-11f1-a590-00090ffe0001','e1a28988-22a8-11f1-a590-00090ffe0001','736a140f-2299-11f1-a590-00090ffe0001','F',NULL,'2026-03-22 23:45:37','2026-03-22 23:45:37'),('8d4d31da-260e-11f1-9389-00090ffe0001','dcc78773-22a8-11f1-a590-00090ffe0001','e1a556e3-22a8-11f1-a590-00090ffe0001','736a140f-2299-11f1-a590-00090ffe0001','F',NULL,'2026-03-22 23:45:37','2026-03-22 23:45:37'),('8d4d4b84-260e-11f1-9389-00090ffe0001','dcc78773-22a8-11f1-a590-00090ffe0001','e1a67588-22a8-11f1-a590-00090ffe0001','736a140f-2299-11f1-a590-00090ffe0001','F',NULL,'2026-03-22 23:45:37','2026-03-22 23:45:37'),('8d4d633c-260e-11f1-9389-00090ffe0001','dcc78773-22a8-11f1-a590-00090ffe0001','e1943a2e-22a8-11f1-a590-00090ffe0001','736b6eec-2299-11f1-a590-00090ffe0001','F',NULL,'2026-03-22 23:45:37','2026-03-22 23:45:37'),('8d4d7ac5-260e-11f1-9389-00090ffe0001','dcc78773-22a8-11f1-a590-00090ffe0001','e1970921-22a8-11f1-a590-00090ffe0001','736b6eec-2299-11f1-a590-00090ffe0001','M',NULL,'2026-03-22 23:45:37','2026-03-22 23:45:37'),('8d4d96aa-260e-11f1-9389-00090ffe0001','dcc78773-22a8-11f1-a590-00090ffe0001','e198c9dd-22a8-11f1-a590-00090ffe0001','736b6eec-2299-11f1-a590-00090ffe0001','M',NULL,'2026-03-22 23:45:37','2026-03-22 23:45:37'),('8d4dac6e-260e-11f1-9389-00090ffe0001','dcc78773-22a8-11f1-a590-00090ffe0001','e19b1664-22a8-11f1-a590-00090ffe0001','736b6eec-2299-11f1-a590-00090ffe0001','P',NULL,'2026-03-22 23:45:37','2026-03-22 23:45:37'),('8d4dc3a6-260e-11f1-9389-00090ffe0001','dcc78773-22a8-11f1-a590-00090ffe0001','e19c83e8-22a8-11f1-a590-00090ffe0001','736b6eec-2299-11f1-a590-00090ffe0001','M',NULL,'2026-03-22 23:45:37','2026-03-22 23:45:37'),('8d4ddbe4-260e-11f1-9389-00090ffe0001','dcc78773-22a8-11f1-a590-00090ffe0001','e19e1944-22a8-11f1-a590-00090ffe0001','736b6eec-2299-11f1-a590-00090ffe0001','M',NULL,'2026-03-22 23:45:37','2026-03-22 23:45:37'),('8d4df48b-260e-11f1-9389-00090ffe0001','dcc78773-22a8-11f1-a590-00090ffe0001','e1a02ad7-22a8-11f1-a590-00090ffe0001','736b6eec-2299-11f1-a590-00090ffe0001','M',NULL,'2026-03-22 23:45:37','2026-03-22 23:45:37'),('8d4e0a51-260e-11f1-9389-00090ffe0001','dcc78773-22a8-11f1-a590-00090ffe0001','e1a28988-22a8-11f1-a590-00090ffe0001','736b6eec-2299-11f1-a590-00090ffe0001','M',NULL,'2026-03-22 23:45:37','2026-03-22 23:45:37'),('8d4e2111-260e-11f1-9389-00090ffe0001','dcc78773-22a8-11f1-a590-00090ffe0001','e1a556e3-22a8-11f1-a590-00090ffe0001','736b6eec-2299-11f1-a590-00090ffe0001','M',NULL,'2026-03-22 23:45:37','2026-03-22 23:45:37'),('8d4e3728-260e-11f1-9389-00090ffe0001','dcc78773-22a8-11f1-a590-00090ffe0001','e1a67588-22a8-11f1-a590-00090ffe0001','736b6eec-2299-11f1-a590-00090ffe0001','M',NULL,'2026-03-22 23:45:37','2026-03-22 23:45:37'),('8d4e4c79-260e-11f1-9389-00090ffe0001','dcc78773-22a8-11f1-a590-00090ffe0001','e1943a2e-22a8-11f1-a590-00090ffe0001','736063a0-2299-11f1-a590-00090ffe0001','F',NULL,'2026-03-22 23:45:37','2026-03-22 23:45:37'),('8d4e61ea-260e-11f1-9389-00090ffe0001','dcc78773-22a8-11f1-a590-00090ffe0001','e1970921-22a8-11f1-a590-00090ffe0001','736063a0-2299-11f1-a590-00090ffe0001','M',NULL,'2026-03-22 23:45:37','2026-03-22 23:45:37'),('8d4e7882-260e-11f1-9389-00090ffe0001','dcc78773-22a8-11f1-a590-00090ffe0001','e19b1664-22a8-11f1-a590-00090ffe0001','736063a0-2299-11f1-a590-00090ffe0001','P',NULL,'2026-03-22 23:45:37','2026-03-22 23:45:37'),('8d4e8eb5-260e-11f1-9389-00090ffe0001','dcc78773-22a8-11f1-a590-00090ffe0001','e1a67588-22a8-11f1-a590-00090ffe0001','736063a0-2299-11f1-a590-00090ffe0001','M',NULL,'2026-03-22 23:45:37','2026-03-22 23:45:37'),('8d4ea429-260e-11f1-9389-00090ffe0001','dcc78773-22a8-11f1-a590-00090ffe0001','e1943a2e-22a8-11f1-a590-00090ffe0001','736184e6-2299-11f1-a590-00090ffe0001','F',NULL,'2026-03-22 23:45:37','2026-03-22 23:45:37'),('8d4ede49-260e-11f1-9389-00090ffe0001','dcc78773-22a8-11f1-a590-00090ffe0001','e1970921-22a8-11f1-a590-00090ffe0001','736184e6-2299-11f1-a590-00090ffe0001','M',NULL,'2026-03-22 23:45:37','2026-03-22 23:45:37'),('8d4ef902-260e-11f1-9389-00090ffe0001','dcc78773-22a8-11f1-a590-00090ffe0001','e1943a2e-22a8-11f1-a590-00090ffe0001','7362e826-2299-11f1-a590-00090ffe0001','F',NULL,'2026-03-22 23:45:37','2026-03-22 23:45:37'),('8d4f0fe9-260e-11f1-9389-00090ffe0001','dcc78773-22a8-11f1-a590-00090ffe0001','e1970921-22a8-11f1-a590-00090ffe0001','7362e826-2299-11f1-a590-00090ffe0001','M',NULL,'2026-03-22 23:45:37','2026-03-22 23:45:37'),('8d4f2391-260e-11f1-9389-00090ffe0001','dcc78773-22a8-11f1-a590-00090ffe0001','e1943a2e-22a8-11f1-a590-00090ffe0001','73669137-2299-11f1-a590-00090ffe0001','F',NULL,'2026-03-22 23:45:37','2026-03-22 23:45:37'),('8d4f348e-260e-11f1-9389-00090ffe0001','dcc78773-22a8-11f1-a590-00090ffe0001','e1970921-22a8-11f1-a590-00090ffe0001','73669137-2299-11f1-a590-00090ffe0001','M',NULL,'2026-03-22 23:45:37','2026-03-22 23:45:37'),('8d4f44e3-260e-11f1-9389-00090ffe0001','dcc78773-22a8-11f1-a590-00090ffe0001','e198c9dd-22a8-11f1-a590-00090ffe0001','73669137-2299-11f1-a590-00090ffe0001','M',NULL,'2026-03-22 23:45:37','2026-03-22 23:45:37'),('8d4f54a3-260e-11f1-9389-00090ffe0001','dcc78773-22a8-11f1-a590-00090ffe0001','e19c83e8-22a8-11f1-a590-00090ffe0001','73669137-2299-11f1-a590-00090ffe0001','P',NULL,'2026-03-22 23:45:37','2026-03-22 23:45:37'),('8d4f6361-260e-11f1-9389-00090ffe0001','dcc78773-22a8-11f1-a590-00090ffe0001','e1943a2e-22a8-11f1-a590-00090ffe0001','7367e971-2299-11f1-a590-00090ffe0001','F',NULL,'2026-03-22 23:45:37','2026-03-22 23:45:37'),('8d4f71cc-260e-11f1-9389-00090ffe0001','dcc78773-22a8-11f1-a590-00090ffe0001','e1970921-22a8-11f1-a590-00090ffe0001','7367e971-2299-11f1-a590-00090ffe0001','F',NULL,'2026-03-22 23:45:37','2026-03-22 23:45:37'),('8d4f8002-260e-11f1-9389-00090ffe0001','dcc78773-22a8-11f1-a590-00090ffe0001','e198c9dd-22a8-11f1-a590-00090ffe0001','7367e971-2299-11f1-a590-00090ffe0001','F',NULL,'2026-03-22 23:45:37','2026-03-22 23:45:37'),('8d4f8dff-260e-11f1-9389-00090ffe0001','dcc78773-22a8-11f1-a590-00090ffe0001','e19e1944-22a8-11f1-a590-00090ffe0001','7367e971-2299-11f1-a590-00090ffe0001','M',NULL,'2026-03-22 23:45:37','2026-03-22 23:45:37'),('8d4f9f59-260e-11f1-9389-00090ffe0001','dcc78773-22a8-11f1-a590-00090ffe0001','e1a556e3-22a8-11f1-a590-00090ffe0001','7367e971-2299-11f1-a590-00090ffe0001','M',NULL,'2026-03-22 23:45:37','2026-03-22 23:45:37'),('8d4fadf2-260e-11f1-9389-00090ffe0001','dcc78773-22a8-11f1-a590-00090ffe0001','e1a67588-22a8-11f1-a590-00090ffe0001','7367e971-2299-11f1-a590-00090ffe0001','M',NULL,'2026-03-22 23:45:37','2026-03-22 23:45:37');
/*!40000 ALTER TABLE `stakeholder_plo_mappings` ENABLE KEYS */;
UNLOCK TABLES;

--
-- Table structure for table `stakeholder_surveys`
--

DROP TABLE IF EXISTS `stakeholder_surveys`;
/*!40101 SET @saved_cs_client     = @@character_set_client */;
/*!40101 SET character_set_client = utf8 */;
CREATE TABLE `stakeholder_surveys` (
  `id` char(36) NOT NULL DEFAULT uuid(),
  `program_id` char(36) NOT NULL,
  `title` varchar(255) NOT NULL,
  `academic_year` int(11) NOT NULL,
  `survey_date` date DEFAULT NULL,
  `note` text DEFAULT NULL,
  `is_active` tinyint(1) NOT NULL DEFAULT 1,
  `created_at` datetime NOT NULL DEFAULT current_timestamp(),
  `updated_at` datetime NOT NULL DEFAULT current_timestamp() ON UPDATE current_timestamp(),
  PRIMARY KEY (`id`),
  KEY `idx_surveys_prog` (`program_id`,`academic_year`),
  CONSTRAINT `fk_ss_prog` FOREIGN KEY (`program_id`) REFERENCES `programs` (`id`) ON DELETE CASCADE
) ENGINE=InnoDB DEFAULT CHARSET=utf8mb4 COLLATE=utf8mb4_general_ci;
/*!40101 SET character_set_client = @saved_cs_client */;

--
-- Dumping data for table `stakeholder_surveys`
--

LOCK TABLES `stakeholder_surveys` WRITE;
/*!40000 ALTER TABLE `stakeholder_surveys` DISABLE KEYS */;
INSERT INTO `stakeholder_surveys` VALUES ('6f3d021c-2299-11f1-a590-00090ffe0001','00000000-0000-0000-0000-000000000001','Stakeholder Mapping 2026',2026,NULL,NULL,1,'2026-03-18 14:09:41','2026-03-18 14:09:41'),('dcc78773-22a8-11f1-a590-00090ffe0001','00000000-0000-0000-0000-000000000002','Stakeholder Mapping 2026',2026,NULL,NULL,1,'2026-03-18 16:00:07','2026-03-18 16:00:07');
/*!40000 ALTER TABLE `stakeholder_surveys` ENABLE KEYS */;
UNLOCK TABLES;

--
-- Table structure for table `stakeholders`
--

DROP TABLE IF EXISTS `stakeholders`;
/*!40101 SET @saved_cs_client     = @@character_set_client */;
/*!40101 SET character_set_client = utf8 */;
CREATE TABLE `stakeholders` (
  `id` char(36) NOT NULL DEFAULT uuid(),
  `program_id` char(36) NOT NULL,
  `name_th` varchar(255) NOT NULL,
  `name_en` varchar(255) DEFAULT NULL,
  `sort_order` int(11) NOT NULL DEFAULT 0,
  `is_active` tinyint(1) NOT NULL DEFAULT 1,
  `created_at` datetime NOT NULL DEFAULT current_timestamp(),
  PRIMARY KEY (`id`),
  UNIQUE KEY `uq_program_name` (`program_id`,`name_th`),
  UNIQUE KEY `uq_stakeholder` (`program_id`,`name_th`(100)),
  KEY `idx_stakeholders_prog` (`program_id`,`sort_order`),
  CONSTRAINT `fk_sk_prog` FOREIGN KEY (`program_id`) REFERENCES `programs` (`id`) ON DELETE CASCADE
) ENGINE=InnoDB DEFAULT CHARSET=utf8mb4 COLLATE=utf8mb4_general_ci;
/*!40101 SET character_set_client = @saved_cs_client */;

--
-- Dumping data for table `stakeholders`
--

LOCK TABLES `stakeholders` WRITE;
/*!40000 ALTER TABLE `stakeholders` DISABLE KEYS */;
INSERT INTO `stakeholders` VALUES ('7354d977-2299-11f1-a590-00090ffe0001','00000000-0000-0000-0000-000000000001','อาจารย์',NULL,0,1,'2026-03-18 14:09:48'),('73573cae-2299-11f1-a590-00090ffe0001','00000000-0000-0000-0000-000000000001','นักศึกษา',NULL,0,1,'2026-03-18 14:09:48'),('73584ee5-2299-11f1-a590-00090ffe0001','00000000-0000-0000-0000-000000000001','ศิษย์เก่า',NULL,0,1,'2026-03-18 14:09:48'),('73598189-2299-11f1-a590-00090ffe0001','00000000-0000-0000-0000-000000000001','นักเรียน',NULL,0,1,'2026-03-18 14:09:48'),('735a36f9-2299-11f1-a590-00090ffe0001','00000000-0000-0000-0000-000000000001','ผู้ปกครอง',NULL,0,1,'2026-03-18 14:09:48'),('735b438b-2299-11f1-a590-00090ffe0001','00000000-0000-0000-0000-000000000001','ผู้ใช้ บัณฑิต',NULL,0,1,'2026-03-18 14:09:48'),('735c22e0-2299-11f1-a590-00090ffe0001','00000000-0000-0000-0000-000000000001','ชุมชน',NULL,0,1,'2026-03-18 14:09:48'),('735d1361-2299-11f1-a590-00090ffe0001','00000000-0000-0000-0000-000000000001','สกอ./ศษ.',NULL,0,1,'2026-03-18 14:09:48'),('735e7bb8-2299-11f1-a590-00090ffe0001','00000000-0000-0000-0000-000000000001','ผู้บริหาร ม.อ.',NULL,0,1,'2026-03-18 14:09:48'),('735f3aa6-2299-11f1-a590-00090ffe0001','00000000-0000-0000-0000-000000000001','สภา วิชาชีพ/ ผู้ทรงคุณ วุฒิ',NULL,0,1,'2026-03-18 14:09:48'),('e1943a2e-22a8-11f1-a590-00090ffe0001','00000000-0000-0000-0000-000000000002','อาจารย์',NULL,0,1,'2026-03-18 16:00:15'),('e1970921-22a8-11f1-a590-00090ffe0001','00000000-0000-0000-0000-000000000002','นักศึกษา',NULL,0,1,'2026-03-18 16:00:15'),('e198c9dd-22a8-11f1-a590-00090ffe0001','00000000-0000-0000-0000-000000000002','ศิษย์เก่า',NULL,0,1,'2026-03-18 16:00:15'),('e19b1664-22a8-11f1-a590-00090ffe0001','00000000-0000-0000-0000-000000000002','นักเรียน',NULL,0,1,'2026-03-18 16:00:16'),('e19c83e8-22a8-11f1-a590-00090ffe0001','00000000-0000-0000-0000-000000000002','ผู้ปกครอง',NULL,0,1,'2026-03-18 16:00:16'),('e19e1944-22a8-11f1-a590-00090ffe0001','00000000-0000-0000-0000-000000000002','ผู้ใช้ บัณฑิต',NULL,0,1,'2026-03-18 16:00:16'),('e1a02ad7-22a8-11f1-a590-00090ffe0001','00000000-0000-0000-0000-000000000002','ชุมชน',NULL,0,1,'2026-03-18 16:00:16'),('e1a28988-22a8-11f1-a590-00090ffe0001','00000000-0000-0000-0000-000000000002','สกอ./ศษ.',NULL,0,1,'2026-03-18 16:00:16'),('e1a556e3-22a8-11f1-a590-00090ffe0001','00000000-0000-0000-0000-000000000002','ผู้บริหาร ม.อ.',NULL,0,1,'2026-03-18 16:00:16'),('e1a67588-22a8-11f1-a590-00090ffe0001','00000000-0000-0000-0000-000000000002','สภา วิชาชีพ/ ผู้ทรงคุณ วุฒิ',NULL,0,1,'2026-03-18 16:00:16');
/*!40000 ALTER TABLE `stakeholders` ENABLE KEYS */;
UNLOCK TABLES;

--
-- Table structure for table `student_page_content`
--

DROP TABLE IF EXISTS `student_page_content`;
/*!40101 SET @saved_cs_client     = @@character_set_client */;
/*!40101 SET character_set_client = utf8 */;
CREATE TABLE `student_page_content` (
  `id` int(11) NOT NULL AUTO_INCREMENT,
  `course_id` int(11) NOT NULL,
  `structure` longtext CHARACTER SET utf8mb4 COLLATE utf8mb4_bin DEFAULT NULL CHECK (json_valid(`structure`)),
  `minor_header` longtext CHARACTER SET utf8mb4 COLLATE utf8mb4_bin DEFAULT NULL CHECK (json_valid(`minor_header`)),
  `updated_at` timestamp NOT NULL DEFAULT current_timestamp() ON UPDATE current_timestamp(),
  PRIMARY KEY (`id`),
  UNIQUE KEY `course_id` (`course_id`),
  CONSTRAINT `student_page_content_ibfk_1` FOREIGN KEY (`course_id`) REFERENCES `courses` (`id`) ON DELETE CASCADE
) ENGINE=InnoDB AUTO_INCREMENT=11 DEFAULT CHARSET=utf8mb4 COLLATE=utf8mb4_general_ci;
/*!40101 SET character_set_client = @saved_cs_client */;

--
-- Dumping data for table `student_page_content`
--

LOCK TABLES `student_page_content` WRITE;
/*!40000 ALTER TABLE `student_page_content` DISABLE KEYS */;
INSERT INTO `student_page_content` VALUES (1,10,'{\"general\":{\"title_th\":\"หมวดวิชาศึกษาทั่วไป\",\"title_en\":\"General Education\",\"subtitle\":\"General Education — คลิกเพื่อดูรายละเอียด\",\"content\":\"เลือกจากรายวิชาเลือกของหมวดวิชาศึกษาทั่วไปที่เปิดสอนในมหาวิทยาลัยสงขลานครินทร์ ทั้งนี้ต้องตรงตามปริญญาของหมวดวิชาศึกษาทั่วไปซึ่งผ่านความเห็นชอบจากคณะกรรมการพัฒนาหมวดวิชาศึกษาทั่วไปของมหาวิทยาลัยสงขลานครินทร์\",\"btn_text\":\"ดูรายวิชาเลือก มอ. หาดใหญ่\",\"btn_url\":\"https://gened.psu.ac.th/category/hatyai/\"},\"free\":{\"title_th\":\"หมวดวิชาเลือกเสรี\",\"title_en\":\"Free Elective\",\"subtitle\":\"Free Elective — คลิกเพื่อดูรายละเอียด\",\"content\":\"นักศึกษาสามารถเลือกเรียนรายวิชาใด ๆ ที่สนใจที่เปิดสอนในมหาวิทยาลัยสงขลานครินทร์ หรือ มหาวิทยาลัยอื่นทั้งในประเทศและต่างประเทศ โดยความเห็นชอบของหลักสูตร/วิชาเอก\"},\"specific\":{\"title_th\":\"หมวดวิชาเฉพาะ\",\"title_en\":\"Specific Courses\",\"subtitle\":\"Specific Courses — ประกอบด้วยหมวดย่อย 4 ประเภท\"}}','{\"text\":\"วิชาโท เลือกได้จากกลุ่มวิชาใดกลุ่มหนึ่ง รวม 15 หน่วยกิต\",\"bold_text\":\"วิชาบังคับและวิชาเลือกของแต่ละวิชาเอกสามารถนำมานับเป็นวิชาโทได้ทั้งหมด\"}','2026-03-25 03:01:53'),(6,3,'{\"general\":{\"title_th\":\"หมวดวิชาศึกษาทั่วไป\",\"title_en\":\"General Education\",\"subtitle\":\"General Education — คลิกเพื่อดูรายละเอียด\",\"content\":\"เลือกจากรายวิชาเลือกของหมวดวิชาศึกษาทั่วไปที่เปิดสอนในมหาวิทยาลัยสงขลานครินทร์ ทั้งนี้ต้องตรงตามปริญญาของหมวดวิชาศึกษาทั่วไปซึ่งผ่านความเห็นชอบจากคณะกรรมการพัฒนาหมวดวิชาศึกษาทั่วไปของมหาวิทยาลัยสงขลานครินทร์\",\"btn_text\":\"ดูรายวิชาเลือก มอ. หาดใหญ่\",\"btn_url\":\"https://gened.psu.ac.th/category/hatyai/\"},\"free\":{\"title_th\":\"หมวดวิชาเลือกเสรี\",\"title_en\":\"Free Elective\",\"subtitle\":\"Free Elective — คลิกเพื่อดูรายละเอียด\",\"content\":\"นักศึกษาสามารถเลือกเรียนรายวิชาใด ๆ ที่สนใจที่เปิดสอนในมหาวิทยาลัยสงขลานครินทร์ หรือ มหาวิทยาลัยอื่นทั้งในประเทศและต่างประเทศ โดยความเห็นชอบของหลักสูตร/วิชาเอก\"},\"specific\":{\"title_th\":\"หมวดวิชาเฉพาะ\",\"title_en\":\"Specific Courses\",\"subtitle\":\"Specific Courses — ประกอบด้วยหมวดย่อย 4 ประเภท\"}}','{\"text\":\"วิชาโท เลือกได้จากกลุ่มวิชาใดกลุ่มหนึ่ง รวม 15 หน่วยกิต\",\"bold_text\":\"วิชาบังคับและวิชาเลือกของแต่ละวิชาเอกสามารถนำมานับเป็นวิชาโทได้ทั้งหมด\"}','2026-03-25 03:17:01'),(7,5,'{\"general\":{\"title_th\":\"หมวดวิชาศึกษาทั่วไป\",\"title_en\":\"General Education\",\"subtitle\":\"General Education — คลิกเพื่อดูรายละเอียด\",\"content\":\"เลือกจากรายวิชาเลือกของหมวดวิชาศึกษาทั่วไปที่เปิดสอนในมหาวิทยาลัยสงขลานครินทร์ ทั้งนี้ต้องตรงตามปริญญาของหมวดวิชาศึกษาทั่วไปซึ่งผ่านความเห็นชอบจากคณะกรรมการพัฒนาหมวดวิชาศึกษาทั่วไปของมหาวิทยาลัยสงขลานครินทร์\",\"btn_text\":\"ดูรายวิชาเลือก มอ. หาดใหญ่\",\"btn_url\":\"https://gened.psu.ac.th/category/hatyai/\"},\"free\":{\"title_th\":\"หมวดวิชาเลือกเสรี\",\"title_en\":\"Free Elective\",\"subtitle\":\"Free Elective — คลิกเพื่อดูรายละเอียด\",\"content\":\"นักศึกษาสามารถเลือกเรียนรายวิชาใด ๆ ที่สนใจที่เปิดสอนในมหาวิทยาลัยสงขลานครินทร์ หรือ มหาวิทยาลัยอื่นทั้งในประเทศและต่างประเทศ โดยความเห็นชอบของหลักสูตร/วิชาเอก\"},\"specific\":{\"title_th\":\"หมวดวิชาเฉพาะ\",\"title_en\":\"Specific Courses\",\"subtitle\":\"Specific Courses — ประกอบด้วยหมวดย่อย 4 ประเภท\"}}','{\"text\":\"วิชาโท เลือกได้จากกลุ่มวิชาใดกลุ่มหนึ่ง รวม 15 หน่วยกิต\",\"bold_text\":\"วิชาบังคับและวิชาเลือกของแต่ละวิชาเอกสามารถนำมานับเป็นวิชาโทได้ทั้งหมด\"}','2026-03-25 03:23:27');
/*!40000 ALTER TABLE `student_page_content` ENABLE KEYS */;
UNLOCK TABLES;

--
-- Table structure for table `student_stats`
--

DROP TABLE IF EXISTS `student_stats`;
/*!40101 SET @saved_cs_client     = @@character_set_client */;
/*!40101 SET character_set_client = utf8 */;
CREATE TABLE `student_stats` (
  `id` char(36) NOT NULL DEFAULT uuid(),
  `program_id` char(36) NOT NULL,
  `academic_year` int(11) NOT NULL,
  `major_id` int(11) DEFAULT NULL,
  `plan_intake` int(11) NOT NULL DEFAULT 0,
  `interviewed` int(11) NOT NULL DEFAULT 0,
  `confirmed` int(11) NOT NULL DEFAULT 0,
  `reported` int(11) NOT NULL DEFAULT 0,
  `no_show_intake` int(11) NOT NULL DEFAULT 0,
  `total_enrolled` int(11) NOT NULL DEFAULT 0,
  `total_graduated` int(11) NOT NULL DEFAULT 0,
  `created_at` datetime NOT NULL DEFAULT current_timestamp(),
  `updated_at` datetime NOT NULL DEFAULT current_timestamp() ON UPDATE current_timestamp(),
  PRIMARY KEY (`id`),
  UNIQUE KEY `uq_sstats` (`program_id`,`academic_year`,`major_id`),
  KEY `fk_sstats_major` (`major_id`),
  KEY `idx_sstats_prog_year` (`program_id`,`academic_year`),
  KEY `idx_sstats_major` (`program_id`,`major_id`,`academic_year`),
  CONSTRAINT `fk_sstats_major` FOREIGN KEY (`major_id`) REFERENCES `majors` (`id`) ON DELETE SET NULL,
  CONSTRAINT `fk_sstats_prog` FOREIGN KEY (`program_id`) REFERENCES `programs` (`id`) ON DELETE CASCADE
) ENGINE=InnoDB DEFAULT CHARSET=utf8mb4 COLLATE=utf8mb4_general_ci;
/*!40101 SET character_set_client = @saved_cs_client */;

--
-- Dumping data for table `student_stats`
--

LOCK TABLES `student_stats` WRITE;
/*!40000 ALTER TABLE `student_stats` DISABLE KEYS */;
INSERT INTO `student_stats` VALUES ('e8469ec9-1ec5-11f1-88b4-00090ffe0001','00000000-0000-0000-0000-000000000001',2567,1,70,122,80,76,4,524,0,'2026-03-13 17:17:57','2026-03-13 17:17:57'),('e846d5e4-1ec5-11f1-88b4-00090ffe0001','00000000-0000-0000-0000-000000000001',2567,2,70,139,93,90,3,524,0,'2026-03-13 17:17:57','2026-03-13 17:17:57'),('e846d810-1ec5-11f1-88b4-00090ffe0001','00000000-0000-0000-0000-000000000001',2567,3,70,132,97,94,3,524,0,'2026-03-13 17:17:57','2026-03-13 17:17:57'),('e846d93e-1ec5-11f1-88b4-00090ffe0001','00000000-0000-0000-0000-000000000001',2567,4,70,120,90,90,0,524,0,'2026-03-13 17:17:57','2026-03-13 17:17:57'),('e846da3e-1ec5-11f1-88b4-00090ffe0001','00000000-0000-0000-0000-000000000001',2567,5,70,123,91,87,4,524,0,'2026-03-13 17:17:57','2026-03-13 17:17:57'),('e846db69-1ec5-11f1-88b4-00090ffe0001','00000000-0000-0000-0000-000000000001',2567,6,70,118,80,80,0,524,0,'2026-03-13 17:17:57','2026-03-13 17:17:57'),('f24a78f0-203d-11f1-8471-00090ffe0001','00000000-0000-0000-0000-000000000001',2566,1,70,118,80,76,4,450,0,'2026-03-15 14:09:44','2026-03-15 14:09:44'),('f24aa86c-203d-11f1-8471-00090ffe0001','00000000-0000-0000-0000-000000000001',2566,2,70,143,78,76,2,450,0,'2026-03-15 14:09:44','2026-03-15 14:09:44'),('f24ab213-203d-11f1-8471-00090ffe0001','00000000-0000-0000-0000-000000000001',2566,3,70,102,96,94,2,450,0,'2026-03-15 14:09:44','2026-03-15 14:09:44'),('f24ab367-203d-11f1-8471-00090ffe0001','00000000-0000-0000-0000-000000000001',2566,4,70,145,100,99,1,450,0,'2026-03-15 14:09:44','2026-03-15 14:09:44'),('f24ab46e-203d-11f1-8471-00090ffe0001','00000000-0000-0000-0000-000000000001',2566,5,70,142,99,98,1,450,0,'2026-03-15 14:09:44','2026-03-15 14:09:44'),('f24ab6f7-203d-11f1-8471-00090ffe0001','00000000-0000-0000-0000-000000000001',2566,6,70,108,78,77,1,450,0,'2026-03-15 14:09:44','2026-03-15 14:09:44'),('f24ab815-203d-11f1-8471-00090ffe0001','00000000-0000-0000-0000-000000000001',2565,1,70,139,57,56,1,389,389,'2026-03-15 14:09:44','2026-03-15 14:09:44'),('f24ab914-203d-11f1-8471-00090ffe0001','00000000-0000-0000-0000-000000000001',2565,2,70,134,71,67,4,389,389,'2026-03-15 14:09:44','2026-03-15 14:09:44'),('f24aba8b-203d-11f1-8471-00090ffe0001','00000000-0000-0000-0000-000000000001',2565,3,70,104,56,54,2,389,389,'2026-03-15 14:09:44','2026-03-15 14:09:44'),('f24abb8b-203d-11f1-8471-00090ffe0001','00000000-0000-0000-0000-000000000001',2565,4,70,139,75,74,1,389,389,'2026-03-15 14:09:44','2026-03-15 14:09:44'),('f24abc7b-203d-11f1-8471-00090ffe0001','00000000-0000-0000-0000-000000000001',2565,5,70,121,76,73,3,389,389,'2026-03-15 14:09:44','2026-03-15 14:09:44'),('f24abd6c-203d-11f1-8471-00090ffe0001','00000000-0000-0000-0000-000000000001',2565,6,70,116,76,75,1,389,389,'2026-03-15 14:09:44','2026-03-15 14:09:44'),('f24abe64-203d-11f1-8471-00090ffe0001','00000000-0000-0000-0000-000000000001',2564,1,60,118,71,72,1,458,458,'2026-03-15 14:09:44','2026-03-15 14:09:44'),('f24abf55-203d-11f1-8471-00090ffe0001','00000000-0000-0000-0000-000000000001',2564,2,60,96,74,71,3,458,458,'2026-03-15 14:09:44','2026-03-15 14:09:44'),('f24ac046-203d-11f1-8471-00090ffe0001','00000000-0000-0000-0000-000000000001',2564,3,60,131,73,72,1,458,458,'2026-03-15 14:09:44','2026-03-15 14:09:44'),('f24ac138-203d-11f1-8471-00090ffe0001','00000000-0000-0000-0000-000000000001',2564,4,60,107,85,81,4,458,458,'2026-03-15 14:09:44','2026-03-15 14:09:44'),('f24ac22a-203d-11f1-8471-00090ffe0001','00000000-0000-0000-0000-000000000001',2564,5,60,101,89,88,1,458,458,'2026-03-15 14:09:44','2026-03-15 14:09:44'),('f24ac415-203d-11f1-8471-00090ffe0001','00000000-0000-0000-0000-000000000001',2564,6,60,105,73,72,1,458,458,'2026-03-15 14:09:44','2026-03-15 14:09:44'),('f24ac53a-203d-11f1-8471-00090ffe0001','00000000-0000-0000-0000-000000000001',2563,1,60,118,71,70,1,434,434,'2026-03-15 14:09:44','2026-03-15 14:09:44'),('f24ac634-203d-11f1-8471-00090ffe0001','00000000-0000-0000-0000-000000000001',2563,2,60,104,71,69,2,434,434,'2026-03-15 14:09:44','2026-03-15 14:09:44'),('f24ac721-203d-11f1-8471-00090ffe0001','00000000-0000-0000-0000-000000000001',2563,3,60,106,73,71,2,434,434,'2026-03-15 14:09:44','2026-03-15 14:09:44'),('f24ac80f-203d-11f1-8471-00090ffe0001','00000000-0000-0000-0000-000000000001',2563,4,60,113,79,77,2,434,434,'2026-03-15 14:09:44','2026-03-15 14:09:44'),('f24ac901-203d-11f1-8471-00090ffe0001','00000000-0000-0000-0000-000000000001',2563,5,60,102,70,67,3,434,434,'2026-03-15 14:09:44','2026-03-15 14:09:44'),('f24aca43-203d-11f1-8471-00090ffe0001','00000000-0000-0000-0000-000000000001',2563,6,60,114,77,76,1,434,434,'2026-03-15 14:09:44','2026-03-15 14:09:44');
/*!40000 ALTER TABLE `student_stats` ENABLE KEYS */;
UNLOCK TABLES;

--
-- Table structure for table `student_status_snapshots`
--

DROP TABLE IF EXISTS `student_status_snapshots`;
/*!40101 SET @saved_cs_client     = @@character_set_client */;
/*!40101 SET character_set_client = utf8 */;
CREATE TABLE `student_status_snapshots` (
  `id` char(36) NOT NULL DEFAULT uuid(),
  `program_id` char(36) NOT NULL,
  `academic_year` int(11) NOT NULL,
  `currently_enrolled` int(11) NOT NULL DEFAULT 0,
  `graduated` int(11) NOT NULL DEFAULT 0,
  `no_show` int(11) NOT NULL DEFAULT 0,
  `transferred` int(11) NOT NULL DEFAULT 0,
  `dropped_out` int(11) NOT NULL DEFAULT 0,
  `on_leave` int(11) NOT NULL DEFAULT 0,
  `created_at` datetime NOT NULL DEFAULT current_timestamp(),
  `updated_at` datetime NOT NULL DEFAULT current_timestamp() ON UPDATE current_timestamp(),
  PRIMARY KEY (`id`),
  UNIQUE KEY `uq_snap` (`program_id`,`academic_year`),
  KEY `idx_snap_prog_year` (`program_id`,`academic_year`),
  CONSTRAINT `fk_snap_prog` FOREIGN KEY (`program_id`) REFERENCES `programs` (`id`) ON DELETE CASCADE
) ENGINE=InnoDB DEFAULT CHARSET=utf8mb4 COLLATE=utf8mb4_general_ci;
/*!40101 SET character_set_client = @saved_cs_client */;

--
-- Dumping data for table `student_status_snapshots`
--

LOCK TABLES `student_status_snapshots` WRITE;
/*!40000 ALTER TABLE `student_status_snapshots` DISABLE KEYS */;
INSERT INTO `student_status_snapshots` VALUES ('e847d748-1ec5-11f1-88b4-00090ffe0001','00000000-0000-0000-0000-000000000001',2567,532,518,14,8,21,3,'2026-03-13 17:17:57','2026-03-13 17:17:57');
/*!40000 ALTER TABLE `student_status_snapshots` ENABLE KEYS */;
UNLOCK TABLES;

--
-- Table structure for table `study_plans`
--

DROP TABLE IF EXISTS `study_plans`;
/*!40101 SET @saved_cs_client     = @@character_set_client */;
/*!40101 SET character_set_client = utf8 */;
CREATE TABLE `study_plans` (
  `id` int(11) NOT NULL AUTO_INCREMENT,
  `major_id` int(11) DEFAULT NULL,
  `course_id` int(11) DEFAULT NULL,
  `academic_year` int(11) NOT NULL,
  `year_no` int(11) NOT NULL,
  `plan_type` varchar(20) NOT NULL DEFAULT 'normal',
  `status` varchar(20) NOT NULL DEFAULT 'active',
  PRIMARY KEY (`id`),
  UNIQUE KEY `uq_study_plan` (`major_id`,`academic_year`,`year_no`,`plan_type`),
  KEY `idx_study_plans_major` (`major_id`),
  KEY `idx_study_plans_course` (`course_id`),
  KEY `idx_study_plans_type` (`major_id`,`plan_type`,`year_no`),
  CONSTRAINT `fk_sp_course` FOREIGN KEY (`course_id`) REFERENCES `courses` (`id`) ON DELETE SET NULL,
  CONSTRAINT `fk_sp_major` FOREIGN KEY (`major_id`) REFERENCES `majors` (`id`) ON DELETE CASCADE,
  CONSTRAINT `chk_year_no` CHECK (`year_no` between 1 and 8),
  CONSTRAINT `chk_plan_type` CHECK (`plan_type` in ('normal','coop'))
) ENGINE=InnoDB AUTO_INCREMENT=603 DEFAULT CHARSET=utf8mb4 COLLATE=utf8mb4_general_ci;
/*!40101 SET character_set_client = @saved_cs_client */;

--
-- Dumping data for table `study_plans`
--

LOCK TABLES `study_plans` WRITE;
/*!40000 ALTER TABLE `study_plans` DISABLE KEYS */;
INSERT INTO `study_plans` VALUES (498,1,3,2563,1,'normal','active'),(499,1,3,2563,2,'normal','active'),(500,1,3,2563,3,'normal','active'),(501,1,3,2563,4,'normal','active'),(502,1,3,2563,1,'coop','active'),(503,1,3,2563,2,'coop','active'),(504,1,3,2563,3,'coop','active'),(505,1,3,2563,4,'coop','active'),(506,2,3,2563,1,'normal','active'),(507,2,3,2563,2,'normal','active'),(508,2,3,2563,3,'normal','active'),(509,2,3,2563,4,'normal','active'),(510,2,3,2563,1,'coop','active'),(511,2,3,2563,2,'coop','active'),(512,2,3,2563,3,'coop','active'),(513,2,3,2563,4,'coop','active'),(514,3,3,2563,1,'normal','active'),(515,3,3,2563,2,'normal','active'),(516,3,3,2563,3,'normal','active'),(517,3,3,2563,4,'normal','active'),(518,3,3,2563,1,'coop','active'),(519,3,3,2563,2,'coop','active'),(520,3,3,2563,3,'coop','active'),(521,3,3,2563,4,'coop','active'),(522,4,3,2563,1,'normal','active'),(523,4,3,2563,2,'normal','active'),(524,4,3,2563,3,'normal','active'),(525,4,3,2563,4,'normal','active'),(526,4,3,2563,1,'coop','active'),(527,4,3,2563,2,'coop','active'),(528,4,3,2563,3,'coop','active'),(529,4,3,2563,4,'coop','active'),(530,5,3,2563,1,'normal','active'),(531,5,3,2563,2,'normal','active'),(532,5,3,2563,3,'normal','active'),(533,5,3,2563,4,'normal','active'),(534,5,3,2563,1,'coop','active'),(535,5,3,2563,2,'coop','active'),(536,5,3,2563,3,'coop','active'),(537,5,3,2563,4,'coop','active'),(538,6,3,2563,1,'normal','active'),(539,6,3,2563,2,'normal','active'),(540,6,3,2563,3,'normal','active'),(541,6,3,2563,4,'normal','active'),(542,6,3,2563,1,'coop','active'),(543,6,3,2563,2,'coop','active'),(544,6,3,2563,3,'coop','active'),(545,6,3,2563,4,'coop','active'),(546,14,5,2567,1,'normal','active'),(547,14,5,2567,2,'normal','active'),(548,14,5,2567,3,'normal','active'),(549,14,5,2567,4,'normal','active'),(550,14,5,2567,1,'coop','active'),(551,14,5,2567,2,'coop','active'),(552,14,5,2567,3,'coop','active'),(553,14,5,2567,4,'coop','active'),(554,15,5,2567,1,'normal','active'),(555,15,5,2567,2,'normal','active'),(556,15,5,2567,3,'normal','active'),(557,15,5,2567,4,'normal','active'),(558,15,5,2567,1,'coop','active'),(559,15,5,2567,2,'coop','active'),(560,15,5,2567,3,'coop','active'),(561,15,5,2567,4,'coop','active'),(562,16,5,2567,1,'normal','active'),(563,16,5,2567,2,'normal','active'),(564,16,5,2567,3,'normal','active'),(565,16,5,2567,4,'normal','active'),(566,16,5,2567,1,'coop','active'),(567,16,5,2567,2,'coop','active'),(568,16,5,2567,3,'coop','active'),(569,16,5,2567,4,'coop','active'),(570,17,5,2567,1,'normal','active'),(571,17,5,2567,2,'normal','active'),(572,17,5,2567,3,'normal','active'),(573,17,5,2567,4,'normal','active'),(574,17,5,2567,1,'coop','active'),(575,17,5,2567,2,'coop','active'),(576,17,5,2567,3,'coop','active'),(577,17,5,2567,4,'coop','active'),(578,18,5,2567,1,'normal','active'),(579,18,5,2567,2,'normal','active'),(580,18,5,2567,3,'normal','active'),(581,18,5,2567,4,'normal','active'),(582,18,5,2567,1,'coop','active'),(583,18,5,2567,2,'coop','active'),(584,18,5,2567,3,'coop','active'),(585,18,5,2567,4,'coop','active'),(586,19,5,2567,1,'normal','active'),(587,19,5,2567,2,'normal','active'),(588,19,5,2567,3,'normal','active'),(589,19,5,2567,4,'normal','active'),(590,19,5,2567,1,'coop','active'),(591,19,5,2567,2,'coop','active'),(592,19,5,2567,3,'coop','active'),(593,19,5,2567,4,'coop','active'),(594,20,NULL,2569,1,'normal','active'),(595,20,NULL,2569,2,'normal','active'),(596,20,NULL,2569,3,'normal','active'),(597,20,NULL,2569,4,'normal','active'),(598,20,NULL,2569,1,'coop','active'),(599,28,NULL,2569,1,'normal','active'),(600,28,NULL,2569,1,'coop','active'),(601,29,NULL,2569,1,'normal','active'),(602,29,NULL,2569,1,'coop','active');
/*!40000 ALTER TABLE `study_plans` ENABLE KEYS */;
UNLOCK TABLES;

--
-- Table structure for table `subjects`
--

DROP TABLE IF EXISTS `subjects`;
/*!40101 SET @saved_cs_client     = @@character_set_client */;
/*!40101 SET character_set_client = utf8 */;
CREATE TABLE `subjects` (
  `id` int(11) NOT NULL AUTO_INCREMENT,
  `course_id` int(11) DEFAULT NULL,
  `code` varchar(50) NOT NULL,
  `name_th` text NOT NULL,
  `name_en` text DEFAULT NULL,
  `default_credits` int(11) NOT NULL,
  `default_hour_structure` varchar(50) DEFAULT NULL,
  `description_th` text DEFAULT NULL,
  `description_en` text DEFAULT NULL,
  `outcomes_th` text DEFAULT NULL,
  `outcomes_en` text DEFAULT NULL,
  PRIMARY KEY (`id`),
  UNIQUE KEY `uq_subject_code_per_course` (`course_id`,`code`),
  KEY `idx_subjects_course_id` (`course_id`),
  KEY `idx_subjects_course` (`course_id`),
  CONSTRAINT `fk_subjects_course` FOREIGN KEY (`course_id`) REFERENCES `courses` (`id`) ON UPDATE CASCADE
) ENGINE=InnoDB AUTO_INCREMENT=1732 DEFAULT CHARSET=utf8mb4 COLLATE=utf8mb4_general_ci;
/*!40101 SET character_set_client = @saved_cs_client */;

--
-- Dumping data for table `subjects`
--

LOCK TABLES `subjects` WRITE;
/*!40000 ALTER TABLE `subjects` DISABLE KEYS */;
INSERT INTO `subjects` VALUES (273,3,'GE-001','บังคับกลุ่มสาระภาษาและการสื่อสาร*',NULL,2,'2((2)-0-4)','เป็นไปตามประกาศมหาวิทยาลัย เรื่อง เกณฑ์การเรียนรายวิชาศึกษาทั่วไปสาระบังคับเรียน',NULL,NULL,NULL),(274,3,'ELEC-004','วิชาชีพเลือก',NULL,3,NULL,'เลือกตามความสนใจ',NULL,NULL,NULL),(275,3,'ELEC-006','วิชาชีพเลือก หรือ วิชาโท',NULL,3,NULL,'เลือกตามความสนใจ',NULL,NULL,NULL),(276,3,'ELEC-007','วิชาชีพเลือก หรือวิชาโท',NULL,3,NULL,'เลือกตามความสนใจ',NULL,NULL,NULL),(277,3,'ELEC-001','วิชาเลือกเสรี',NULL,3,NULL,'เลือกตามความสนใจ',NULL,NULL,NULL),(278,3,'ELEC-003','วิชาโท',NULL,3,NULL,'เลือกตามความสนใจ',NULL,NULL,NULL),(279,3,'ELEC-002','วิชาโท หรือ วิชาชีพเลือก',NULL,3,NULL,'เลือกตามความสนใจ',NULL,NULL,NULL),(280,3,'ELEC-005','วิชาโท หรือ วิชาเลือกเสรี',NULL,3,NULL,'เลือกตามความสนใจ',NULL,NULL,NULL),(281,3,'GE-004','เลือกการคิดเชิงระบบ',NULL,2,'2((2)-0-4)','เลือกตามความสนใจ',NULL,NULL,NULL),(282,3,'GE-003','เลือกการรู้ดิจิทัล',NULL,2,'2((2)-0-4)','เลือกตามความสนใจ',NULL,NULL,NULL),(283,3,'GE-006','เลือกการอยู่อย่างเท่าทัน',NULL,2,'2((2)-0-4)','เลือกตามความสนใจ',NULL,NULL,NULL),(284,3,'GE-005','เลือกสุนทรียศาสตร์และกีฬา',NULL,1,'1((1)-0-2)','เลือกตามความสนใจ',NULL,NULL,NULL),(285,3,'GE-002','เลือกหมวดวิชาศึกษาทั่วไป',NULL,2,'2((2)-0-4)','เลือกตามความสนใจ',NULL,NULL,NULL),(1491,3,'460-102','การจัดการทรัพยากรมนุษย์',NULL,3,'3((3)-0-6)','ภาพรวมการจัดการทรัพยากรมนุษย์ การจัดสายงาน การวางแผนกําลังคน การสรรหา การคัดเลือก การฝึกอบรมพนักงาน',NULL,NULL,NULL),(1494,3,'460-105','การจัดการทรัพยากรมนุษย์',NULL,3,'3((3)-0-6)','ภาพรวมการจัดการทรัพยากรมนุษย์ การจัดสายงาน การวางแผนกําลังคน การสรรหา การคัดเลือก การฝึกอบรมพนักงาน',NULL,NULL,NULL),(1496,3,'460-202','ชุดวิชาดิจิทัล นวัตกรรม และความเป็นผู้ประกอบการ',NULL,7,'7((3)-8-10)','แนวคิดพื้นฐานสถาปัตยกรรมอัจฉริยะทางธุรกิจ ภาพรวมของวงจรชีวิตโครงงานอัจฉริยะทางธุรกิจ',NULL,NULL,NULL),(1498,3,'460-302','สถิติสําหรับการวิจัยทางธุรกิจ',NULL,3,'3((2)-2-5)','เครื่องมือพื้นฐานทางสถิติ การวัดแนวโน้มเข้าสู่ส่วนกลาง การสํารวจด้วยตัวอย่าง การแจกแจงปกติ ช่วงแห่งความเชื่อมั่น',NULL,NULL,NULL),(1499,3,'460-303','ชุดวิชาความเป็นผู้ประกอบการ นวัตกรรม และการเปลี่ยนผ่านสู่ดิจิทัล',NULL,4,'4((3)-2-7)','ลักษณะขององค์กรธุรกิจสมัยใหม่ แนวคิดการบริหารธุรกิจ การส่งเสริมวัฒนธรรมให้มีคุณค่าและมูลค่า',NULL,NULL,NULL),(1502,3,'460-402','เตรียมสหกิจ',NULL,1,'30 ชั่วโมง','การเตรียมความพร้อมก่อนการฝึกงานสหกิจศึกษาและค้นคว้าเอกสารในเรื่องที่เกี่ยวข้องกับการฝึกงาน เทคนิคการนําเสนอ และจริยธรรมในการปฏิบัติงาน 224',NULL,NULL,NULL),(1503,3,'460-403','สหกิจศึกษา',NULL,6,'6((0)-36-0)','รายวิชาบังคับเรียนก่อน : 460-402 เตรียมสหกิจศึกษา',NULL,NULL,NULL),(1505,3,'464-201','การบัญชีเพื่อการจัดการทางธุรกิจ',NULL,3,'3((3)-0-6)','การบัญชีเพื่อการจัดการเบื้องต้น แนวคิดต้นทุนและการจําแนกต้นทุน การวิเคราะห์ต้นทุน',NULL,NULL,NULL),(1507,3,'473-200','การบริหารการเงิน',NULL,3,'3((3)-0-6)','ความรู้พื้นฐานการลงทุนและงบการเงิน งบแสดงฐานะทางการเงิน งบกําไรขาดทุน',NULL,NULL,NULL),(1512,3,'473-302','การบริหารความเสี่ยงทางการเงิน',NULL,3,'3((3)-0-6)','แนวคิดการบริหารความเสี่ยง ชนิดของความเสี่ยง การวัดความเสี่ยง ความเสี่ยงจากอัตราดอกเบี้ย',NULL,NULL,NULL),(1515,3,'473-305','แบบจําลองทางการเงิน',NULL,3,'3((2)-2-5)','การนําโปรแกรมคอมพิวเตอร์มาใช้ในการพยากรณ์ทางการเงิน วางแผนการเงิน การประมาณการทางการเงิน ตัวแปรต่างๆ',NULL,NULL,NULL),(1530,3,'474-305','การสื่อสารทางการตลาดเชิงบูรณาการ',NULL,3,'3((2)-2-5)','ความสําคัญของการสื่อสารทางการตลาด กระบวนการสื่อสาร ส่วนประสมของการสื่อสารทางการตลาด',NULL,NULL,NULL),(1531,3,'474-306','การตลาดดิจิทัล',NULL,3,'3((2)-2-5)','ความรู้และทักษะที่จําเป็นสําหรับการตลาดดิจิทัล เครื่องมือดิจิทัล การวางแผน การปฏิบัติการ การวัดและประเมินผล',NULL,NULL,NULL),(1536,5,'475-203','ภาวะผู้นำสำหรับศตวรรษที่ 21',NULL,3,'3((2)-2-5)','รูปแบบของความเป็นผู้นํา ปัญหาต่างๆในการทํางานในองค์กร ทักษะของผู้นําในศตวรรษที่ 21 องค์ความรู้เกี่ยวกับภาวะผู้นําและการเปลี่ยนแปลงในศตวรรษที่ 21',NULL,NULL,NULL),(1537,3,'475-204','การพัฒนาทรัพยากรมนุษย์',NULL,3,'3((2)-2-5)','แนวคิดการพัฒนาทรัพยากรมนุษย์ การฝึกอบรมและการพัฒนา การพัฒนาองค์กร การพัฒนาสายอาชีพ กระบวนการพัฒนาทรัพยากรมนุษย์',NULL,NULL,NULL),(1538,3,'475-205','การจัดการผลตอบแทน',NULL,3,'3((3)-0-6)','ระบบการจ่ายผลตอบแทน หลักการจ่ายผลตอบแทนพื้นฐาน ประเภทค่าตอบแทน ระบบจูงใจ สวัสดิการพนักงานที่บังคับโดยกฎหมายและโดยสมัครใจ',NULL,NULL,NULL),(1552,3,'476-204','การจัดซื้อและการจัดหา',NULL,3,'3((2)-2-5)','บทบาทหน้าที่ ความสําคัญ และข้อกําหนดของการจัดซื้อและการจัดหา กระบวนการจัดซื้อจัดหา',NULL,NULL,NULL),(1568,3,'477-204','เทคโนโลยีแพลตฟอร์มสําหรับคลาวด์',NULL,3,'3((2)-2-5)','คลาวด์คอมพิวติ้งเบื้องต้นและเทคโนโลยีที่เกี่ยวข้อง รูปแบบการให้บริการของระบบคลาวด์ สถาปัตยกรรมคลาวด์คอมพิวติ้ง',NULL,NULL,NULL),(1581,3,'478-205','ศิลปะการนําเสนอสําหรับอุตสาหกรรมไมซ์',NULL,3,'3((2)-2-5)','แนวคิด และรูปแบบของการพูดเพื่อนําเสนอในอุตสาหกรรมไมซ์กระบวนการวางแผนการนําเสนอ',NULL,NULL,NULL),(1589,3,'478-402','การวิจัยในอุตสาหกรรมไมซ์',NULL,3,'3((2)-2-5)','การระบุที่มาและความสําคัญของปัญหางานวิจัยด้านการจัดการไมซ์การสร้างคําถามวิจัย',NULL,NULL,NULL),(1593,3,'876-106','เศรษฐศาสตร์สำหรับบริหารธุรกิจ',NULL,3,'3((3)-0-6)','แนวคิดพื้นฐานทางเศรษฐศาสตร์จุลภาค ปัญหาพื้นฐานทางเศรษฐกิจ อุปสงค์และอุปทานของสินค้า',NULL,NULL,NULL),(1603,5,'ELEC67-001','วิชาเลือกเสรี',NULL,3,NULL,'เลือกตามความสนใจ',NULL,NULL,NULL),(1604,5,'ELEC67-002','วิชาชีพเลือก',NULL,3,NULL,'เลือกตามความสนใจ',NULL,NULL,NULL),(1605,5,'ELEC67-003','วิชาโท หรือ วิชาชีพเลือก',NULL,3,NULL,'เลือกตามความสนใจ',NULL,NULL,NULL),(1606,5,'ELEC67-004','วิชาโท หรือ วิชาเลือกเสรี',NULL,3,NULL,'เลือกตามความสนใจ',NULL,NULL,NULL),(1607,5,'ELEC67-005','วิชาโท',NULL,3,NULL,'เลือกตามความสนใจ',NULL,NULL,NULL),(1614,5,'GE67-001','GE 1 ภาษาและการสื่อสาร',NULL,2,NULL,'เลือกตามความสนใจ',NULL,NULL,NULL),(1615,5,'GE67-002','GE 6 จิตสาธารณะและการพัฒนาที่ยั่งยืน',NULL,2,NULL,'เลือกตามความสนใจ',NULL,NULL,NULL),(1616,5,'GE67-003','GE 2 การคิดเชิงตรรกะและตัวเลข',NULL,2,NULL,'เลือกตามความสนใจ',NULL,NULL,NULL),(1617,5,'GE67-004','GE 7 การปรับตัวให้เข้ากับพลวัตของโลก',NULL,2,NULL,'เลือกตามความสนใจ',NULL,NULL,NULL),(1618,5,'GE67-005','GE 3 การคิดแบบผู้ประกอบการ',NULL,2,NULL,'เลือกตามความสนใจ',NULL,NULL,NULL),(1619,5,'GE67-006','GE 4 การใช้เทคโนโลยีดิจิทัล',NULL,2,NULL,'เลือกตามความสนใจ',NULL,NULL,NULL),(1620,5,'GE67-007','GE 2 การคิดเชิงระบบ',NULL,2,NULL,'เลือกตามความสนใจ',NULL,NULL,NULL),(1621,5,'GE67-008','GE 5 สุขภาวะแบบองค์รวม',NULL,2,NULL,'เลือกตามความสนใจ',NULL,NULL,NULL),(1622,5,'GE67-009','GE 8 รายวิชาเลือกในหมวดวิชาศึกษาทั่วไป',NULL,2,NULL,'เลือกตามความสนใจ',NULL,NULL,NULL),(1623,5,'460-102','หลักการจัดการและจิตวิทยา',NULL,3,'3((3)-0-6)','ภาพรวมการจัดการทรัพยากรมนุษย์ การจัดสายงาน การวางแผนกําลังคน การสรรหา การคัดเลือก การฝึกอบรมพนักงาน',NULL,NULL,NULL),(1624,5,'460-202','ธุรกิจอัจฉริยะและการวิเคราะห์ข้อมูลเชิงธุรกิจ',NULL,7,'7((3)-8-10)','แนวคิดพื้นฐานสถาปัตยกรรมอัจฉริยะทางธุรกิจ ภาพรวมของวงจรชีวิตโครงงานอัจฉริยะทางธุรกิจ',NULL,NULL,NULL),(1625,5,'473-200','ชุดวิชาการบริหารและการวิเคราะห์การเงิน',NULL,3,'3((3)-0-6)','ความรู้พื้นฐานการลงทุนและงบการเงิน งบแสดงฐานะทางการเงิน งบกําไรขาดทุน',NULL,NULL,NULL),(1626,5,'473-302','ชุดวิชาบริหารความเสี่ยงทางการเงินและตราสารอนุพันธ์',NULL,3,'3((3)-0-6)','แนวคิดการบริหารความเสี่ยง ชนิดของความเสี่ยง การวัดความเสี่ยง ความเสี่ยงจากอัตราดอกเบี้ย',NULL,NULL,NULL),(1627,3,'475-203','ภาวะผู้นําสําหรับศตวรรษที่ 21',NULL,3,'3((2)-2-5)','รูปแบบของความเป็นผู้นํา ปัญหาต่างๆในการทํางานในองค์กร ทักษะของผู้นําในศตวรรษที่ 21 องค์ความรู้เกี่ยวกับภาวะผู้นําและการเปลี่ยนแปลงในศตวรรษที่ 21',NULL,NULL,NULL),(1628,3,'001-102','ศาสตร์พระราชากับการพัฒนาที่ยั่งยืน',NULL,2,'2((2)-0-4)','ความหมาย หลักการ แนวคิด ความสำคัญ และเป้าหมายของหลักปรัชญาของเศรษฐกิจพอเพียง',NULL,NULL,NULL),(1629,3,'388-100','สุขภาวะเพื่อเพื่อนมนุษย์',NULL,1,'1((1)-0-2)','หลักการและขั้นตอนการช่วยชีวิตขั้นพื้นฐาน ปัญหาสุขภาพจิตที่พบบ่อย การดูแลสุขภาพตามวัย',NULL,NULL,NULL),(1630,3,'460-101','หลักการตลาด',NULL,3,'3((3)-0-6)','ความหมายและขอบเขตของการตลาด แนวคิดและกระบวนการทางการตลาด พฤติกรรมผู้บริโภค',NULL,NULL,NULL),(1631,3,'464-101','การบัญชีการเงินเบื้องต้น',NULL,3,'3((3)-0-6)','ความหมายและวัตถุประสงค์ของการบัญชี ประโยชน์ของข้อมูลทางการบัญชี หลักการและวิธีการบันทึกตามหลักกการบัญชีคู่',NULL,NULL,NULL),(1632,3,'876-102','หลักเศรษฐศาสตร์พื้นฐานและการประยุกต์',NULL,3,'3((3)-0-6)','แนวคิดพื้นฐานจุลภาค: อุปสงค์อุปทาน ความยืดหยุ่น ภาครัฐ ต้นทุน โครงสร้างตลาด',NULL,NULL,NULL),(1633,3,'950-102','ชีวิตที่ดี',NULL,3,'3((3)-0-6)','ความหลากหลายทางวัฒนธรรม ความสุขของชีวิต การยอมรับความแตกต่าง การทำงานเป็นทีม',NULL,NULL,NULL),(1634,3,'GE63-001','บังคับกลุ่มสาระภาษาและการสื่อสาร*',NULL,2,'2((2)-0-4)','เป็นไปตามประกาศมหาวิทยาลัย เรื่อง เกณฑ์การเรียนรายวิชาศึกษาทั่วไปสาระบังคับเรียน',NULL,NULL,NULL),(1635,3,'322-100','คำนวณศิลป์',NULL,2,'2((2)-0-4)','คณิตศาสตร์รอบตัว ตัวแบบทางคณิตศาสตร์เพื่อการดำเนินชีวิต อัตราดอกเบี้ยและค่ารายปี',NULL,NULL,NULL),(1636,3,'460-103','หลักการเงิน',NULL,3,'3((3)-0-6)','เป้าหมายและหน้าที่ทางการเงิน การวิเคราะห์งบการเงิน การวางแผนและพยากรณ์ทางการเงิน การบริหารเงินทุนหมุนเวียน',NULL,NULL,NULL),(1637,3,'460-104','การจัดการการผลิตและการดำเนินงาน',NULL,3,'3((3)-0-6)','บทบาทและหน้าที่ของการจัดการการผลิตและการดําเนินงานในองค์การธุรกิจ การออกแบบ ผลิตภัณฑ์และบริการ',NULL,NULL,NULL),(1638,3,'895-001','พลเมืองที่ดี',NULL,2,'2((2)-0-4)','บทบาท หน้าที่ และความรับผิดชอบของพลเมือง การจัดระเบียบสังคม การอยู่ร่วมกันในสังคมพหุวัฒนธรรม',NULL,NULL,NULL),(1639,3,'GE63-002','เลือกหมวดวิชาศึกษาทั่วไป',NULL,2,'2((2)-0-4)','เลือกตามความสนใจ',NULL,NULL,NULL),(1640,3,'001-103','ไอเดียสู่ความเป็นผู้ประกอบการ',NULL,1,'1((1)-0-2)','การเป็นผู้ประกอบการ การวิเคราะห์สภาพแวดล้อมธุรกิจ การแสวงหาโอกาสทางธุรกิจ การจัดทำแนวคิดธุรกิจด้วยเครื่องมือทางธุรกิจสมัยใหม่',NULL,NULL,NULL),(1641,3,'347-203','สถิติพื้นฐานสำหรับธุรกิจและการประยุกต์ใช้',NULL,3,'3((2)-2-5)','แนวคิดพื้นฐานของสถิติและการประยุกต์ใช้ ข้อมูลและการจำแนกข้อมูล การสรุปและนำเสนอข้อมูล',NULL,NULL,NULL),(1642,3,'460-201','ทักษะการติดต่อสื่อสารทางธุรกิจ',NULL,2,'2((1)-2-3)','ทักษะการเขียนและการนำเสนอทางธุรกิจสำหรับผู้มีส่วนได้ส่วนเสีย การสืบค้นและการใช้ข้อมูลเพื่อการทำรายงาน',NULL,NULL,NULL),(1643,3,'460-400','ประโยชน์เพื่อนมนุษย์',NULL,1,'1((1)-0-2)','การทำกิจกรรมบูรณาการองค์ความรู้ตามหลักปรัชญาของเศรษฐกิจพอเพียง หลักการทรงงาน และหลักการเข้าใจ',NULL,NULL,NULL),(1644,3,'473-201','หลักการวางแผนการเงินส่วนบุคคลและภาษี',NULL,3,'3((2)-2-5)','ความรู้เบื้องต้นเกี่ยวกับการวางแผนการเงินและจรรยาบรรณ',NULL,NULL,NULL),(1645,3,'GE63-003','เลือกการรู้ดิจิทัล',NULL,2,'2((2)-0-4)','เลือกตามความสนใจ',NULL,NULL,NULL),(1646,3,'ELEC63-001','วิชาเลือกเสรี',NULL,3,NULL,'เลือกตามความสนใจ',NULL,NULL,NULL),(1647,3,'GE63-005','เลือกสุนทรียศาสตร์และกีฬา',NULL,1,'1((1)-0-2)','เลือกตามความสนใจ',NULL,NULL,NULL),(1648,3,'473-202','สถาบันการเงินและตลาดการเงิน',NULL,3,'3((3)-0-6)','ระบบการเงินและตลาดการเงินไทย บทบาทและความสําคัญของตลาดการเงินต่อระบบเศรษฐกิจ นโยบายการเงินและผลกระทบต่อกิจกรรมทางเศรษฐกิจ',NULL,NULL,NULL),(1649,3,'GE63-004','เลือกการคิดเชิงระบบ',NULL,2,'2((2)-0-4)','เลือกตามความสนใจ',NULL,NULL,NULL),(1650,3,'ELEC63-002','วิชาโท หรือ วิชาชีพเลือก',NULL,3,NULL,'เลือกตามความสนใจ',NULL,NULL,NULL),(1651,3,'473-301','แบบจำลองทางการเงิน',NULL,3,'3((2)-2-5)','จรรยาบรรณและมาตรฐานในการประกอบวิชาชีพทางด้านการเงิน หน่วยงานกํากับดูแลวิชาชีพ ทางด้านการเงิน กฎหมายที่เกี่ยวข้องกับวิชาชีพทางด้านการเงิน',NULL,NULL,NULL),(1652,3,'874-293','กฎหมายธุรกิจ',NULL,3,'3((3)-0-6)','ความรู้เบื้องต้นกฎหมายที่เกี่ยวกับการประกอบธุรกิจ การเลือกรูปแบบองค์กรธุรกิจ สัญญาที่เกี่ยวข้องกับการประกอบธุรกิจ',NULL,NULL,NULL),(1653,3,'GE63-006','เลือกการอยู่อย่างเท่าทัน',NULL,2,'2((2)-0-4)','เลือกตามความสนใจ',NULL,NULL,NULL),(1654,3,'473-300','ชุดวิชาการลงทุนในหุ้นสามัญเพื่อการสร้างความมั่งคั่ง',NULL,5,'5((4)-2-9)','ตราสารทางการเงินและการตัดสินใจลงทุน ภาพรวมเกี่ยวกับหุ้นสามัญ อัตราผลตอบแทนและความเสี่ยงจากการลงทุนในหลักทรัพย์',NULL,NULL,NULL),(1655,3,'460-301','ธุรกิจอัจฉริยะและการวิเคราะห์ข้อมูลเชิงธุรกิจ',NULL,3,'3((2)-2-5)','ความรู้เบื้องต้นกฎหมายที่เกี่ยวกับการประกอบธุรกิจ การเลือกรูปแบบองค์กรธุรกิจ สัญญาที่เกี่ยวข้องกับการประกอบธุรกิจ',NULL,NULL,NULL),(1656,3,'464-301','บัญชีเพื่อการจัดการทางธุรกิจ',NULL,3,'3((3)-0-6)','การใช้สารสนเทศทางการบัญชีเพื่อการจัดการ ต้นทุน งบประมาณ ต้นทุนมาตรฐาน',NULL,NULL,NULL),(1657,3,'473-303','การวิจัยทางการเงิน 1',NULL,2,'2((1)-2-3)','การระบุที่มาและความสําคัญของปัญหางานวิจัยทางการเงิน การสร้างคําถามวิจัย การกําหนด หัวข้อวิจัย และการกําหนดวัตถุประสงค์การวิจัย',NULL,NULL,NULL),(1658,3,'473-304','การฝึกงานทางการเงิน',NULL,3,'320 ชั่วโมง','เงื่อนไขการลงทะเบียน : นักศึกษาชั้นปีที่ 3 เอกการเงินและการลงทุน',NULL,NULL,NULL),(1659,3,'473-400','การเงินระหว่างประเทศ',NULL,3,'3((3)-0-6)','กลไกในตลาดการเงินระหว่างประเทศ องค์กรการเงินระหว่างประเทศ ระบบการเงินระหว่างประเทศ',NULL,NULL,NULL),(1660,3,'473-401','การวิจัยทางการเงิน 2',NULL,2,'2((1)-2-3)','รายวิชาบังคับเรียนก่อน : 473-303 การวิจัยทางการเงิน 1',NULL,NULL,NULL),(1661,3,'460-401','การจัดการเชิงกลยุทธ์',NULL,3,'3((2)-2-5)','แนวคิดและทฤษฎีเกี่ยวกับการจัดการเชิงกลยุทธ์ การวิเคราะห์สภาพแวดล้อมทั้งภายนอกและภายในธุรกิจ แนวคิดและเทคนิคของการวิเคราะห์เชิงกลยุทธ์',NULL,NULL,NULL),(1662,3,'473-409','เตรียมสหกิจ',NULL,1,'1((0)-2-1)','การเตรียมความพร้อมก่อนการฝึกงานสหกิจศึกษาและค้นคว้าเอกสารในเรื่องที่เกี่ยวข้องกับการฝึกงาน เทคนิคการนําเสนอ และจริยธรรมในการปฏิบัติงาน 224',NULL,NULL,NULL),(1663,3,'473-410','สหกิจศึกษา',NULL,8,'8((0)-48-0)','รายวิชาบังคับเรียนก่อน : 460-402 เตรียมสหกิจศึกษา',NULL,NULL,NULL),(1664,3,'474-101','พฤติกรรมผู้บริโภค',NULL,3,'3((3)-0-6)','ความสําคัญของพฤติกรรมผู้บริโภคในการจัดการการตลาด ทฤษฎีและปัจจัยที่นํามาใช้อธิบาย พฤติกรรมผู้บริโภค',NULL,NULL,NULL),(1665,3,'474-201','การตลาดแห่งความหลากหลาย',NULL,3,'3((2)-2-5)','กระบวนการนําผลิตภัณฑ์ใหม่สู่ตลาดและปัจจัยที่ท้าทายในการจัดการวงจรชีวิตผลิตภัณฑ์ โครงสร้างตราสินค้า / เอกลักษณ์ของตราสินค้า',NULL,NULL,NULL),(1666,3,'474-202','การจัดการผลิตภัณฑ์และตราสินค้า',NULL,3,'3((2)-2-5)','แนวคิดและทฤษฎีการจัดการการตลาด กระบวนการจัดการการตลาดสมัยใหม่ การตลาดและการจัดทําแผนการตลาดอย่างสร้างสรรค์',NULL,NULL,NULL),(1667,3,'474-203','การสื่อสารทางการตลาดเชิงบูรณาการ',NULL,3,'3((2)-2-5)','ความสำคัญของการสื่อสารทางการตลาด กระบวนการสื่อสาร ส่วนประสมการสื่อสารทางการตลาด กลยุทธ์ IMC',NULL,NULL,NULL),(1668,3,'474-204','กลยุทธ์และการวิเคราะห์ราคา',NULL,3,'3((3)-0-6)','ความสําคัญและปัจจัยต่างๆ ที่ส่งผลต่อการกําหนดราคา การจัดการความแปรปรวนของราคาในแง่ของการตั้งราคาตามการแบ่งส่วนตลาด',NULL,NULL,NULL),(1669,3,'474-205','แผนการตลาด',NULL,3,'3((2)-2-5)','ฝึกทักษะการเขียนแผนการตลาด ผสานงานวิจัย กรณีศึกษา การเขียนบทสรุปผู้บริหารให้น่าสนใจ และการนำเสนอแผนอย่างมืออาชีพ',NULL,NULL,NULL),(1670,3,'474-301','การตลาดแบบเชื่อมโยงลูกค้าผ่านหลากหลายช่องทาง',NULL,3,'3((3)-0-6)','คําจํากัดความของการตลาดแบบเชื่อมโยงลูกค้าผ่านหลากหลายช่องทาง วิวัฒนาการของการตลาด',NULL,NULL,NULL),(1671,3,'474-302','การวิจัยการตลาด',NULL,3,'3((2)-2-5)','แนวคิดและหลักการวัดและการประเมินผลทางการตลาด การออกแบบเมทริกซ์ทางการตลาดที่เหมาะสม',NULL,NULL,NULL),(1672,3,'ELEC63-004','วิชาชีพเลือก',NULL,3,NULL,'เลือกตามความสนใจ',NULL,NULL,NULL),(1673,3,'474-303','การตลาดดิจิทัล',NULL,3,'3((3)-0-6)','ความรู้และทักษะที่จำเป็นสำหรับการตลาดดิจิทัลขององค์กร เครื่องมือดิจิทัล การวางแผน การปฏิบัติการ',NULL,NULL,NULL),(1674,3,'ELEC63-003','วิชาโท',NULL,3,NULL,'เลือกตามความสนใจ',NULL,NULL,NULL),(1675,3,'474-304','การฝึกงานทางการตลาด',NULL,3,'320 ชั่วโมง','เงื่อนไขการลงทะเบียน: นักศึกษาชั้นปีที่ 3 เอกการตลาด ฝึกงานภาคฤดูร้อนชั้นปีที่ 3 ในองค์กรธุรกิจ/การตลาด',NULL,NULL,NULL),(1676,3,'474-401','กลยุทธ์การตลาด',NULL,3,'3((2)-2-5)','บทบาท ความสําคัญ และแนวคิดการวางแผนกลยุทธ์ทางการตลาด สภาพแวดล้อมทางการตลาด การวิเคราะห์อุตสาหกรรมและความได้เปรียบทางการแข่งขัน',NULL,NULL,NULL),(1677,3,'474-403','สหกิจศึกษา',NULL,8,'8((0)-48-0)','รายวิชาบังคับเรียนก่อน : 474-402 เตรียมสหกิจศึกษา',NULL,NULL,NULL),(1678,3,'475-201','การวางแผนทรัพยากรมนุษย์',NULL,3,'3((3)-0-6)','ภาพรวมการจัดการทรัพยากรมนุษย์ การวิเคราะห์งาน การวางแผนกําลังคน การพยากรณ์ความต้องการกําลังคน',NULL,NULL,NULL),(1679,3,'ELEC63-005','วิชาโท หรือ วิชาเลือกเสรี',NULL,3,NULL,'เลือกตามความสนใจ',NULL,NULL,NULL),(1680,3,'475-202','พฤติกรรมองค์กร',NULL,3,'3((3)-0-6)','จุดมุ่งหมายและความสำคัญของพฤติกรรมองค์การ แนวคิดและทฤษฎีในระดับบุคคล กลุ่ม และองค์การ การประยุกต์ใช้เพื่อแก้ไขปัญหาและพัฒนาองค์การในบริบทอาเซียน',NULL,NULL,NULL),(1681,3,'475-301','การพัฒนาทรัพยากรมนุษย์และองค์การ',NULL,3,'3((2)-2-5)','แนวคิดและกระบวนการบริหารประสิทธิภาพและผลการปฏิบัติงาน การกําหนดวัตถุประสงค์และปัจจัยที่ควรพิจารณาในการประเมินผล',NULL,NULL,NULL),(1682,3,'475-303','การจัดการผลตอบแทน',NULL,3,'3((3)-0-6)','ระบบการจ่ายผลตอบแทน วิธีและเทคนิคการคิดค่าตอบแทน โครงสร้างองค์กรกับการจ่ายผลตอบแทนเชิงกลยุทธ์',NULL,NULL,NULL),(1683,3,'475-305','ภาวะผู้นำ',NULL,3,'3((2)-2-5)','รูปแบบความเป็นผู้นำ ปัญหาในการทำงาน บทบาทผู้บริหารและผู้ใต้บังคับบัญชา ทฤษฎีและวิธีการจูงใจ คุณสมบัติและการชี้นำผู้อื่น',NULL,NULL,NULL),(1684,3,'475-302','กฎหมายเกี่ยวกับการจัดการทรัพยากรมนุษย์',NULL,3,'3((3)-0-6)','แนวคิดการการเจรจาต่อรองและบริหารความขัดแย้งและยากลําบาก กลยุทธ์และรูปแบบของการ เจรจาต่อรองและการบริหารความขัดแย้งและยากลําบาก',NULL,NULL,NULL),(1685,3,'475-304','การจัดการผลการปฏิบัติงาน',NULL,3,'3((2)-2-5)','กฎหมายทางธุรกิจที่เกี่ยวข้องกับการบริหารทรัพยากรมนุษย์ กฎหมายคุ้มครองแรงงาน กฎหมายเกี่ยวกับความปลอดภัย อาชีวอนามัยและสภาพแวดล้อมในการทํางาน',NULL,NULL,NULL),(1686,3,'475-306','การเจรจาต่อรองทางธุรกิจ',NULL,3,'3((2)-2-5)','รายวิชาบังคับเรียนก่อน: 460-201 ทักษะการติดต่อสื่อสารทางธุรกิจ',NULL,NULL,NULL),(1687,3,'475-300','การฝึกงานทางการจัดการทรัพยากรมนุษย์',NULL,3,'320 ชั่วโมง','การฝึกงานภาคฤดูร้อน การใช้ความรู้ทางด้านการบริหารธุรกิจและ/หรือด้านการจัดการทรัพยากร',NULL,NULL,NULL),(1688,3,'475-401','การวิจัยทางด้านการจัดการทรัพยากรมนุษย์',NULL,3,'3((1)-4-4)','รายวิชาบังคับเรียนก่อน: 347-203 สถิติพื้นฐานสำหรับธุรกิจและการประยุกต์ใช้ และ 460-102 การจัดการทรัพยากรมนุษย์',NULL,NULL,NULL),(1689,3,'475-402','สัมมนาการจัดการทรัพยากรมนุษย์',NULL,3,'3((1)-4-4)','เงื่อนไขการลงทะเบียนเรียน : มีจํานวนหน่วยกิตรวมไม่น้อยกว่า 98 หน่วยกิต',NULL,NULL,NULL),(1690,3,'475-403','สหกิจศึกษา',NULL,8,'8((0)-48-0)','รายวิชาบังคับเรียนก่อน : 460-402 เตรียมสหกิจศึกษา',NULL,NULL,NULL),(1691,3,'476-201','ความรู้เบื้องต้นเกี่ยวกับการจัดการโลจิสติกส์',NULL,3,'3((3)-0-6)','คํานิยาม แนวคิดและทฤษฎีเบื้องต้นเกี่ยวกับการจัดการโลจิสติกส์ กิจกรรมหลักของการจัดการโลจิสติกส์',NULL,NULL,NULL),(1692,3,'476-202','ความรู้เบื้องต้นเกี่ยวกับการขนส่งและการกระจายสินค้า',NULL,3,'3((3)-0-6)','แนวคิดและความสําคัญของการจัดการธุรกิจระหว่างประเทศ ความสําคัญของการข้ามวัฒนธรรม ทฤษฎีการค้าระหว่างประเทศ',NULL,NULL,NULL),(1693,3,'476-203','การจัดการสินค้าคงคลังและคลังสินค้า',NULL,3,'3((2)-2-5)','ความสําคัญ บทบาท และหน้าที่ของการจัดการการขนส่งแต่ละรูปแบบ ปัจจัยที่มีผลต่อการตัดสินใจเลือกรูปแบบการขนส่ง',NULL,NULL,NULL),(1694,3,'ELEC63-006','วิชาชีพเลือก หรือ วิชาโท',NULL,3,NULL,'เลือกตามความสนใจ',NULL,NULL,NULL),(1695,3,'476-301','การจัดซื้อและการจัดหา',NULL,3,'3((2)-2-5)','บทบาท ความสำคัญ และข้อกำหนดของการจัดซื้อจัดหา กระบวนการจัดซื้อจัดหา (การวางแผน การหาและประเมินแหล่งซื้อ)',NULL,NULL,NULL),(1696,3,'476-302','การจัดการและการออกแบบโซ่อุปทาน',NULL,3,'3((3)-0-6)','บทบาทของสินค้าคงคลังต่อองค์การธุรกิจ ต้นทุนการถือครองสินค้า ตัวแบบการจัดการสินค้าคงคลัง',NULL,NULL,NULL),(1697,3,'476-303','การสร้างแบบจำลองโซ่อุปทาน',NULL,3,'3((3)-0-6)','แนวคิดการจำลองสถานการณ์เพื่อช่วยในการตัดสินใจ ชนิดของการจำลอง การเก็บข้อมูล การสร้างตัวแบบ การใช้โปรแกรมคอมพิวเตอร์เพื่อการจำลอง',NULL,NULL,NULL),(1698,3,'476-304','วิธีวิจัยโลจิสติกส์และโซ่อุปทาน',NULL,3,'3((2)-2-5)','รายวิชาบังคับเรียนก่อน: 347-203 สถิติพื้นฐานสำหรับธุรกิจและการประยุกต์ใช้ แนวคิดและความสำคัญของการวิจัยทางธุรกิจ',NULL,NULL,NULL),(1699,3,'476-305','ตัวแบบการหาค่าเหมาะสมที่สุดในการจัดการโลจิสติกส์และโซ่อุปทาน',NULL,3,'3((2)-2-5)','แนวคิดและความสําคัญของการวิจัยทางธุรกิจ ระเบียบวิธีวิจัย ขั้นตอนในการดําเนินงานวิจัย การค้นหาปัญหา การค้นคว้าเอกสารและงานวิจัยที่เกี่ยวข้อง',NULL,NULL,NULL),(1700,3,'476-300','การฝึกงานทางด้านโลจิสติกส์',NULL,3,'320 ชั่วโมง','การฝึกงานภาคฤดูร้อนในชั้นปีที่ 3 โดยเน้นการจัดการด้านโลจิสติกส์ในองค์กรต่างๆ เพื่อเรียนรู้สภาพการปฏิบัติจริง ไม่น้อยกว่า 8 สัปดาห์ทําการ',NULL,NULL,NULL),(1701,3,'476-401','การจัดการการส่งออกและนำเข้า',NULL,3,'3((2)-2-5)','แนวคิดการบริหารโซ่อุปทาน การทํางานร่วมกันทั้งภายในและภายนอก การทํางานร่วมกันทั้งแนวดิ่งและแนวราบ',NULL,NULL,NULL),(1702,3,'476-402','สัมมนาการจัดการโลจิสติกส์และโซ่อุปทาน',NULL,3,'3((2)-2-5)','การค้นคว้า การอภิปรายหัวข้อที่เกี่ยวข้องกับการจัดการโลจิสติกส์และโซ่อุปทานในสถานการณ์ ปัจจุบันและแนวโน้มในอนาคต',NULL,NULL,NULL),(1703,3,'476-403','โครงงานสำหรับการจัดการโลจิสติกส์และโซ่อุปทาน',NULL,3,'3((0)-9-0)','ศึกษาและค้นคว้าระดับปริญญาตรีภายใต้การดูแลของอาจารย์ เพื่อนำองค์ความรู้โลจิสติกส์และโซ่อุปทานไปประยุกต์แก้ปัญหาในโลกจริง',NULL,NULL,NULL),(1704,3,'476-410','สหกิจศึกษา',NULL,8,'8((0)-48-0)','รายวิชาบังคับเรียนก่อน : 460-402 เตรียมสหกิจศึกษา',NULL,NULL,NULL),(1705,3,'477-101','หลักการพื้นฐานระบบสารสนเทศ',NULL,3,'3((3)-0-6)','แนวความคิดพื้นฐานเกี่ยวกับระบบสารสนเทศและเทคโนโลยีสารสนเทศ โครงสร้างและองค์ประกอบของระบบสารสนเทศ',NULL,NULL,NULL),(1706,3,'477-102','ตรรกะของการใช้โปรแกรมและโครงสร้างข้อมูล',NULL,3,'3((2)-2-5)','ความรู้เบื้องต้นเกี่ยวกับคอมพิวเตอร์และการเขียนโปรแกรม หลักของขั้นตอนวิธี ผังงานโปรแกรม รหัสเทียม โมดูล',NULL,NULL,NULL),(1707,3,'477-201','การเขียนโปรแกรมเบื้องต้นทางธุรกิจ',NULL,3,'3((2)-2-5)','การติดตั้งโปรแกรมตัวแปลภาษาและสภาพแวดล้อมที่ใช้ในการเขียนโปรแกรม ตัวแปรและคําสงวน ในภาษาการเขียนโปรแกรม',NULL,NULL,NULL),(1708,3,'477-202','การจัดการฐานข้อมูล',NULL,3,'3((2)-2-5)','หลักการพื้นฐานการจัดการฐานข้อมูลและการประยุกต์ใช้ การออกแบบโครงสร้างฐานข้อมูลแบบ ฐานข้อมูลเชิงสัมพันธ์และโนเอสคิวแอล',NULL,NULL,NULL),(1709,3,'477-203','เครือข่ายคอมพิวเตอร์และความมั่นคงทางไซเบอร์',NULL,3,'3((2)-2-5)','หลักการพื้นฐานการจัดการฐานข้อมูลและการประยุกต์ใช้ การออกแบบโครงสร้างฐานข้อมูลแบบ ฐานข้อมูลเชิงสัมพันธ์และโนเอสคิวแอล',NULL,NULL,NULL),(1710,3,'477-301','การพัฒนาเว็บขั้นสมบูรณ์',NULL,3,'3((2)-2-5)','องค์ประกอบและแนวคิดพื้นฐานของเทคโนโลยีเว็บ หลักการทํางานของเทคโนโลยีเว็บ เทคโนโลยีเว็บฝั่งไคลแอนท์',NULL,NULL,NULL),(1711,3,'477-302','เทคโนโลยีแพลตฟอร์มสำหรับคลาวด์',NULL,3,'3((2)-2-5)','คลาวด์คอมพิวติ้งเบื้องต้น รูปแบบบริการ สถาปัตยกรรม เทคโนโลยีเสมือนจริง ประเด็นความปลอดภัย/ความเป็นส่วนตัว โครงงานเว็บบนคลาวด์',NULL,NULL,NULL),(1712,3,'477-303','การวิเคราะห์และออกแบบระบบสารสนเทศทางธุรกิจ',NULL,3,'3((2)-2-5)','ความหมาย แนวคิด ประเภท โครงสร้าง และความสําคัญของระบบสารสนเทศ คุณค่าทางธุรกิจ และผลกระทบของระบบสารสนเทศต่อองค์กรธุรกิจ',NULL,NULL,NULL),(1713,3,'477-304','การฝึกงานทางระบบสารสนเทศ',NULL,3,'320 ชั่วโมง','การฝึกงานภาคฤดูร้อน การใช้ความรู้ทางด้านการบริหารธุรกิจและ/หรือด้านระบบสารสนเทศ การฝึกงานผ่านการอบรมและปฏิบัติงานจริง ไม่น้อยกว่า 8 สัปดาห์ทําการ',NULL,NULL,NULL),(1714,3,'477-401','สัมมนาระบบสารสนเทศทางธุรกิจ',NULL,3,'3((1)-4-4)','การสัมมนาแลกเปลี่ยนความคิดเห็น การวิเคราะห์ แก้ปัญหา และการนําเสนอในหัวข้อที่น่าสนใจทางระบบสารสนเทศทางธุรกิจ รวมทั้งการเชิญวิทยากร การศึกษาดูงาน',NULL,NULL,NULL),(1715,3,'477-402','โครงงานระบบสารสนเทศทางธุรกิจ 1',NULL,3,'3((0)-9-0)','การเรียนรู้ขั้นตอนการพัฒนาโครงงาน การกําหนดปัญหาด้านระบบสารสนเทศในงานธุรกิจ การสํารวจความต้องการของผู้ใช้',NULL,NULL,NULL),(1716,3,'477-403','โครงงานระบบสารสนเทศทางธุรกิจ 2',NULL,3,'3((0)-9-0)','การออกแบบส่วนติดต่อกับผู้ใช้ การพัฒนาโปรแกรม การทดสอบโปรแกรม การวัดและประเมินผล การเขียนเอกสารประกอบการใช้งานโปรแกรม การนําไปใช้จริง',NULL,NULL,NULL),(1717,3,'477-405','สหกิจศึกษา',NULL,8,'8((0)-48-0)','รายวิชาบังคับเรียนก่อน : 460-402 เตรียมสหกิจศึกษา',NULL,NULL,NULL),(1718,3,'478-200','ความรู้เบื้องต้นในอุตสาหกรรมไมซ์',NULL,3,'3((3)-0-6)','ความหมาย ลักษณะและแนวคิดของอุตสาหกรรมไมซ์ บทบาทและความสําคัญของการประชุม การท่องเที่ยวเพื่อเป็นรางวัล',NULL,NULL,NULL),(1719,3,'478-201','การดำเนินงานด้านไมซ์เสมือนโมเดลธุรกิจ',NULL,3,'3((2)-2-5)','ลักษณะไมซ์ แนวคิดธุรกิจไมซ์ต่อการจัดการองค์กร ยกระดับขีดความสามารถด้วยโมเดลไมซ์ การประยุกต์สร้างความได้เปรียบ เชิงจริยธรรมในสถานการณ์จริง ฝึกปฏิบัติ',NULL,NULL,NULL),(1720,3,'478-203','การจัดการอาหารและเครื่องดื่ม',NULL,3,'3((2)-2-5)','แนวคิด ความสําคัญและวัตถุประสงค์ของการเดินทางเพื่อเป็นรางวัล บทบาทองค์กรที่มีส่วนเกี่ยวข้อง แนวคิดเกี่ยวกับการจูงใจ การให้รางวัล และปัจจัยสู่ความสําเร็จ',NULL,NULL,NULL),(1721,3,'ELEC63-007','วิชาชีพเลือก หรือวิชาโท',NULL,3,NULL,'เลือกตามความสนใจ',NULL,NULL,NULL),(1722,3,'478-202','การจัดการประชุม',NULL,3,'3((2)-2-5)','ความหมายและลักษณะที่สําคัญของงานการจัดการประชุม แนวทางการทํางานของการจัดการประชุม',NULL,NULL,NULL),(1723,3,'478-301','การจัดการสถานที่จัดงานและสิ่งอำนวยความสะดวก',NULL,3,'3((2)-2-5)','ความหมาย ความสำคัญ ประเภท/รูปแบบการดำเนินงาน ปัจจัยเลือกสถานที่/สิ่งอำนวยความสะดวก โครงสร้างแผนก/หน้าที่ การตลาดสำหรับสถานที่ เทคนิคการเจรจากับลูกค้า ความยั่งยืน PBL',NULL,NULL,NULL),(1724,3,'478-302','การจัดการการเดินทางเพื่อเป็นรางวัล',NULL,3,'3((2)-2-5)','แนวคิด/ความสำคัญ/วัตถุประสงค์ของท่องเที่ยวเพื่อเป็นรางวัล บทบาทผู้มีส่วนเกี่ยวข้อง การจูงใจ/ให้รางวัล/ปัจจัยความสำเร็จ',NULL,NULL,NULL),(1725,3,'478-303','การจัดการนิทรรศการ',NULL,3,'3((2)-2-5)','ความหมาย/ความสำคัญ/ประเภท บทบาทผู้ให้บริการ หลักการ/การวางแผน/กระบวนการจัดงาน งบประมาณ การตลาด พหุวัฒนธรรม ผลกระทบ ปัญหา/แนวทางแก้ PBL',NULL,NULL,NULL),(1726,3,'478-304','การจัดการอีเวนต์',NULL,3,'3((2)-2-5)','แนวคิด ประเภท รูปแบบ ความสําคัญ การวางแผน และการจัดการอีเวนต์อย่างยั่งยืน ผู้มีส่วนเกี่ยวข้องในการจัดอีเวนต์',NULL,NULL,NULL),(1727,3,'478-310','การวิจัยทางด้านการจัดการไมซ์ I',NULL,3,'3((1)-4-4)','ระบุที่มาและความสำคัญของปัญหา สร้างคำถามและวัตถุประสงค์ กรอบแนวคิด ระเบียบวิธี เขียนและนำเสนอข้อเสนอโครงการ จรรยาบรรณนักวิจัย',NULL,NULL,NULL),(1728,3,'478-305','การฝึกงานทางการจัดการไมซ์',NULL,3,'320 ชั่วโมง','เงื่อนไขการลงทะเบียนเรียน : นักศึกษาชั้นปีที่ 3 เอกการจัดการประชุม นิทรรศการ และ การท่องเที่ยวเพื่อเป็นรางวัล',NULL,NULL,NULL),(1729,3,'478-401','การวิจัยทางด้านการจัดการไมซ์ II',NULL,3,'3((1)-4-4)','รายวิชาบังคับเรียนก่อน: 478-310 การทำวิจัย วิเคราะห์ข้อมูล แปลผล จัดทำรายงาน และนำเสนอภายใต้การแนะนำของอาจารย์ที่ปรึกษา',NULL,NULL,NULL),(1730,3,'478-403','สหกิจศึกษา',NULL,8,'8((0)-48-0)','รายวิชาบังคับเรียนก่อน : 460-402 เตรียมสหกิจศึกษา',NULL,NULL,NULL),(1731,NULL,'477-201','การเขียนโปรแกรมเบื้องต้นทางธุรกิจ',NULL,3,NULL,NULL,NULL,'แสดงทักษะด้านเทคโนโลยี',NULL);
/*!40000 ALTER TABLE `subjects` ENABLE KEYS */;
UNLOCK TABLES;

--
-- Table structure for table `survey_mappings`
--

DROP TABLE IF EXISTS `survey_mappings`;
/*!40101 SET @saved_cs_client     = @@character_set_client */;
/*!40101 SET character_set_client = utf8 */;
CREATE TABLE `survey_mappings` (
  `id` bigint(20) unsigned NOT NULL AUTO_INCREMENT,
  `survey_id` char(36) NOT NULL,
  `source` varchar(100) NOT NULL,
  `target` varchar(100) NOT NULL,
  `value` varchar(10) DEFAULT NULL,
  `weight` int(11) DEFAULT 1,
  `created_at` timestamp NOT NULL DEFAULT current_timestamp(),
  `updated_at` timestamp NOT NULL DEFAULT current_timestamp() ON UPDATE current_timestamp(),
  PRIMARY KEY (`id`),
  UNIQUE KEY `uq_survey_mapping` (`survey_id`,`source`,`target`),
  UNIQUE KEY `uq_sm_survey_source_target` (`survey_id`,`source`,`target`),
  KEY `idx_survey_id` (`survey_id`),
  CONSTRAINT `fk_survey_mappings_surveys` FOREIGN KEY (`survey_id`) REFERENCES `surveys` (`id`) ON DELETE CASCADE ON UPDATE CASCADE
) ENGINE=InnoDB AUTO_INCREMENT=4 DEFAULT CHARSET=utf8mb4 COLLATE=utf8mb4_general_ci;
/*!40101 SET character_set_client = @saved_cs_client */;

--
-- Dumping data for table `survey_mappings`
--

LOCK TABLES `survey_mappings` WRITE;
/*!40000 ALTER TABLE `survey_mappings` DISABLE KEYS */;
INSERT INTO `survey_mappings` VALUES (1,'aaaaaaaa-0000-0000-0000-000000000001','PLO1','Stakeholder:Employer',NULL,1,'2026-03-17 12:59:49','2026-03-17 13:14:35'),(2,'aaaaaaaa-0000-0000-0000-000000000001','PLO2','Stakeholder:Student',NULL,1,'2026-03-17 12:59:49','2026-03-17 13:14:35'),(3,'aaaaaaaa-0000-0000-0000-000000000001','PLO1','Stakeholder:Employers','F',1,'2026-03-17 13:31:08','2026-03-17 13:31:08');
/*!40000 ALTER TABLE `survey_mappings` ENABLE KEYS */;
UNLOCK TABLES;

--
-- Table structure for table `surveys`
--

DROP TABLE IF EXISTS `surveys`;
/*!40101 SET @saved_cs_client     = @@character_set_client */;
/*!40101 SET character_set_client = utf8 */;
CREATE TABLE `surveys` (
  `id` char(36) NOT NULL,
  `name` varchar(255) NOT NULL,
  `status` enum('draft','active','archived') DEFAULT 'draft',
  `created_at` timestamp NOT NULL DEFAULT current_timestamp(),
  `updated_at` timestamp NOT NULL DEFAULT current_timestamp() ON UPDATE current_timestamp(),
  PRIMARY KEY (`id`)
) ENGINE=InnoDB DEFAULT CHARSET=utf8mb4 COLLATE=utf8mb4_general_ci;
/*!40101 SET character_set_client = @saved_cs_client */;

--
-- Dumping data for table `surveys`
--

LOCK TABLES `surveys` WRITE;
/*!40000 ALTER TABLE `surveys` DISABLE KEYS */;
INSERT INTO `surveys` VALUES ('aaaaaaaa-0000-0000-0000-000000000001','Demo Survey','active','2026-03-17 12:59:49','2026-03-17 12:59:49');
/*!40000 ALTER TABLE `surveys` ENABLE KEYS */;
UNLOCK TABLES;

--
-- Table structure for table `users`
--

DROP TABLE IF EXISTS `users`;
/*!40101 SET @saved_cs_client     = @@character_set_client */;
/*!40101 SET character_set_client = utf8 */;
CREATE TABLE `users` (
  `id` int(11) NOT NULL AUTO_INCREMENT,
  `email` varchar(255) NOT NULL,
  `password_hash` varchar(255) DEFAULT NULL,
  `role` varchar(50) NOT NULL DEFAULT 'admin',
  `created_at` datetime NOT NULL DEFAULT current_timestamp(),
  PRIMARY KEY (`id`),
  UNIQUE KEY `email` (`email`)
) ENGINE=InnoDB AUTO_INCREMENT=2 DEFAULT CHARSET=utf8mb4 COLLATE=utf8mb4_general_ci;
/*!40101 SET character_set_client = @saved_cs_client */;

--
-- Dumping data for table `users`
--

LOCK TABLES `users` WRITE;
/*!40000 ALTER TABLE `users` DISABLE KEYS */;
INSERT INTO `users` VALUES (1,'admin@test.com','123456','admin','2026-03-13 17:17:55');
/*!40000 ALTER TABLE `users` ENABLE KEYS */;
UNLOCK TABLES;

--
-- Temporary table structure for view `v_annual_summary`
--

DROP TABLE IF EXISTS `v_annual_summary`;
/*!50001 DROP VIEW IF EXISTS `v_annual_summary`*/;
SET @saved_cs_client     = @@character_set_client;
SET character_set_client = utf8;
/*!50001 CREATE VIEW `v_annual_summary` AS SELECT
 1 AS `program_id`,
  1 AS `program_code`,
  1 AS `academic_year`,
  1 AS `total_plan`,
  1 AS `total_reported`,
  1 AS `total_no_show`,
  1 AS `total_enrolled`,
  1 AS `total_graduated`,
  1 AS `currently_enrolled`,
  1 AS `cumulative_graduated`,
  1 AS `dropped_out`,
  1 AS `transferred`,
  1 AS `on_leave`,
  1 AS `total_coop`,
  1 AS `total_intern` */;
SET character_set_client = @saved_cs_client;

--
-- Temporary table structure for view `v_plo_score_summary`
--

DROP TABLE IF EXISTS `v_plo_score_summary`;
/*!50001 DROP VIEW IF EXISTS `v_plo_score_summary`*/;
SET @saved_cs_client     = @@character_set_client;
SET character_set_client = utf8;
/*!50001 CREATE VIEW `v_plo_score_summary` AS SELECT
 1 AS `program_id`,
  1 AS `program_code`,
  1 AS `program_name`,
  1 AS `academic_year`,
  1 AS `lo_level`,
  1 AS `lo_code`,
  1 AS `lo_description`,
  1 AS `semester_1`,
  1 AS `semester_2`,
  1 AS `grand_total` */;
SET character_set_client = @saved_cs_client;

--
-- Temporary table structure for view `v_stakeholder_plo_matrix`
--

DROP TABLE IF EXISTS `v_stakeholder_plo_matrix`;
/*!50001 DROP VIEW IF EXISTS `v_stakeholder_plo_matrix`*/;
SET @saved_cs_client     = @@character_set_client;
SET character_set_client = utf8;
/*!50001 CREATE VIEW `v_stakeholder_plo_matrix` AS SELECT
 1 AS `id`,
  1 AS `survey_id`,
  1 AS `stakeholder_id`,
  1 AS `stakeholder_name`,
  1 AS `plo_id`,
  1 AS `plo_code`,
  1 AS `plo_description`,
  1 AS `level`,
  1 AS `note`,
  1 AS `created_at`,
  1 AS `updated_at` */;
SET character_set_client = @saved_cs_client;

--
-- Temporary table structure for view `v_student_stats_full`
--

DROP TABLE IF EXISTS `v_student_stats_full`;
/*!50001 DROP VIEW IF EXISTS `v_student_stats_full`*/;
SET @saved_cs_client     = @@character_set_client;
SET character_set_client = utf8;
/*!50001 CREATE VIEW `v_student_stats_full` AS SELECT
 1 AS `program_id`,
  1 AS `program_code`,
  1 AS `academic_year`,
  1 AS `major_id`,
  1 AS `major_name`,
  1 AS `major_name_en`,
  1 AS `plan_intake`,
  1 AS `interviewed`,
  1 AS `confirmed`,
  1 AS `reported`,
  1 AS `no_show_intake`,
  1 AS `total_enrolled`,
  1 AS `total_graduated`,
  1 AS `actual_enrolled_new`,
  1 AS `intake_rate_pct` */;
SET character_set_client = @saved_cs_client;

--
-- Temporary table structure for view `v_study_plan_full`
--

DROP TABLE IF EXISTS `v_study_plan_full`;
/*!50001 DROP VIEW IF EXISTS `v_study_plan_full`*/;
SET @saved_cs_client     = @@character_set_client;
SET character_set_client = utf8;
/*!50001 CREATE VIEW `v_study_plan_full` AS SELECT
 1 AS `plan_id`,
  1 AS `academic_year`,
  1 AS `year_no`,
  1 AS `status`,
  1 AS `course_id`,
  1 AS `course_name`,
  1 AS `major_id`,
  1 AS `major_name`,
  1 AS `semester_id`,
  1 AS `term_no`,
  1 AS `semester_title`,
  1 AS `sem_subject_id`,
  1 AS `category`,
  1 AS `credits`,
  1 AS `hour_structure`,
  1 AS `subject_code`,
  1 AS `subject_name`,
  1 AS `subject_name_en`,
  1 AS `sort_order` */;
SET character_set_client = @saved_cs_client;

--
-- Final view structure for view `v_annual_summary`
--

/*!50001 DROP VIEW IF EXISTS `v_annual_summary`*/;
/*!50001 SET @saved_cs_client          = @@character_set_client */;
/*!50001 SET @saved_cs_results         = @@character_set_results */;
/*!50001 SET @saved_col_connection     = @@collation_connection */;
/*!50001 SET character_set_client      = utf8mb4 */;
/*!50001 SET character_set_results     = utf8mb4 */;
/*!50001 SET collation_connection      = utf8mb4_unicode_ci */;
/*!50001 CREATE ALGORITHM=UNDEFINED */
/*!50013 DEFINER=`root`@`localhost` SQL SECURITY DEFINER */
/*!50001 VIEW `v_annual_summary` AS select `st`.`program_id` AS `program_id`,`pr`.`code` AS `program_code`,`st`.`academic_year` AS `academic_year`,sum(`st`.`plan_intake`) AS `total_plan`,sum(`st`.`reported`) AS `total_reported`,sum(`st`.`no_show_intake`) AS `total_no_show`,sum(`st`.`total_enrolled`) AS `total_enrolled`,sum(`st`.`total_graduated`) AS `total_graduated`,`sn`.`currently_enrolled` AS `currently_enrolled`,`sn`.`graduated` AS `cumulative_graduated`,`sn`.`dropped_out` AS `dropped_out`,`sn`.`transferred` AS `transferred`,`sn`.`on_leave` AS `on_leave`,coalesce(sum(`ci`.`coop_count`),0) AS `total_coop`,coalesce(sum(`ci`.`intern_count`),0) AS `total_intern` from (((`student_stats` `st` join `programs` `pr` on(`pr`.`id` = `st`.`program_id`)) left join `student_status_snapshots` `sn` on(`sn`.`program_id` = `st`.`program_id` and `sn`.`academic_year` = `st`.`academic_year`)) left join `coop_intern_stats` `ci` on(`ci`.`program_id` = `st`.`program_id` and `ci`.`academic_year` = `st`.`academic_year` and `ci`.`major_id` = `st`.`major_id`)) group by `st`.`program_id`,`pr`.`code`,`st`.`academic_year`,`sn`.`currently_enrolled`,`sn`.`graduated`,`sn`.`dropped_out`,`sn`.`transferred`,`sn`.`on_leave` order by `st`.`academic_year` desc */;
/*!50001 SET character_set_client      = @saved_cs_client */;
/*!50001 SET character_set_results     = @saved_cs_results */;
/*!50001 SET collation_connection      = @saved_col_connection */;

--
-- Final view structure for view `v_plo_score_summary`
--

/*!50001 DROP VIEW IF EXISTS `v_plo_score_summary`*/;
/*!50001 SET @saved_cs_client          = @@character_set_client */;
/*!50001 SET @saved_cs_results         = @@character_set_results */;
/*!50001 SET @saved_col_connection     = @@collation_connection */;
/*!50001 SET character_set_client      = utf8mb4 */;
/*!50001 SET character_set_results     = utf8mb4 */;
/*!50001 SET collation_connection      = utf8mb4_unicode_ci */;
/*!50001 CREATE ALGORITHM=UNDEFINED */
/*!50013 DEFINER=`root`@`localhost` SQL SECURITY DEFINER */
/*!50001 VIEW `v_plo_score_summary` AS select `ps`.`program_id` AS `program_id`,`pr`.`code` AS `program_code`,`pr`.`name_th` AS `program_name`,`ps`.`academic_year` AS `academic_year`,`ps`.`lo_level` AS `lo_level`,`ps`.`lo_code` AS `lo_code`,`ps`.`lo_description` AS `lo_description`,`ps`.`semester_1` AS `semester_1`,`ps`.`semester_2` AS `semester_2`,round((coalesce(`ps`.`semester_1`,0) + coalesce(`ps`.`semester_2`,0)) / nullif(case when `ps`.`semester_1` is not null then 1 else 0 end + case when `ps`.`semester_2` is not null then 1 else 0 end,0),2) AS `grand_total` from (`plo_scores` `ps` join `programs` `pr` on(`pr`.`id` = `ps`.`program_id`)) order by `ps`.`program_id`,`ps`.`academic_year`,`ps`.`lo_level`,`ps`.`lo_code` */;
/*!50001 SET character_set_client      = @saved_cs_client */;
/*!50001 SET character_set_results     = @saved_cs_results */;
/*!50001 SET collation_connection      = @saved_col_connection */;

--
-- Final view structure for view `v_stakeholder_plo_matrix`
--

/*!50001 DROP VIEW IF EXISTS `v_stakeholder_plo_matrix`*/;
/*!50001 SET @saved_cs_client          = @@character_set_client */;
/*!50001 SET @saved_cs_results         = @@character_set_results */;
/*!50001 SET @saved_col_connection     = @@collation_connection */;
/*!50001 SET character_set_client      = utf8mb4 */;
/*!50001 SET character_set_results     = utf8mb4 */;
/*!50001 SET collation_connection      = utf8mb4_unicode_ci */;
/*!50001 CREATE ALGORITHM=UNDEFINED */
/*!50013 DEFINER=`root`@`localhost` SQL SECURITY DEFINER */
/*!50001 VIEW `v_stakeholder_plo_matrix` AS select `spm`.`id` AS `id`,`spm`.`survey_id` AS `survey_id`,`spm`.`stakeholder_id` AS `stakeholder_id`,`s`.`name_th` AS `stakeholder_name`,`spm`.`plo_id` AS `plo_id`,`p`.`code` AS `plo_code`,`p`.`description` AS `plo_description`,`spm`.`level` AS `level`,`spm`.`note` AS `note`,`spm`.`created_at` AS `created_at`,`spm`.`updated_at` AS `updated_at` from ((`stakeholder_plo_mappings` `spm` join `stakeholders` `s` on(`s`.`id` = `spm`.`stakeholder_id`)) join `plos` `p` on(`p`.`id` = `spm`.`plo_id`)) */;
/*!50001 SET character_set_client      = @saved_cs_client */;
/*!50001 SET character_set_results     = @saved_cs_results */;
/*!50001 SET collation_connection      = @saved_col_connection */;

--
-- Final view structure for view `v_student_stats_full`
--

/*!50001 DROP VIEW IF EXISTS `v_student_stats_full`*/;
/*!50001 SET @saved_cs_client          = @@character_set_client */;
/*!50001 SET @saved_cs_results         = @@character_set_results */;
/*!50001 SET @saved_col_connection     = @@collation_connection */;
/*!50001 SET character_set_client      = utf8mb4 */;
/*!50001 SET character_set_results     = utf8mb4 */;
/*!50001 SET collation_connection      = utf8mb4_unicode_ci */;
/*!50001 CREATE ALGORITHM=UNDEFINED */
/*!50013 DEFINER=`root`@`localhost` SQL SECURITY DEFINER */
/*!50001 VIEW `v_student_stats_full` AS select `st`.`program_id` AS `program_id`,`pr`.`code` AS `program_code`,`st`.`academic_year` AS `academic_year`,`m`.`id` AS `major_id`,`m`.`name_th` AS `major_name`,`m`.`name_en` AS `major_name_en`,`st`.`plan_intake` AS `plan_intake`,`st`.`interviewed` AS `interviewed`,`st`.`confirmed` AS `confirmed`,`st`.`reported` AS `reported`,`st`.`no_show_intake` AS `no_show_intake`,`st`.`total_enrolled` AS `total_enrolled`,`st`.`total_graduated` AS `total_graduated`,`st`.`reported` - `st`.`no_show_intake` AS `actual_enrolled_new`,round(case when `st`.`plan_intake` > 0 then `st`.`reported` / `st`.`plan_intake` * 100 else 0 end,1) AS `intake_rate_pct` from ((`student_stats` `st` join `programs` `pr` on(`pr`.`id` = `st`.`program_id`)) left join `majors` `m` on(`m`.`id` = `st`.`major_id`)) order by `st`.`academic_year` desc,`m`.`name_th` */;
/*!50001 SET character_set_client      = @saved_cs_client */;
/*!50001 SET character_set_results     = @saved_cs_results */;
/*!50001 SET collation_connection      = @saved_col_connection */;

--
-- Final view structure for view `v_study_plan_full`
--

/*!50001 DROP VIEW IF EXISTS `v_study_plan_full`*/;
/*!50001 SET @saved_cs_client          = @@character_set_client */;
/*!50001 SET @saved_cs_results         = @@character_set_results */;
/*!50001 SET @saved_col_connection     = @@collation_connection */;
/*!50001 SET character_set_client      = utf8mb4 */;
/*!50001 SET character_set_results     = utf8mb4 */;
/*!50001 SET collation_connection      = utf8mb4_unicode_ci */;
/*!50001 CREATE ALGORITHM=UNDEFINED */
/*!50013 DEFINER=`root`@`localhost` SQL SECURITY DEFINER */
/*!50001 VIEW `v_study_plan_full` AS select `sp`.`id` AS `plan_id`,`sp`.`academic_year` AS `academic_year`,`sp`.`year_no` AS `year_no`,`sp`.`status` AS `status`,`c`.`id` AS `course_id`,`c`.`name_th` AS `course_name`,`m`.`id` AS `major_id`,`m`.`name_th` AS `major_name`,`se`.`id` AS `semester_id`,`se`.`term_no` AS `term_no`,`se`.`title` AS `semester_title`,`ss`.`id` AS `sem_subject_id`,`ss`.`category` AS `category`,coalesce(`ss`.`credits`,`su`.`default_credits`) AS `credits`,coalesce(`ss`.`hour_structure`,`su`.`default_hour_structure`) AS `hour_structure`,`su`.`code` AS `subject_code`,`su`.`name_th` AS `subject_name`,`su`.`name_en` AS `subject_name_en`,`ss`.`sort_order` AS `sort_order` from (((((`study_plans` `sp` join `majors` `m` on(`m`.`id` = `sp`.`major_id`)) join `courses` `c` on(`c`.`id` = `m`.`course_id`)) join `semesters` `se` on(`se`.`study_plan_id` = `sp`.`id`)) join `semester_subjects` `ss` on(`ss`.`semester_id` = `se`.`id`)) join `subjects` `su` on(`su`.`id` = `ss`.`subject_id`)) order by `sp`.`academic_year`,`sp`.`year_no`,`se`.`term_no`,`ss`.`sort_order` */;
/*!50001 SET character_set_client      = @saved_cs_client */;
/*!50001 SET character_set_results     = @saved_cs_results */;
/*!50001 SET collation_connection      = @saved_col_connection */;
/*!40103 SET TIME_ZONE=@OLD_TIME_ZONE */;

/*!40101 SET SQL_MODE=@OLD_SQL_MODE */;
/*!40014 SET FOREIGN_KEY_CHECKS=@OLD_FOREIGN_KEY_CHECKS */;
/*!40014 SET UNIQUE_CHECKS=@OLD_UNIQUE_CHECKS */;
/*!40101 SET CHARACTER_SET_CLIENT=@OLD_CHARACTER_SET_CLIENT */;
/*!40101 SET CHARACTER_SET_RESULTS=@OLD_CHARACTER_SET_RESULTS */;
/*!40101 SET COLLATION_CONNECTION=@OLD_COLLATION_CONNECTION */;
/*!40111 SET SQL_NOTES=@OLD_SQL_NOTES */;

-- Dump completed on 2026-03-25 22:08:06
